strain	cluster	depth	ORF8_misStops	ORF8_deletions	ORF8_koType
Australia/VIC1797/2020	1	2	28067-28069:GAA>TAA	None	earlyStop
USA/WA-UW-1948/2020	2	4	27914-27916:GGA>TGA	None	earlyStop
Kenya/S109/2020	2	4	27914-27916:GGA>TGA	None	earlyStop
Uganda/UG047/2020	2	4	27914-27916:GGA>TGA	None	earlyStop
USA/WA-UW-7158/2020	2	4	27914-27916:GGA>TGA	None	earlyStop
USA/WA-S771/2020	2	4	27914-27916:GGA>TGA	None	earlyStop
USA/WA-UW-7671/2020	2	4	27914-27916:GGA>TGA	None	earlyStop
USA/WA-S795/2020	2	4	27914-27916:GGA>TGA	None	earlyStop
Togo/C5960/2021	3	2	27971-27973:CAA>TAA	None	earlyStop
Cambodia/139820/2020	4	2	28073-28075:TGC>TGA	None	earlyStop
USA/WA-UW-6442/2020	5	3	27944-27946:CAA>TAA	None	earlyStop
USA/WA-UW83/2020	5	3	27944-27946:CAA>TAA	None	earlyStop
USA/WA-UW-2021040102602/2021	6	2	27944-27946:CAA>TAA	None	earlyStop
USA/WA-S4185/2021	7	2	28067-28069:GAA>TAA	None	earlyStop
SierraLeone/SL34/2021	8	2	27941-27943:CAC>TAA	None	earlyStop
SaudiArabia/KFSHRC_0124J/2021	9	2	27962-27964:TCA>TAG	None	earlyStop
Albania/Cento-30536457/2020	10	2	28073-28075:TGC>TGA	None	earlyStop
CzechRepublic/NRL_10420/2020	11	4	28208-28210:GAA>TAA	None	earlyStop
Estonia/Cov7248/2020	11	4	28208-28210:GAA>TAA	None	earlyStop
Slovakia/CeMM3370/2020	12	2	27959-27961:CAG>TAG	None	earlyStop
Austria/CeMM3664/2021	13	6	28082-28084:GAG>TAG	None	earlyStop
Slovenia/17-005381-KR/2021	13	6	28082-28084:GAG>TAG	None	earlyStop
Croatia/4871/2021	13	6	28082-28084:GAG>TAG	None	earlyStop
Slovenia/17-022041-KR/2021	13	6	28082-28084:GAG>TAG	None	earlyStop
Slovenia/17-126615-CE/2021	13	6	28082-28084:GAG>TAG	None	earlyStop
Slovenia/5C-010819-KP/2021	13	6	28082-28084:GAG>TAG	None	earlyStop
USA/WA-UW-NW65213963/2021	13	6	28082-28084:GAG>TAG	None	earlyStop
Kosovo/ChVir23111/2021	13	6	28082-28084:GAG>TAG	None	earlyStop
Slovenia/264241/2020	13	6	28082-28084:GAG>TAG	None	earlyStop
Liechtenstein/UHB-4168696501/2020	13	6	28082-28084:GAG>TAG	None	earlyStop
BosniaandHerzegovina/KCUS25235/2021	13	6	28082-28084:GAG>TAG	None	earlyStop
USA/NE-COPH-001694/2021	14	3	27971-27973:CAA>TAA	None	earlyStop
USA/ND-CDC-2-4058176/2021	14	3	27971-27973:CAA>TAA	None	earlyStop
USA/WA-UW-21051328845/2021	15	2	27971-27973:CAA>TAA	None	earlyStop
USA/WA-S2970/2020	16	3	27947-27949:GAA>TAA	None	earlyStop
USA/WA-S2985/2020	16	3	27947-27949:GAA>TAA	None	earlyStop
USA/WA-S2960/2020	16	3	27947-27949:GAA>TAA	None	earlyStop
USA/WA-S2953/2020	16	3	27947-27949:GAA>TAA	None	earlyStop
USA/WA-UW-23252/2020	17	2	27914-27916:GGA>TGA	None	earlyStop
Russia/SPE-RII-47343S/2021	18	3	28031-28033:ATT>TAG	None	earlyStop
USA/PA-MGEL-00552/2020	19	2	28067-28069:GAA>TAA	None	earlyStop
Luxembourg/LNS1689160/2020	20	4	27944-27946:CAA>TAA	None	earlyStop
Luxembourg/LNS2971553/2020	20	4	27944-27946:CAA>TAA	None	earlyStop
Luxembourg/LNS8330596/2020	20	4	27944-27946:CAA>TAA	None	earlyStop
cat/Latvia/411/2020	21	3	28082-28084:GAG>TAG	None	earlyStop
Latvia/134/2020	21	3	28082-28084:GAG>TAG	None	earlyStop
Mongolia/UB-7946/2020	22	2	28220-28222:GAG>TAG	None	earlyStop
USA/WA-CDC-UW21051125587/2021	23	5	27971-27973:CAA>TAA	None	earlyStop
USA/WA-UW-2021040106164/2021	23	5	27971-27973:CAA>TAA	None	earlyStop
USA/WA-CDC-LC0056053/2021	23	5	27971-27973:CAA>TAA	None	earlyStop
Japan/PG-142705/2021	23	5	27971-27973:CAA>TAA	None	earlyStop
Azerbaijan/un-ChVir24287_77/2020	23	5	27971-27973:CAA>TAA	None	earlyStop
Ireland/D-NVRL-21IRL95348/2021	24	12	27944-27946:CAA>TAG	None	earlyStop
Ireland/D-NVRL-M35IRL57295/2021	24	12	27944-27946:CAA>TAG	None	earlyStop
Mauritius/102294/2021	24	12	27944-27946:CAA>TAG	None	earlyStop
Mauritius/162319/2021	24	12	27944-27946:CAA>TAG	None	earlyStop
Mauritius/200648/2021	24	12	27944-27946:CAA>TAG	None	earlyStop
Mauritius/319801/2021	24	12	27944-27946:CAA>TAG	None	earlyStop
Mauritius/N17899/2021	24	12	27944-27946:CAA>TAG	None	earlyStop
Denmark/DCGC-243522/2021	24	12	27944-27946:CAA>TAG	None	earlyStop
USA/PA-VSP6278/2021	24	12	27944-27946:CAA>TAG	None	earlyStop
Mauritius/275611/2021	24	12	27944-27946:CAA>TAG	None	earlyStop
CzechRepublic/NRL_16692/2021	24	12	27944-27946:CAA>TAG	None	earlyStop
NorthernIreland/PHEC-M305M132/2021	24	12	27944-27946:CAA>TAG	None	earlyStop
USA/DC-CDC-LC0043132/2021	24	12	27944-27946:CAA>TAG	None	earlyStop
Nigeria/NCDC-NR160/2021	24	12	27944-27946:CAA>TAG	None	earlyStop
Denmark/DCGC-150342/2021	24	12	27944-27946:CAA>TAG	None	earlyStop
Gabon/6902L/2021	24	12	27944-27946:CAA>TAG	None	earlyStop
Coted-Ivoire/COV-BKE3485-bc70/2021	24	12	27944-27946:CAA>TAG	None	earlyStop
Uganda/UG373/2021	24	12	27944-27946:CAA>TAG	None	earlyStop
Togo/NMIMR-21-TGS-084/2021	24	12	27944-27946:CAA>TAG	None	earlyStop
Mauritania/CT740/2021	24	12	27944-27946:CAA>TAG	None	earlyStop
Benin/249948/2021	24	12	27944-27946:CAA>TAG	None	earlyStop
Ghana/WACCBIP-GS1000/2021	24	12	27944-27946:CAA>TAG	None	earlyStop
Israel/CVL-15319/2021	24	12	27944-27946:CAA>TAG	None	earlyStop
USA/CA-CDC-QDX26215617/2021	24	12	27944-27946:CAA>TAG	None	earlyStop
Coted-Ivoire/IPCI-cv384/2021	24	12	27944-27946:CAA>TAG	None	earlyStop
Gambia/37853/2021	24	12	27944-27946:CAA>TAG	None	earlyStop
USA/WA-CDC-UW21070742167/2021	24	12	27944-27946:CAA>TAG	None	earlyStop
USA/WA-UW-67817/2021	24	12	27944-27946:CAA>TAG	None	earlyStop
Gabon/CERMEL-DD0334/2021	24	12	27944-27946:CAA>TAG	None	earlyStop
Gabon/CC0966/2021	24	12	27944-27946:CAA>TAG	None	earlyStop
USA/WA-Altius-ALTCOV-HL3XBEOQ4YUZGRU3/2021	24	12	27944-27946:CAA>TAG	None	earlyStop
USA/WA-Altius-ALTCOV-5HGF6SEZ6ZHX7CGC/2021	24	12	27944-27946:CAA>TAG	None	earlyStop
Ghana/WACCBIP-GS906/2021	24	12	27944-27946:CAA>TAG	None	earlyStop
Ghana/WACCBIP-GS1956/2021	24	12	27944-27946:CAA>TAG	None	earlyStop
Ghana/WACCBIP-GS1167/2021	24	12	27944-27946:CAA>TAG	None	earlyStop
BosniaandHerzegovina/KCUS69944/2021	24	12	27944-27946:CAA>TAG	None	earlyStop
Bangladesh/BSMMU_LB_345/2021	24	12	27944-27946:CAA>TAG	None	earlyStop
USA/WA-CDC-FG-038505/2021	24	12	27944-27946:CAA>TAG	None	earlyStop
Guinea/Conakry_IPG18538/2021	24	12	27944-27946:CAA>TAG	None	earlyStop
Guinea/CERFIG-24667/2021	24	12	27944-27946:CAA>TAG	None	earlyStop
Benin/428547/2021	24	12	27944-27946:CAA>TAG	None	earlyStop
Senegal/11046385/2021	24	12	27944-27946:CAA>TAG	None	earlyStop
Gabon/EE0536/2021	24	12	27944-27946:CAA>TAG	None	earlyStop
USA/WA-PHL-000952/2021	24	12	27944-27946:CAA>TAG	None	earlyStop
USA/WA-PHL-000737/2021	24	12	27944-27946:CAA>TAG	None	earlyStop
USA/WA-CDC-LC0059512/2021	24	12	27944-27946:CAA>TAG	None	earlyStop
USA/WA-UW-21042648183/2021	24	12	27944-27946:CAA>TAG	None	earlyStop
USA/WA-CDC-UW21050653014/2021	24	12	27944-27946:CAA>TAG	None	earlyStop
USA/WA-UW-67482/2021	24	12	27944-27946:CAA>TAG	None	earlyStop
USA/NV-CDC-QDX23803868/2021	24	12	27944-27946:CAA>TAG	None	earlyStop
USA/WA-UW-21051067871/2021	24	12	27944-27946:CAA>TAG	None	earlyStop
USA/WA-CDC-UW21051757777/2021	24	12	27944-27946:CAA>TAG	None	earlyStop
USA/WA-CDC-UW21051748121/2021	24	12	27944-27946:CAA>TAG	None	earlyStop
USA/WI-WSLH-215108/2021	24	12	27944-27946:CAA>TAG	None	earlyStop
USA/WA-CDC-QDX25952423/2021	24	12	27944-27946:CAA>TAG	None	earlyStop
USA/WA-UW-21053093769/2021	24	12	27944-27946:CAA>TAG	None	earlyStop
USA/WA-CDC-UW21060263476/2021	24	12	27944-27946:CAA>TAG	None	earlyStop
USA/WA-CDC-UW21071520262/2021	24	12	27944-27946:CAA>TAG	None	earlyStop
USA/WA-CDC-UW21071549957/2021	24	12	27944-27946:CAA>TAG	None	earlyStop
USA/WA-UW-21071414537/2021	24	12	27944-27946:CAA>TAG	None	earlyStop
USA/WA-UW-21080247523/2021	24	12	27944-27946:CAA>TAG	None	earlyStop
USA/MT-CDC-ASC210072818/2021	24	12	27944-27946:CAA>TAG	None	earlyStop
USA/WA-CDC-UW21052106259/2021	24	12	27944-27946:CAA>TAG	None	earlyStop
USA/WA-CDC-UW21060300316/2021	24	12	27944-27946:CAA>TAG	None	earlyStop
USA/WA-CDC-UW21061044156/2021	24	12	27944-27946:CAA>TAG	None	earlyStop
USA/WA-CDC-LC0068351/2021	24	12	27944-27946:CAA>TAG	None	earlyStop
USA/WA-CDC-UW21053191174/2021	24	12	27944-27946:CAA>TAG	None	earlyStop
USA/WA-CDC-UW21052693797/2021	24	12	27944-27946:CAA>TAG	None	earlyStop
Togo/NMIMR-21-TGS-140/2021	24	12	27944-27946:CAA>TAG	None	earlyStop
USA/WA-UW-69217/2021	24	12	27944-27946:CAA>TAG	None	earlyStop
USA/WA-UW-68823/2021	24	12	27944-27946:CAA>TAG	None	earlyStop
Beijing/BJCDC-066/2021	24	12	27944-27946:CAA>TAG	None	earlyStop
Greece/16374/2021	24	12	27944-27946:CAA>TAG	None	earlyStop
Greece/197440/2021	24	12	27944-27946:CAA>TAG	None	earlyStop
Liechtenstein/FL-UHB-4202201501/2021	24	12	27944-27946:CAA>TAG	None	earlyStop
Switzerland/BS-UHB-42982883/2021	24	12	27944-27946:CAA>TAG	None	earlyStop
Greece/29181/2021	24	12	27944-27946:CAA>TAG	None	earlyStop
Sweden/SE00600658/2021	24	12	27944-27946:CAA>TAG	None	earlyStop
Austria/CeMM15240/2021	24	12	27944-27946:CAA>TAG	None	earlyStop
USA/TX-CDC-FG-034182/2021	24	12	27944-27946:CAA>TAG	None	earlyStop
USA/WA-CDC-FG-034334/2021	24	12	27944-27946:CAA>TAG	None	earlyStop
USA/AZ-TG920625/2021	24	12	27944-27946:CAA>TAG	None	earlyStop
USA/WA-UW-2021041327279/2021	24	12	27944-27946:CAA>TAG	None	earlyStop
USA/WA-UW-68598/2021	24	12	27944-27946:CAA>TAG	None	earlyStop
USA/WA-UW-2021033101371/2021	24	12	27944-27946:CAA>TAG	None	earlyStop
USA/WA-UW-2021040548300/2021	24	12	27944-27946:CAA>TAG	None	earlyStop
USA/WA-UW-21042000793/2021	24	12	27944-27946:CAA>TAG	None	earlyStop
USA/WA-CDC-LC0091091/2021	24	12	27944-27946:CAA>TAG	None	earlyStop
USA/WA-CDC-LC0072921/2021	24	12	27944-27946:CAA>TAG	None	earlyStop
USA/MI-MDHHS-SC21181/2020	25	2	28208-28210:GAA>TAA	None	earlyStop
USA/LA-CDC-ASC210025260/2021	26	2	28082-28084:GAG>TAG	None	earlyStop
Madagascar/IPM-08013/2020	27	2	28220-28222:GAG>TAG	None	earlyStop
USA/WA-UW-47334/2020	28	2	27971-27973:CAA>TAA	None	earlyStop
mink/Poland/41200-7/2022	29	2	28016-28018:TAT>TAG	None	earlyStop
Algeria/9825/2021	30	2	28067-28069:GAA>TAA	None	earlyStop
Ireland/RN-NVRL-gM31IRL53091/2021	31	2	28208-28210:GAA>TAA	None	earlyStop
Mauritius/N4625/2021	32	2	27947-27949:GAA>TAG	None	earlyStop
England/PHEC-3M0BFM50/2021	33	2	28208-28210:GAA>TAA	None	earlyStop
Mauritius/NICD-N21940/2021	34	2	28208-28210:GAA>TAA	None	earlyStop
Switzerland/AG-UZH-IMV-3ba545b2/2021	34	2	28208-28210:GAA>TAA	None	earlyStop
USA/NV-NSPHL-365841/2021	35	2	27941-27943:CAC>TAG	None	earlyStop
USA/WA-UW-21073116870/2021	36	2	28208-28210:GAA>TAA	None	earlyStop
USA/MT-CDC-2-4513269/2021	37	2	27899-27901:TTT>TAG	None	earlyStop
USA/WA-CDC-UW21052475223/2021	38	3	28208-28210:GAA>TAA	None	earlyStop
Slovakia/UVZ_PL27_A5_14389/2021	39	2	28208-28210:GAA>TAA	None	earlyStop
USA/CA-LACPHL-AF01282/2020	40	3	27971-27973:CAA>TAA	None	earlyStop
Peru/LIM-UPCH-0143/2020	40	3	27971-27973:CAA>TAA	None	earlyStop
Mozambique/MZ-L-IBV-97035941/2021	41	3	27944-27946:CAA>TAA	None	earlyStop
Mozambique/MZ-L-IBV-97035996/2021	41	3	27944-27946:CAA>TAA	None	earlyStop
USA/WA-UW-68590/2021	42	2	27971-27973:CAA>TAA	None	earlyStop
USA/NY-NYULH1556/2020	43	2	28082-28084:GAG>TAG	None	earlyStop
Argentina/PAIS-G0636/2021	44	2	28208-28210:GAA>TAA	None	earlyStop
USA/WA-S2765/2020	45	4	27947-27949:GAA>TAA	None	earlyStop
USA/WA-S2788/2020	45	4	27947-27949:GAA>TAA	None	earlyStop
USA/WA-S2771/2020	45	4	27947-27949:GAA>TAA	None	earlyStop
USA/WA-UW-61864/2021	46	2	28067-28069:GAA>TAA	None	earlyStop
USA/GA-EHC-263E/2020	47	2	28082-28084:GAG>TAG	None	earlyStop
USA/WA-PHL-000370/2021	48	3	27971-27973:CAA>TAA	None	earlyStop
USA/WA-UW-69204/2021	48	3	27971-27973:CAA>TAA	None	earlyStop
USA/WA-S2101/2020	49	7	27971-27973:CAA>TAA	None	earlyStop
USA/WA-S2092/2020	49	7	27971-27973:CAA>TAA	None	earlyStop
USA/WA-S2107/2020	49	7	27971-27973:CAA>TAA	None	earlyStop
USA/WA-S2438/2020	49	7	27971-27973:CAA>TAA	None	earlyStop
USA/WA-S2324/2020	49	7	27971-27973:CAA>TAA	None	earlyStop
USA/WA-S2361/2020	49	7	27971-27973:CAA>TAA	None	earlyStop
USA/WA-S2308/2020	49	7	27971-27973:CAA>TAA	None	earlyStop
USA/WA-S2628/2020	49	7	27971-27973:CAA>TAA	None	earlyStop
USA/WA-S1978/2020	49	7	27971-27973:CAA>TAA	None	earlyStop
USA/WA-S2374/2020	49	7	27971-27973:CAA>TAA	None	earlyStop
USA/WA-S2326/2020	49	7	27971-27973:CAA>TAA	None	earlyStop
USA/WA-S2485/2020	49	7	27971-27973:CAA>TAA	None	earlyStop
USA/WA-S1744/2020	49	7	27971-27973:CAA>TAA	None	earlyStop
USA/WA-S2314/2020	49	7	27971-27973:CAA>TAA	None	earlyStop
USA/WA-S2053/2020	49	7	27971-27973:CAA>TAA	None	earlyStop
USA/WA-S2582/2020	49	7	27971-27973:CAA>TAA	None	earlyStop
USA/WA-S2581/2020	49	7	27971-27973:CAA>TAA	None	earlyStop
USA/WA-S2997/2020	49	7	27971-27973:CAA>TAA	None	earlyStop
USA/WA-S2995/2020	49	7	27971-27973:CAA>TAA	None	earlyStop
USA/WA-S2707/2020	49	7	27971-27973:CAA>TAA	None	earlyStop
USA/WA-S2735/2020	49	7	27971-27973:CAA>TAA	None	earlyStop
USA/WA-UW-32120/2020	49	7	27971-27973:CAA>TAA	None	earlyStop
USA/WA-S5228/2020	49	7	27971-27973:CAA>TAA	None	earlyStop
USA/WA-S2828/2020	49	7	27971-27973:CAA>TAA	None	earlyStop
USA/WA-S2895/2020	49	7	27971-27973:CAA>TAA	None	earlyStop
USA/WA-S3160/2020	49	7	27971-27973:CAA>TAA	None	earlyStop
USA/WA-S2830/2020	49	7	27971-27973:CAA>TAA	None	earlyStop
USA/WA-S2835/2020	49	7	27971-27973:CAA>TAA	None	earlyStop
USA/WA-UW-27035/2020	49	7	27971-27973:CAA>TAA	None	earlyStop
USA/WA-UW-19534/2020	50	3	28082-28084:GAG>TAG	None	earlyStop
USA/WA-UW-19433TM/2020	50	3	28082-28084:GAG>TAG	None	earlyStop
USA/WA-S2810/2020	51	5	27944-27946:CAA>TAA	None	earlyStop
USA/WA-S2996/2020	51	5	27944-27946:CAA>TAA	None	earlyStop
USA/WA-S5308/2020	51	5	27944-27946:CAA>TAA	None	earlyStop
USA/WA-S5320/2020	51	5	27944-27946:CAA>TAA	None	earlyStop
USA/WA-S2662/2020	51	5	27944-27946:CAA>TAA	None	earlyStop
USA/WA-S2333/2020	51	5	27944-27946:CAA>TAA	None	earlyStop
USA/WA-S2078/2020	51	5	27944-27946:CAA>TAA	None	earlyStop
USA/WA-S2093/2020	51	5	27944-27946:CAA>TAA	None	earlyStop
USA/WA-S2517/2020	52	3	28067-28069:GAA>TAA	None	earlyStop
USA/WA-S2516/2020	52	3	28067-28069:GAA>TAA	None	earlyStop
USA/WA-UW-19536/2020	53	2	27944-27946:CAA>TAA	None	earlyStop
USA/WA-UW-12163/2020	54	2	28088-28090:GGT>TAA	None	earlyStop
USA/WA-UW-21757/2020	55	3	28070-28072:TTG>TAG	None	earlyStop
USA/WA-UW-21759/2020	55	3	28070-28072:TTG>TAG	None	earlyStop
USA/WA-S2940/2020	56	2	27944-27946:CAA>TAA	None	earlyStop
Belgium/AZDelta-08907-2130R/2021	57	5	27914-27916:GGA>TGA	None	earlyStop
Spain/NC-CHN-01005032/2021	57	5	27914-27916:GGA>TGA	None	earlyStop
Brazil/RS-HIAE-ID2524/2021	57	5	27914-27916:GGA>TGA	None	earlyStop
USA/WA-Altius-ALTCOV-DKGZKT7DVTPBG7CJ/2021	58	2	27944-27946:CAA>TAA	None	earlyStop
Luxembourg/LNS9747065/2021	59	2	27947-27949:GAA>TAA	None	earlyStop
USA/WA-CDC-UW21051727807/2021	60	2	27971-27973:CAA>TAA	None	earlyStop
USA/WA-UW-21042852556/2021	61	2	27947-27949:GAA>TAA	None	earlyStop
USA/WA-UW-21042802046/2021	62	4	27971-27973:CAA>TAA	None	earlyStop
USA/WA-UW-21042890084/2021	62	4	27971-27973:CAA>TAA	None	earlyStop
USA/WA-UW-21050436173/2021	62	4	27971-27973:CAA>TAA	None	earlyStop
USA/WA-CDC-UW21052034080/2021	62	4	27971-27973:CAA>TAA	None	earlyStop
USA/WA-UW-21050491428/2021	62	4	27971-27973:CAA>TAA	None	earlyStop
USA/CO-CDPHE-2102071289/2021	63	2	27944-27946:CAA>TAA	None	earlyStop
USA/WA-CDC-UW21072913161/2021	64	3	27944-27946:CAA>TAA	None	earlyStop
USA/WA-PHL-001331/2021	64	3	27944-27946:CAA>TAA	None	earlyStop
USA/NC-CORVASEQ-CLT-000721/2021	65	2	27971-27973:CAA>TAA	None	earlyStop
USA/WA-UW-21051134026/2021	66	5	27971-27973:CAA>TAA	None	earlyStop
USA/WA-UW-2021040738159/2021	66	5	27971-27973:CAA>TAA	None	earlyStop
USA/WA-UW-2021040715361/2021	66	5	27971-27973:CAA>TAA	None	earlyStop
USA/WA-UW-21042257477/2021	66	5	27971-27973:CAA>TAA	None	earlyStop
USA/WA-UW-21042906251/2021	67	2	27971-27973:CAA>TAA	None	earlyStop
USA/WA-UW-21051400885/2021	68	3	27971-27973:CAA>TAA	None	earlyStop
USA/WA-CDC-UW21051248061/2021	68	3	27971-27973:CAA>TAA	None	earlyStop
USA/WA-UW-21042814058/2021	69	6	27971-27973:CAA>TAA	None	earlyStop
USA/WA-UW-21042835267/2021	69	6	27971-27973:CAA>TAA	None	earlyStop
USA/WA-UW-21042875134/2021	69	6	27971-27973:CAA>TAA	None	earlyStop
USA/WA-CDC-UW21051741514/2021	69	6	27971-27973:CAA>TAA	None	earlyStop
USA/WA-UW-21042909248/2021	69	6	27971-27973:CAA>TAA	None	earlyStop
USA/WA-CDC-UW21050399975/2021	69	6	27971-27973:CAA>TAA	None	earlyStop
USA/WA-UW-21042027809/2021	70	2	27971-27973:CAA>TAA	None	earlyStop
USA/WA-UW-21042085540/2021	71	3	28025-28027:TGG>TAG	None	earlyStop
USA/WA-CDC-UW21050327948/2021	72	9	27971-27973:CAA>TAA	None	earlyStop
USA/WA-UW-2021040832873/2021	72	9	27971-27973:CAA>TAA	None	earlyStop
USA/WA-CDC-UW21051795568/2021	72	9	27971-27973:CAA>TAA	None	earlyStop
USA/WA-CDC-UW21051732017/2021	72	9	27971-27973:CAA>TAA	None	earlyStop
USA/WA-CDC-UW21052066504/2021	72	9	27971-27973:CAA>TAA	None	earlyStop
USA/WA-UW-21051491609/2021	72	9	27971-27973:CAA>TAA	None	earlyStop
USA/WA-UW-21051438115/2021	72	9	27971-27973:CAA>TAA	None	earlyStop
USA/WA-UW-21042122489/2021	72	9	27971-27973:CAA>TAA	None	earlyStop
USA/WA-CDC-UW21051790224/2021	72	9	27971-27973:CAA>TAA	None	earlyStop
USA/WA-UW-21042898383/2021	72	9	27971-27973:CAA>TAA	None	earlyStop
USA/WA-UW-21042824924/2021	72	9	27971-27973:CAA>TAA	None	earlyStop
Israel/ICH-741207268/2022	73	4	27944-27946:CAA>TAA	None	earlyStop
Finland/THL-202209571/2022	73	4	27944-27946:CAA>TAA	None	earlyStop
Finland/THL-202205565/2022	73	4	27944-27946:CAA>TAA	None	earlyStop
Finland/THL-202208935/2022	73	4	27944-27946:CAA>TAA	None	earlyStop
Finland/THL-202215664/2022	73	4	27944-27946:CAA>TAA	None	earlyStop
Finland/SYN-6809/2022	73	4	27944-27946:CAA>TAA	None	earlyStop
Finland/THL-202212751/2022	73	4	27944-27946:CAA>TAA	None	earlyStop
Sweden/2A65838330099/2022	73	4	27944-27946:CAA>TAA	None	earlyStop
USA/IN-CDC-STM-8EPE43XNW/2022	74	7	27944-27946:CAA>TAA	None	earlyStop
USA/IN-CDC-LC0811496/2022	74	7	27944-27946:CAA>TAA	None	earlyStop
USA/IN-CDC-STM-7266TS8KD/2022	74	7	27944-27946:CAA>TAA	None	earlyStop
USA/IN-CDC-LC0817329/2022	74	7	27944-27946:CAA>TAA	None	earlyStop
USA/CT-YPL22-40361/2022	74	7	27944-27946:CAA>TAA	None	earlyStop
USA/IL-CDC-QDX38724160/2022	74	7	27944-27946:CAA>TAA	None	earlyStop
USA/CO-CDPHE-2103490498/2022	74	7	27944-27946:CAA>TAA	None	earlyStop
USA/IL-CDC-QDX41030606/2022	74	7	27944-27946:CAA>TAA	None	earlyStop
USA/AR-CDC-LC0812384/2022	74	7	27944-27946:CAA>TAA	None	earlyStop
USA/CA-SEARCH-99383/2022	74	7	27944-27946:CAA>TAA	None	earlyStop
USA/TX-CDC-LC0846793/2022	74	7	27944-27946:CAA>TAA	None	earlyStop
USA/NY-PRL-220826_00I21/2022	74	7	27944-27946:CAA>TAA	None	earlyStop
Mexico/MIC_InDRE_FB19332_E16318434535_S14362/2022	74	7	27944-27946:CAA>TAA	None	earlyStop
USA/CA-CDPH-FS27889286/2022	74	7	27944-27946:CAA>TAA	None	earlyStop
Chile/LR-106291/2022	74	7	27944-27946:CAA>TAA	None	earlyStop
Peru/ANC-INS-25766/2022	74	7	27944-27946:CAA>TAA	None	earlyStop
USA/CA-CDPH-500075663/2022	74	7	27944-27946:CAA>TAA	None	earlyStop
USA/CT-CDC-LC0711756/2022	74	7	27944-27946:CAA>TAA	None	earlyStop
USA/MD-CDC-QDX39705463/2022	74	7	27944-27946:CAA>TAA	None	earlyStop
USA/NV-CDC-LC0777125/2022	74	7	27944-27946:CAA>TAA	None	earlyStop
USA/NM-CDC-QDX37978399/2022	74	7	27944-27946:CAA>TAA	None	earlyStop
USA/MD-CDC-QDX39121330/2022	74	7	27944-27946:CAA>TAA	None	earlyStop
PuertoRico/PR-CDC-2-6133790/2022	74	7	27944-27946:CAA>TAA	None	earlyStop
USA/MI-CDC-QDX39613058/2022	74	7	27944-27946:CAA>TAA	None	earlyStop
USA/WA-CDC-UW22071039396/2022	74	7	27944-27946:CAA>TAA	None	earlyStop
USA/WA-CDC-LC0866389/2022	74	7	27944-27946:CAA>TAA	None	earlyStop
USA/TX-CDC-LC0859699/2022	74	7	27944-27946:CAA>TAA	None	earlyStop
Mexico/JAL_IBT_IMSS_9592/2022	74	7	27944-27946:CAA>TAA	None	earlyStop
USA/CA-CDC-LC0807408/2022	74	7	27944-27946:CAA>TAA	None	earlyStop
USA/NM-CDC-LC0751576/2022	74	7	27944-27946:CAA>TAA	None	earlyStop
USA/TX-HHD-2207131205/2022	74	7	27944-27946:CAA>TAA	None	earlyStop
USA/AL-CDC-STM-4B8Q9BP5D/2022	74	7	27944-27946:CAA>TAA	None	earlyStop
USA/WA-CDC-UW22090679915/2022	74	7	27944-27946:CAA>TAA	None	earlyStop
USA/OH-CDC-QDX39217265/2022	74	7	27944-27946:CAA>TAA	None	earlyStop
Mexico/GUA_IBT_IMSS_031312CIBO-NC/2022	74	7	27944-27946:CAA>TAA	None	earlyStop
USA/WA-UW-22072614723/2022	74	7	27944-27946:CAA>TAA	None	earlyStop
USA/AZ-CDC-STM-CYR528MBE/2022	74	7	27944-27946:CAA>TAA	None	earlyStop
USA/NY-CUIMC-NP-40525771/2022	74	7	27944-27946:CAA>TAA	None	earlyStop
USA/TX-CDC-QDX41075474/2022	74	7	27944-27946:CAA>TAA	None	earlyStop
USA/MN-MDH-27445/2022	74	7	27944-27946:CAA>TAA	None	earlyStop
USA/GA-CDC-STM-9BY949S7U/2022	74	7	27944-27946:CAA>TAA	None	earlyStop
USA/NC-CDC-LC0771689/2022	74	7	27944-27946:CAA>TAA	None	earlyStop
USA/IL-CDC-LC0800311/2022	74	7	27944-27946:CAA>TAA	None	earlyStop
USA/WA-CDC-LC0815562/2022	74	7	27944-27946:CAA>TAA	None	earlyStop
USA/LA-BIE-LSUH003571/2022	74	7	27944-27946:CAA>TAA	None	earlyStop
USA/WA-UW-22081154426/2022	74	7	27944-27946:CAA>TAA	None	earlyStop
USA/WA-CDC-LC0840437/2022	74	7	27944-27946:CAA>TAA	None	earlyStop
USA/WA-CDC-UW22082953137/2022	74	7	27944-27946:CAA>TAA	None	earlyStop
USA/LA-CDC-STM-3UPMJ5EVF/2022	74	7	27944-27946:CAA>TAA	None	earlyStop
USA/LA-CDC-STM-3XRVPQYAV/2022	74	7	27944-27946:CAA>TAA	None	earlyStop
USA/UT-UPHL-221206537985/2022	74	7	27944-27946:CAA>TAA	None	earlyStop
USA/UT-UPHL-220930767257/2022	74	7	27944-27946:CAA>TAA	None	earlyStop
Mexico/NLE_IBT_IMSS_7644/2022	74	7	27944-27946:CAA>TAA	None	earlyStop
USA/DE-ASC-210777569/2022	74	7	27944-27946:CAA>TAA	None	earlyStop
TrinidadandTobago/160771/2022	74	7	27944-27946:CAA>TAA	None	earlyStop
USA/TX-HMH-M-115554/2022	74	7	27944-27946:CAA>TAA	None	earlyStop
USA/CA-FG-293121/2022	74	7	27944-27946:CAA>TAA	None	earlyStop
USA/IL-CDC-QDX40817359/2022	74	7	27944-27946:CAA>TAA	None	earlyStop
USA/CA-HLX-STM-9SXNZEU3C/2022	74	7	27944-27946:CAA>TAA	None	earlyStop
USA/VT-024869/2022	74	7	27944-27946:CAA>TAA	None	earlyStop
USA/VT-BSR-024869/2022	74	7	27944-27946:CAA>TAA	None	earlyStop
Peru/CAL-INS-26473/2022	74	7	27944-27946:CAA>TAA	None	earlyStop
USA/IN-CDC-STM-7VVP3WARJ/2022	74	7	27944-27946:CAA>TAA	None	earlyStop
USA/IN-CDC-STM-PGPXHZWNT/2022	74	7	27944-27946:CAA>TAA	None	earlyStop
USA/PA-CDC-QDX39612051/2022	74	7	27944-27946:CAA>TAA	None	earlyStop
USA/PA-CDC-STM-YA6FFA2AY/2022	74	7	27944-27946:CAA>TAA	None	earlyStop
USA/PA-CDC-STM-MN99PGC45/2022	74	7	27944-27946:CAA>TAA	None	earlyStop
USA/TX-CDC-LC0812293/2022	74	7	27944-27946:CAA>TAA	None	earlyStop
USA/GA-CDC-STM-V9SJXC8CU/2022	74	7	27944-27946:CAA>TAA	None	earlyStop
USA/UT-UPHL-221031634555/2022	74	7	27944-27946:CAA>TAA	None	earlyStop
USA/UT-UPHL-221103194529/2022	74	7	27944-27946:CAA>TAA	None	earlyStop
USA/NM-TG1412287/2022	74	7	27944-27946:CAA>TAA	None	earlyStop
USA/TX-CDC-LC0838633/2022	74	7	27944-27946:CAA>TAA	None	earlyStop
USA/OR-OHSU-223350398/2022	74	7	27944-27946:CAA>TAA	None	earlyStop
USA/NM-UNM-TRL_0822_037/2022	74	7	27944-27946:CAA>TAA	None	earlyStop
USA/CT-CDC-LC0879800/2022	74	7	27944-27946:CAA>TAA	None	earlyStop
USA/NC-CDC-QDX41999629/2022	74	7	27944-27946:CAA>TAA	None	earlyStop
USA/NC-CDC-QDX42511950/2022	74	7	27944-27946:CAA>TAA	None	earlyStop
USA/SC-CDC-QDX41753475/2022	74	7	27944-27946:CAA>TAA	None	earlyStop
USA/SC-REDDI-013C8AEA3PP/2022	74	7	27944-27946:CAA>TAA	None	earlyStop
Colombia/DC-INS-SP-7140034/2022	74	7	27944-27946:CAA>TAA	None	earlyStop
Chile/RM-89999/2022	74	7	27944-27946:CAA>TAA	None	earlyStop
USA/NJ-CDC-LC0850439/2022	74	7	27944-27946:CAA>TAA	None	earlyStop
CostaRica/INC-6999-767840/2022	74	7	27944-27946:CAA>TAA	None	earlyStop
USA/FL-CDC-QDX38832436/2022	74	7	27944-27946:CAA>TAA	None	earlyStop
USA/PA-CDC-QDX40660082/2022	74	7	27944-27946:CAA>TAA	None	earlyStop
USA/IL-CDC-STM-9T8P4JYCF/2022	74	7	27944-27946:CAA>TAA	None	earlyStop
USA/VA-VTVAS3-GSC37986/2022	74	7	27944-27946:CAA>TAA	None	earlyStop
USA/KY-22869_220816S/2022	74	7	27944-27946:CAA>TAA	None	earlyStop
USA/VA-VTVAS3-GSC37878/2022	74	7	27944-27946:CAA>TAA	None	earlyStop
USA/WA-CDC-UW22091960003/2022	74	7	27944-27946:CAA>TAA	None	earlyStop
USA/SD-SDPHL-1931/2022	74	7	27944-27946:CAA>TAA	None	earlyStop
USA/HI-H2216835/2022	74	7	27944-27946:CAA>TAA	None	earlyStop
USA/CA-CDC-QDX40703624/2022	74	7	27944-27946:CAA>TAA	None	earlyStop
USA/WA-UW-22082349524/2022	74	7	27944-27946:CAA>TAA	None	earlyStop
USA/WA-UW-22082352211/2022	74	7	27944-27946:CAA>TAA	None	earlyStop
USA/OR-OSPHL07128/2022	74	7	27944-27946:CAA>TAA	None	earlyStop
USA/OR-OSPHL07019/2022	74	7	27944-27946:CAA>TAA	None	earlyStop
USA/OR-OSPHL07232/2022	74	7	27944-27946:CAA>TAA	None	earlyStop
USA/MN-CDC-QDX41030914/2022	74	7	27944-27946:CAA>TAA	None	earlyStop
USA/CA-CDC-QDX41380117/2022	74	7	27944-27946:CAA>TAA	None	earlyStop
USA/WA-UW-22092327030/2022	74	7	27944-27946:CAA>TAA	None	earlyStop
USA/WA-UW-22092386194/2022	74	7	27944-27946:CAA>TAA	None	earlyStop
USA/WA-UW-22092341044/2022	74	7	27944-27946:CAA>TAA	None	earlyStop
USA/NM-CDC-QDX43165151/2022	74	7	27944-27946:CAA>TAA	None	earlyStop
USA/WA-UW-22103131035/2022	74	7	27944-27946:CAA>TAA	None	earlyStop
USA/OR-UW-22092481772/2022	74	7	27944-27946:CAA>TAA	None	earlyStop
USA/NJ-CDC-LC0842331/2022	74	7	27944-27946:CAA>TAA	None	earlyStop
USA/RI-RISHL-099523/2022	74	7	27944-27946:CAA>TAA	None	earlyStop
USA/KS-CDC-LC0866090/2022	74	7	27944-27946:CAA>TAA	None	earlyStop
USA/AZ-CDC-STM-XA4H3G265/2022	74	7	27944-27946:CAA>TAA	None	earlyStop
USA/NV-CDC-LC0863887/2022	74	7	27944-27946:CAA>TAA	None	earlyStop
USA/NV-CDC-LC0851466/2022	74	7	27944-27946:CAA>TAA	None	earlyStop
USA/GA-CDC-STM-M44E6UGCQ/2022	74	7	27944-27946:CAA>TAA	None	earlyStop
USA/AZ-ASU90155/2022	74	7	27944-27946:CAA>TAA	None	earlyStop
USA/GA-CDC-QDX41029024/2022	74	7	27944-27946:CAA>TAA	None	earlyStop
USA/IL-CDC-STM-39K48N9KC/2022	74	7	27944-27946:CAA>TAA	None	earlyStop
USA/NV-CDC-QDX40272248/2022	74	7	27944-27946:CAA>TAA	None	earlyStop
USA/IL-CDC-STM-B5A7S46X9/2023	75	3	27914-27916:GGA>TGA	None	earlyStop
France/GES-IP-09368/2023	75	3	27914-27916:GGA>TGA	None	earlyStop
Bahrain/CDL-23020056219/2023	75	3	27914-27916:GGA>TGA	None	earlyStop
Brunei/MGS-7123027897/2023	76	6	27914-27916:GGA>TGA	None	earlyStop
Malaysia/IMR_LF2374/2023	76	6	27914-27916:GGA>TGA	None	earlyStop
Croatia/HZJZ_3158/2023	76	6	27914-27916:GGA>TGA	None	earlyStop
Singapore/R20MR201/2023	76	6	27914-27916:GGA>TGA	None	earlyStop
Malaysia/IMR_CV05478/2023	76	6	27914-27916:GGA>TGA	None	earlyStop
Norway/3486/2023	76	6	27914-27916:GGA>TGA	None	earlyStop
USA/IN-CDC-LC1033305/2023	76	6	27914-27916:GGA>TGA	None	earlyStop
USA/IN-ASC-210886259/2023	76	6	27914-27916:GGA>TGA	None	earlyStop
Malaysia/MKAK_CL_23_10289/2023	76	6	27914-27916:GGA>TGA	None	earlyStop
Brunei/7123013878/2023	76	6	27914-27916:GGA>TGA	None	earlyStop
SouthAfrica/NICD-R02774/2023	76	6	27914-27916:GGA>TGA	None	earlyStop
HongKong/VB23021288/2023	76	6	27914-27916:GGA>TGA	None	earlyStop
Brazil/BA-LACEN-BA3669-292954649/2023	76	6	27914-27916:GGA>TGA	None	earlyStop
Indonesia/JI-ITD-60817NT/2023	76	6	27914-27916:GGA>TGA	None	earlyStop
Beijing/BJCDC-0580/2023	76	6	27914-27916:GGA>TGA	None	earlyStop
USA/MA-CDC-LC1029715/2023	76	6	27914-27916:GGA>TGA	None	earlyStop
USA/DE-DHSS-B1276408/2023	76	6	27914-27916:GGA>TGA	None	earlyStop
USA/MN-MDH-34652/2023	76	6	27914-27916:GGA>TGA	None	earlyStop
USA/SC-CDC-QDX46178898/2023	77	3	28067-28069:GAA>TAA	None	earlyStop
USA/GA-CDC-STM-QRCXKKKJ2/2022	77	3	28067-28069:GAA>TAA	None	earlyStop
USA/MD-MDH-1200/2021	78	3	27947-27949:GAA>TAG	None	earlyStop
Colombia/SAN-INS-VG-2183/2021	78	3	27947-27949:GAA>TAG	None	earlyStop
Iraq/001/2021	79	2	28187-28189:GTA>TAG	None	earlyStop
USA/AR-ASU72914/2020	80	4	28025-28027:TGG>TAG	None	earlyStop
USA/NH-ASU76350/2020	80	4	28025-28027:TGG>TAG	None	earlyStop
USA/WA-ASU73068/2020	80	4	28025-28027:TGG>TAG	None	earlyStop
USA/WA-ASU72616/2020	80	4	28025-28027:TGG>TAG	None	earlyStop
USA/AL-ASU82201/2020	80	4	28025-28027:TGG>TAG	None	earlyStop
Fiji/FJ664/2021	81	2	28076-28078:GTG>TGA	None	earlyStop
NewZealand/21MV0113/2021	82	2	28046-28048:AGA>TGA	None	earlyStop
India/AS-180598/2021	83	2	27947-27949:GAA>TAA	None	earlyStop
USA/WA-S835/2020	84	3	27947-27949:GAA>TAA	None	earlyStop
USA/MD-HP10891-PIDRKEQRYE/2020	85	3	28031-28033:ATT>TAG	None	earlyStop
USA/WA-ISB24/2020	86	4	28067-28069:GAA>TAA	None	earlyStop
USA/IA-UIHC-MO03/2020	86	4	28067-28069:GAA>TAA	None	earlyStop
USA/IA-UIHC-MO06/2020	86	4	28067-28069:GAA>TAA	None	earlyStop
USA/IA-UIHC-MO11/2020	86	4	28067-28069:GAA>TAA	None	earlyStop
USA/WA-UW-67070/2021	87	3	27971-27973:CAA>TAA	None	earlyStop
USA/WA-ISB10/2020	88	4	27944-27946:CAA>TAA	None	earlyStop
USA/WA-ISB13/2020	88	4	27944-27946:CAA>TAA	None	earlyStop
USA/WA-ISB26/2020	88	4	27944-27946:CAA>TAA	None	earlyStop
USA/WA-ISB33/2020	88	4	27944-27946:CAA>TAA	None	earlyStop
USA/WA-UW-10883/2020	88	4	27944-27946:CAA>TAA	None	earlyStop
USA/WA-UW-10696/2020	88	4	27944-27946:CAA>TAA	None	earlyStop
USA/WA-S1711/2020	88	4	27944-27946:CAA>TAA	None	earlyStop
USA/WA-S832/2020	88	4	27944-27946:CAA>TAA	None	earlyStop
USA/WA-S829/2020	88	4	27944-27946:CAA>TAA	None	earlyStop
USA/WA-UW-24946/2020	89	2	28067-28069:GAA>TAA	None	earlyStop
USA/WA-CDC-LC0003362/2021	90	3	27959-27961:CAG>TAG	None	earlyStop
USA/KS-QDX-3381/2020	90	3	27959-27961:CAG>TAG	None	earlyStop
Australia/VIC18115/2021	91	4	27944-27946:CAA>TAA	None	earlyStop
SriLanka/Genelabs-CA35154/2020	91	4	27944-27946:CAA>TAA	None	earlyStop
SriLanka/MIN01/2020	91	4	27944-27946:CAA>TAA	None	earlyStop
SriLanka/idea_uoc_00248/2021	91	4	27944-27946:CAA>TAA	None	earlyStop
SriLanka/CMC87046/2021	91	4	27944-27946:CAA>TAA	None	earlyStop
SriLanka/CV87792/2021	91	4	27944-27946:CAA>TAA	None	earlyStop
Eswatini/N4797/2021	92	2	28163-28165:CAG>TAG	None	earlyStop
USA/WA-UW-21052829378/2021	93	2	27947-27949:GAA>TAA	None	earlyStop
USA/WA-CDC-UW21042117667/2021	94	2	27971-27973:CAA>TAA	None	earlyStop
USA/WA-UW-21051418121/2021	95	5	27971-27973:CAA>TAA	None	earlyStop
USA/WA-CDC-UW21051950189/2021	95	5	27971-27973:CAA>TAA	None	earlyStop
USA/WA-CDC-UW21060306734/2021	95	5	27971-27973:CAA>TAA	None	earlyStop
USA/NV-NSPHL-376979/2021	96	2	28208-28210:GAA>TAA	None	earlyStop
USA/WA-CDC-LC0035227/2021	97	2	28217-28219:TTA>TAG	None	earlyStop
USA/WA-CDC-LC0070074/2021	98	2	27971-27973:CAA>TAA	None	earlyStop
Belgium/rega-20342/2021	99	4	27971-27973:CAA>TAA	None	earlyStop
Rwanda/NRLNAT4327/2021	99	4	27971-27973:CAA>TAA	None	earlyStop
CentralAfricanRepublic/LNBCSP016/2022	99	4	27971-27973:CAA>TAA	None	earlyStop
CentralAfricanRepublic/LNBCSP068/2021	99	4	27971-27973:CAA>TAA	None	earlyStop
CentralAfricanRepublic/LNBCSP072/2021	99	4	27971-27973:CAA>TAA	None	earlyStop
Indonesia/JK-NIHRD-WGS13396/2021	99	4	27971-27973:CAA>TAA	None	earlyStop
CzechRepublic/FNHK-Ps-002207/2021	99	4	27971-27973:CAA>TAA	None	earlyStop
France/HDF-ERFB-2071030885/2021	99	4	27971-27973:CAA>TAA	None	earlyStop
Italy/LAZ-IFO-11133068/2021	99	4	27971-27973:CAA>TAA	None	earlyStop
Coted-Ivoire/IPCI-cv485/2021	99	4	27971-27973:CAA>TAA	None	earlyStop
USA/VA-VTVAS3-GSC31812/2022	99	4	27971-27973:CAA>TAA	None	earlyStop
USA/CA-LACPHL-AF05964/2021	99	4	27971-27973:CAA>TAA	None	earlyStop
Canada/ON-PHL-22-02914/2022	99	4	27971-27973:CAA>TAA	None	earlyStop
Switzerland/SG-CLM-12174874/2021	100	2	27971-27973:CAA>TAA	None	earlyStop
Panama/GMI-PACOVIDVIRO702/2021	101	2	28208-28210:GAA>TAA	None	earlyStop
USA/OK-CDC-LC0109614/2021	102	2	28208-28210:GAA>TAA	None	earlyStop
USA/FL-CDC-ASC210156760/2021	103	2	27944-27946:CAA>TAA	None	earlyStop
USA/WA-CDC-LC0085863/2021	104	4	28118-28120:ATC>TAA	None	earlyStop
USA/WA-CDC-LC0085876/2021	104	4	28118-28120:ATC>TAA	None	earlyStop
USA/WA-CDC-STM-000704927/2021	104	4	28118-28120:ATC>TAA	None	earlyStop
USA/WA-PHL-001046/2021	104	4	28118-28120:ATC>TAA	None	earlyStop
USA/WA-CDC-LC0083865/2021	104	4	28118-28120:ATC>TAA	None	earlyStop
USA/ME-HETL-J4287/2021	104	4	28118-28120:ATC>TAA	None	earlyStop
USA/ME-HETL-J4243/2021	104	4	28118-28120:ATC>TAA	None	earlyStop
PuertoRico/PR-Yale-6311/2021	104	4	28118-28120:ATC>TAA	None	earlyStop
USA/ME-HETL-J5675/2021	104	4	28118-28120:ATC>TAA	None	earlyStop
USA/ME-CDC-2-4653782/2021	104	4	28118-28120:ATC>TAA	None	earlyStop
USA/UT-CDC-ASC210191588/2021	104	4	28118-28120:ATC>TAA	None	earlyStop
Jamaica/JPL1516805/2021	104	4	28118-28120:ATC>TAA	None	earlyStop
Mongolia/202107006/2021	104	4	28118-28120:ATC>TAA	None	earlyStop
Mongolia/202107069/2021	104	4	28118-28120:ATC>TAA	None	earlyStop
USA/OH-CDC-ASC210201895/2021	104	4	28118-28120:ATC>TAA	None	earlyStop
Jamaica/WOR12903A891_3002835345_202103561_2-4806114/2021	104	4	28118-28120:ATC>TAA	None	earlyStop
USA/ME-HETL-J5958/2021	105	2	28187-28189:GTA>TAG	None	earlyStop
USA/WA-UW-21042440940/2021	106	2	27971-27973:CAA>TAA	None	earlyStop
USA/WA-UW-21042895905/2021	107	3	27971-27973:CAA>TAA	None	earlyStop
USA/WA-CDC-UW21042765102/2021	107	3	27971-27973:CAA>TAA	None	earlyStop
USA/IA-CDC-ASC210021316/2021	108	2	28208-28210:GAA>TAA	None	earlyStop
USA/WA-UW-21042629033/2021	109	3	28220-28222:GAG>TAG	None	earlyStop
USA/WA-CDC-UW21051133355/2021	109	3	28220-28222:GAG>TAG	None	earlyStop
USA/WA-UW-65330/2021	110	2	28208-28210:GAA>TAA	None	earlyStop
USA/WA-UW-67476/2021	111	3	27971-27973:CAA>TAA	None	earlyStop
USA/MO-USAFSAM-S1357/2021	112	2	28208-28210:GAA>TAA	None	earlyStop
USA/WA-UW-61270/2021	113	2	27971-27973:CAA>TAA	None	earlyStop
USA/WA-CDC-UW21051951366/2021	114	2	27971-27973:CAA>TAA	None	earlyStop
USA/WA-UW-11165/2020	115	4	28088-28090:GGT>TAA	None	earlyStop
USA/WA-UW-11764/2020	115	4	28088-28090:GGT>TAA	None	earlyStop
USA/WA-UW-12796/2020	115	4	28088-28090:GGT>TAA	None	earlyStop
USA/WA-UW-11556/2020	115	4	28088-28090:GGT>TAA	None	earlyStop
USA/WA-UW-11341/2020	115	4	28088-28090:GGT>TAA	None	earlyStop
USA/WA-UW-11630/2020	115	4	28088-28090:GGT>TAA	None	earlyStop
USA/WA-UW-11564/2020	115	4	28088-28090:GGT>TAA	None	earlyStop
USA/WA-UW-10766/2020	116	2	27944-27946:CAA>TAA	None	earlyStop
USA/WA-UW-7882/2020	117	2	27944-27946:CAA>TAA	None	earlyStop
USA/WA-UW-10698/2020	118	2	27944-27946:CAA>TAA	None	earlyStop
USA/FL-AFFK/2020	119	2	27944-27946:CAA>TAA	None	earlyStop
USA/ND-CDC-2-3994187/2021	120	3	27914-27916:GGA>TGA	None	earlyStop
USA/WA-S5670/2021	120	3	27914-27916:GGA>TGA	None	earlyStop
USA/SC-DHEC-0480/2022	121	2	27944-27946:CAA>TAA	None	earlyStop
USA/WA-TRACE-CHEL-011921-755/2021	122	2	27950-27952:TGT>TAG	None	earlyStop
USA/WA-PHL-000386/2021	123	8	27914-27916:GGA>TGA	None	earlyStop
USA/WA-UW-66116/2021	123	8	27914-27916:GGA>TGA	None	earlyStop
USA/WA-S7236/2021	123	8	27914-27916:GGA>TGA	None	earlyStop
USA/WA-S7096/2021	123	8	27914-27916:GGA>TGA	None	earlyStop
USA/WA-UW-65836/2021	123	8	27914-27916:GGA>TGA	None	earlyStop
USA/WA-UW-65818/2021	123	8	27914-27916:GGA>TGA	None	earlyStop
USA/WA-UW-64809/2021	123	8	27914-27916:GGA>TGA	None	earlyStop
USA/WA-UW-67173/2021	123	8	27914-27916:GGA>TGA	None	earlyStop
USA/WA-S7923/2021	123	8	27914-27916:GGA>TGA	None	earlyStop
USA/WA-UW-67405/2021	123	8	27914-27916:GGA>TGA	None	earlyStop
USA/WA-UW-66780/2021	123	8	27914-27916:GGA>TGA	None	earlyStop
USA/WA-UW-66693/2021	123	8	27914-27916:GGA>TGA	None	earlyStop
USA/WA-UW-67167/2021	123	8	27914-27916:GGA>TGA	None	earlyStop
USA/WA-PHL-000296/2021	123	8	27914-27916:GGA>TGA	None	earlyStop
USA/WA-UW-67393/2021	123	8	27914-27916:GGA>TGA	None	earlyStop
USA/WA-S7492/2021	123	8	27914-27916:GGA>TGA	None	earlyStop
USA/WA-CDC-UW21052199435/2021	123	8	27914-27916:GGA>TGA	None	earlyStop
USA/WA-UW-2021041207453/2021	123	8	27914-27916:GGA>TGA	None	earlyStop
USA/WA-Altius-ALTCOV-LJUJDURTFIITG5FQ/2021	123	8	27914-27916:GGA>TGA	None	earlyStop
USA/WA-Altius-ALTCOV-4V7SB24VFO7PTJH7/2021	123	8	27914-27916:GGA>TGA	None	earlyStop
USA/WA-S7441/2021	123	8	27914-27916:GGA>TGA	None	earlyStop
USA/WA-Altius-ALTCOV-OMI46A6CCUYYXJA4/2021	123	8	27914-27916:GGA>TGA	None	earlyStop
USA/WA-Altius-ALTCOV-NRPRDWNMIHAULZXZ/2021	123	8	27914-27916:GGA>TGA	None	earlyStop
USA/WA-UW-65350/2021	123	8	27914-27916:GGA>TGA	None	earlyStop
USA/WA-UW-65937/2021	123	8	27914-27916:GGA>TGA	None	earlyStop
USA/WA-UW-67932/2021	123	8	27914-27916:GGA>TGA	None	earlyStop
USA/WA-UW-2021040304454/2021	123	8	27914-27916:GGA>TGA	None	earlyStop
USA/WA-UW-2021040301391/2021	123	8	27914-27916:GGA>TGA	None	earlyStop
USA/WA-UW-21041964936/2021	123	8	27914-27916:GGA>TGA	None	earlyStop
USA/WA-UW-2021040817119/2021	123	8	27914-27916:GGA>TGA	None	earlyStop
USA/WA-CDC-2-4634590/2021	123	8	27914-27916:GGA>TGA	None	earlyStop
USA/WA-PHL-000176/2021	123	8	27914-27916:GGA>TGA	None	earlyStop
USA/WA-S6210/2021	123	8	27914-27916:GGA>TGA	None	earlyStop
USA/WA-UW-21041213965/2021	123	8	27914-27916:GGA>TGA	None	earlyStop
USA/WA-UW-2021040106491/2021	123	8	27914-27916:GGA>TGA	None	earlyStop
USA/WA_LHPOC194/2021	123	8	27914-27916:GGA>TGA	None	earlyStop
USA/WA_LHPOC169/2021	123	8	27914-27916:GGA>TGA	None	earlyStop
USA/WA-UW-65848/2021	123	8	27914-27916:GGA>TGA	None	earlyStop
USA/WA-UW-21042123352/2021	123	8	27914-27916:GGA>TGA	None	earlyStop
USA/WA-CDC-UW21042777702/2021	123	8	27914-27916:GGA>TGA	None	earlyStop
USA/WA-UW-21043043464/2021	123	8	27914-27916:GGA>TGA	None	earlyStop
USA/WA-UW-2021040304394/2021	123	8	27914-27916:GGA>TGA	None	earlyStop
USA/WA-CDC-LC0059539/2021	123	8	27914-27916:GGA>TGA	None	earlyStop
USA/WA-S7395/2021	123	8	27914-27916:GGA>TGA	None	earlyStop
USA/WA-UW-68678/2021	123	8	27914-27916:GGA>TGA	None	earlyStop
USA/WA-UW-2021032902687/2021	123	8	27914-27916:GGA>TGA	None	earlyStop
USA/WA-UW-69291/2021	123	8	27914-27916:GGA>TGA	None	earlyStop
USA/WA-UW-69315/2021	123	8	27914-27916:GGA>TGA	None	earlyStop
USA/WA-UW-21041903422/2021	123	8	27914-27916:GGA>TGA	None	earlyStop
USA/WA-UW-21041730742/2021	123	8	27914-27916:GGA>TGA	None	earlyStop
USA/WA-UW-2021041790316/2021	123	8	27914-27916:GGA>TGA	None	earlyStop
USA/WA-UW-2021041791692/2021	123	8	27914-27916:GGA>TGA	None	earlyStop
USA/WA-UW-21041919084/2021	123	8	27914-27916:GGA>TGA	None	earlyStop
USA/WA-UW-21042478099/2021	123	8	27914-27916:GGA>TGA	None	earlyStop
USA/WA-Altius-ALTCOV-JSFE3DQ62SONTVXE/2021	123	8	27914-27916:GGA>TGA	None	earlyStop
USA/WA-Altius-ALTCOV-RWXUDSAQVKHDW4SR/2021	123	8	27914-27916:GGA>TGA	None	earlyStop
USA/WA-UW-21042905447/2021	123	8	27914-27916:GGA>TGA	None	earlyStop
USA/WA-UW-2021041576413/2021	123	8	27914-27916:GGA>TGA	None	earlyStop
USA/WA-UW-21042833092/2021	123	8	27914-27916:GGA>TGA	None	earlyStop
USA/WA-UW-2021041501145/2021	123	8	27914-27916:GGA>TGA	None	earlyStop
USA/WA-UW-2021041074046/2021	123	8	27914-27916:GGA>TGA	None	earlyStop
USA/WA-UW-21041541714/2021	123	8	27914-27916:GGA>TGA	None	earlyStop
USA/WA-UW-2021041438786/2021	123	8	27914-27916:GGA>TGA	None	earlyStop
USA/WA-UW-21042266904/2021	123	8	27914-27916:GGA>TGA	None	earlyStop
USA/WA-CDC-2-4243081/2021	123	8	27914-27916:GGA>TGA	None	earlyStop
USA/WA-PHL-000460/2021	123	8	27914-27916:GGA>TGA	None	earlyStop
USA/WA-CDC-LC0045458/2021	123	8	27914-27916:GGA>TGA	None	earlyStop
USA/WA-S7541/2021	123	8	27914-27916:GGA>TGA	None	earlyStop
USA/WA-UW-21051029934/2021	123	8	27914-27916:GGA>TGA	None	earlyStop
USA/WA-UW-21041481508/2021	123	8	27914-27916:GGA>TGA	None	earlyStop
USA/WA-UW-2021040506597/2021	123	8	27914-27916:GGA>TGA	None	earlyStop
USA/WA-UW-2021040737375/2021	123	8	27914-27916:GGA>TGA	None	earlyStop
USA/WA-CDC-UW21042941258/2021	123	8	27914-27916:GGA>TGA	None	earlyStop
USA/WA-UW-2021041454032/2021	123	8	27914-27916:GGA>TGA	None	earlyStop
USA/WA-UW-47081/2020	124	2	27971-27973:CAA>TAA	None	earlyStop
USA/NC-IVY-ZZXACQR9/2021	125	2	27947-27949:GAA>TAA	None	earlyStop
USA/WA-S3476/2020	126	2	27944-27946:CAA>TAA	None	earlyStop
USA/WA-CDC-4139019-001/2021	127	5	27911-27913:TTA>TAG	None	earlyStop
USA/WA-UW-68600/2021	127	5	27911-27913:TTA>TAG	None	earlyStop
USA/WA-PHL-000602/2021	127	5	27911-27913:TTA>TAG	None	earlyStop
USA/WA-CDC-UW21042850939/2021	127	5	27911-27913:TTA>TAG	None	earlyStop
USA/WA-UW-2021041322404/2021	127	5	27911-27913:TTA>TAG	None	earlyStop
USA/WA-UW-21041483591/2021	127	5	27911-27913:TTA>TAG	None	earlyStop
USA/WA-UW-2021041777953/2021	127	5	27911-27913:TTA>TAG	None	earlyStop
USA/WA-UW-2021041206351/2021	127	5	27911-27913:TTA>TAG	None	earlyStop
USA/WA-UW-62720/2021	128	3	27959-27961:CAG>TAG	None	earlyStop
USA/WA-UW-62666/2021	128	3	27959-27961:CAG>TAG	None	earlyStop
Singapore/18/2020	129	2	None	27847:28229	bigDeletion
Ghana/84162_S45/2020	130	2	None	27842:28090	bigDeletion
DRC/214214/2021	131	2	None	27527:28082	bigDeletion
USA/WA-UW-845/2020	132	2	None	27879:27935	bigDeletion
USA/WA-UW-65946/2021	133	8	None	27892:27979	bigDeletion
Haiti/34042/2020	133	8	None	27892:27979	bigDeletion
USA/WA-UW-60022/2021	133	8	None	27892:27979	bigDeletion
USA/WA-S3759/2020	133	8	None	27892:27979	bigDeletion
USA/WA-S4637/2021	133	8	None	27892:27979	bigDeletion
USA/WA-UW-65408/2021	133	8	None	27892:27979	bigDeletion
USA/WA-UW-65405/2021	133	8	None	27892:27979	bigDeletion
USA/WA-UW-64637/2021	133	8	None	27892:27979	bigDeletion
USA/WA-UW-61482/2021	133	8	None	27892:27979	bigDeletion
USA/WA-S4792/2021	133	8	None	27892:27979	bigDeletion
USA/WA-S4798/2021	133	8	None	27892:27979	bigDeletion
USA/WA-S5078/2021	133	8	None	27892:27979	bigDeletion
USA/WA-CDC-2-3971691/2021	133	8	None	27892:27979	bigDeletion
USA/WA-UW-31622/2020	133	8	None	27892:27979	bigDeletion
USA/WA-S6597/2021	133	8	None	27892:27979	bigDeletion
USA/WA-S6638/2021	133	8	None	27892:27979	bigDeletion
USA/WA-CDC-4138961-001/2021	133	8	None	27892:27979	bigDeletion
USA/WA-S3873/2021	133	8	None	27892:27979	bigDeletion
USA/WA-S3874/2021	133	8	None	27892:27979	bigDeletion
USA/WA-S3875/2021	133	8	None	27892:27979	bigDeletion
USA/WA-S2859/2020	133	8	None	27892:27979	bigDeletion
USA/WA-S2814/2020	133	8	None	27892:27979	bigDeletion
USA/WA-UW-26847/2020	133	8	None	27892:27979	bigDeletion
USA/WA-UW-26866/2020	133	8	None	27892:27979	bigDeletion
USA/WA-S5400/2020	133	8	None	27892:27979	bigDeletion
USA/WA-S2829/2020	133	8	None	27892:27979	bigDeletion
USA/WA-UW-26863/2020	133	8	None	27892:27979	bigDeletion
USA/WA-UW-26853/2020	133	8	None	27892:27979	bigDeletion
USA/WA-UW-26854/2020	133	8	None	27892:27979	bigDeletion
Luxembourg/LNS3923316/2020	134	2	None	28043:28152	bigDeletion
Congo/FCRM-50-A29-07-07/2021	135	2	None	27872:28208	bigDeletion
Cameroon/CAM-320/2021	136	2	None	27872:28086	bigDeletion
CentralAfricanRepublic/301/2021	136	2	None	27872:28086	bigDeletion
Niger/20640/2021	136	2	None	27872:28086	bigDeletion
Lithuania/IBT-LSC-VU_r13_17/2021	137	2	None	27854:27959	bigDeletion
Congo/RC-101/2021	138	3	None	27872:28699	bigDeletion
Congo/RC-159/2021	138	3	None	27872:28699	bigDeletion
USA/LA-CDC-2-4242898/2021	139	3	None	28005:28082	bigDeletion
USA/WA_LHPOC205/2021	139	3	None	28005:28082	bigDeletion
Kenya/SS7186/2021	140	2	None	27826:28021	bigDeletion
Switzerland/AG-ETHZ-470714/2021	141	2	None	27854:27917	bigDeletion
USA/DE-DHSS-B1162205/2021	142	3	None	27753:28253	bigDeletion
USA/DE-DHSS-B1151398/2021	142	3	None	27753:28253	bigDeletion
USA/WA-S4132/2020	143	2	None	27903:28033	bigDeletion
USA/OH-CDC-QDX23208909/2021	144	2	None	27825:27922	bigDeletion
USA/WA-UW-68841/2021	145	3	None	27825:28221	bigDeletion
USA/WA-UW-68626/2021	145	3	None	27825:28221	bigDeletion
USA/WA-UW-2021033002550/2021	145	3	None	27825:28221	bigDeletion
USA/WA-S4467/2021	146	9	None	27913:28061	bigDeletion
USA/WA-S3711/2020	146	9	None	27913:28061	bigDeletion
USA/WA-PHL-029236/2020	146	9	None	27913:28061	bigDeletion
USA/WA-UW-61191/2021	146	9	None	27913:28061	bigDeletion
USA/WA-UW-60934/2021	146	9	None	27913:28061	bigDeletion
USA/WA-UW-58958/2021	146	9	None	27913:28061	bigDeletion
USA/WA-UW-61242/2021	146	9	None	27913:28061	bigDeletion
USA/WA-UW-29751/2020	146	9	None	27913:28061	bigDeletion
USA/WA-S4673/2020	146	9	None	27913:28061	bigDeletion
USA/WA-S5029/2020	146	9	None	27913:28061	bigDeletion
USA/WA-S5041/2020	146	9	None	27913:28061	bigDeletion
USA/WA-UW-47132/2020	146	9	None	27913:28061	bigDeletion
USA/WA-UW-46944/2020	146	9	None	27913:28061	bigDeletion
USA/WA-S4156/2020	146	9	None	27913:28061	bigDeletion
USA/WA-S4275/2021	146	9	None	27913:28061	bigDeletion
USA/WA-CDC-4139004-001/2021	146	9	None	27913:28061	bigDeletion
USA/WA-CDC-4010386-001/2020	146	9	None	27913:28061	bigDeletion
USA/WA-CDC-4010417-001/2020	146	9	None	27913:28061	bigDeletion
USA/WA-S4063/2021	146	9	None	27913:28061	bigDeletion
USA/WA-S4094/2021	146	9	None	27913:28061	bigDeletion
USA/WA-S4555/2021	146	9	None	27913:28061	bigDeletion
USA/WA-S3984/2021	146	9	None	27913:28061	bigDeletion
USA/WA-S3152/2020	146	9	None	27913:28061	bigDeletion
USA/WA-UW-47087/2020	146	9	None	27913:28061	bigDeletion
USA/WA-UW-48595/2020	146	9	None	27913:28061	bigDeletion
USA/WA-UW-61151/2021	146	9	None	27913:28061	bigDeletion
USA/WA-S3625/2020	146	9	None	27913:28061	bigDeletion
USA/WA-S3819/2020	146	9	None	27913:28061	bigDeletion
USA/WA-S4104/2021	146	9	None	27913:28061	bigDeletion
USA/WA-S4283/2021	146	9	None	27913:28061	bigDeletion
USA/WA-S4455/2021	146	9	None	27913:28061	bigDeletion
USA/WA-UW-61125/2021	146	9	None	27913:28061	bigDeletion
USA/WA-MG_LHPOC87/2021	146	9	None	27913:28061	bigDeletion
USA/WA-MG_LHPOC80/2021	146	9	None	27913:28061	bigDeletion
USA/WA-UW-21010516952/2021	146	9	None	27913:28061	bigDeletion
USA/WA-MG_LHPOC75/2021	146	9	None	27913:28061	bigDeletion
USA/WA-S5190/2021	147	3	None	27824:28233	bigDeletion
USA/WA-S5191/2021	147	3	None	27824:28233	bigDeletion
USA/WY-WYPHL-20080115/2020	148	2	None	27511:28104	bigDeletion
USA/NE-CUMC_20293165/2020	149	2	None	28053:28104	bigDeletion
USA/WA-CDC-STM-000008484/2021	150	2	None	28002:28052	bigDeletion
USA/WA-S4128/2020	151	2	None	27891:27967	bigDeletion
USA/NE-CUMC_20314050/2020	152	2	None	28048:28104	bigDeletion
USA/WA-S5709/2021	153	2	None	27527:28087	bigDeletion
Kazakhstan/115592/2020	154	2	None	28019:28127	bigDeletion
USA/WA-S5311/2020	154	2	None	28019:28127	bigDeletion
Egypt/CPHL-A3/2021	154	2	None	28019:28127	bigDeletion
Kazakhstan/116969/2021	155	2	None	27914:28207	bigDeletion
USA/ME-HETL-J13464/2021	156	2	None	27825:28245	bigDeletion
USA/WA-S3274/2020	157	2	None	27826:28245	bigDeletion
USA/WA-S3278/2020	157	2	None	27826:28245	bigDeletion
Guatemala/GUA-LNS-1061/2021	158	2	None	27844:28088	bigDeletion
Guinea/Conakry_IPG16185/2020	159	2	None	27844:28081	bigDeletion
Greece/30566/2020	160	2	None	27539:28074	bigDeletion
USA/ND-NDDH-3305/2020	161	2	None	27970:28012	bigDeletion
USA/WA-S4142/2020	162	2	None	27748:28088	bigDeletion
USA/WA-S4154/2020	163	2	None	27857:27976	bigDeletion
Mauritius/363723/2021	164	2	None	27877:27958	bigDeletion
Senegal/7977029/2021	165	2	None	27835:27915	bigDeletion
Guinea/CERFIG-24250/2021	166	2	None	27849:27997	bigDeletion
SaoTomeandPrincipe/05/2021	167	2	None	27873:27906	bigDeletion
Peru/PIU-INS-1999/2021	168	2	None	27859:27934	bigDeletion
USA/WA-S3843/2021	169	3	None	27915:28223	bigDeletion
USA/WA-PHL-029293/2020	169	3	None	27915:28223	bigDeletion
USA/WA-PHL-029962/2021	170	2	None	27844:28251	bigDeletion
USA/WA-S1513/2020	171	2	None	27866:27906	bigDeletion
USA/WA-S2252/2020	172	2	None	27913:28107	bigDeletion
USA/WA-S1249/2020	172	2	None	27913:28107	bigDeletion
USA/WA-S1252/2020	172	2	None	27913:28107	bigDeletion
USA/WA-S1499/2020	172	2	None	27913:28107	bigDeletion
NewZealand/21MV0180/2021	173	2	None	27906:27941	bigDeletion
USA/MS-CDC-ASC210056155/2021	173	2	None	27906:27941	bigDeletion
USA/LA-EVTL3077/2021	174	2	None	27825:28104	bigDeletion
USA/MD-HP09734-PIDDRFSXAG/2021	175	2	None	27825:28104	bigDeletion
USA/WA-S6450/2021	176	2	None	27812:28088	bigDeletion
USA/WA-S11578/2021	177	2	None	27845:28082	bigDeletion
USA/KS-CDC-2-4501086/2021	178	2	None	28160:28249	bigDeletion
USA/WA-Curative-058136/2021	179	2	None	27825:28088	bigDeletion
USA/WA-OHSU-212300703/2021	180	2	None	27845:27921	bigDeletion
USA/WA-OHSU-212310340/2021	180	2	None	27845:27921	bigDeletion
USA/MA-CDCBI-CRSP_GYINMD4T54LU7XW2/2021	181	2	None	27855:28080	bigDeletion
USA/MA-CDCBI-CRSP_SEQOQVIVGYE5VLYJ/2021	181	2	None	27855:28080	bigDeletion
USA/MA-CDCBI-CRSP_RP3OXD6JRLQEACL3/2021	182	2	None	27855:28079	bigDeletion
DominicanRepublic/DR_AFI126/2022	183	2	None	27825:28104	bigDeletion
Nicaragua/CNDR-163898/2021	184	2	None	27825:28104	bigDeletion
USA/TX-CDC-QDX24564115/2021	185	2	None	27825:27922	bigDeletion
USA/WA-S6817/2021	186	2	None	27814:28005	bigDeletion
USA/WA-Curative-022340/2021	187	2	None	27842:28087	bigDeletion
USA/WA-S9267/2021	188	2	None	27875:27946	bigDeletion
USA/AL-ADPH-ADPH_1059/2021	189	2	None	27928:27968	bigDeletion
USA/CT-CDC-QDX25472493/2021	190	2	None	27825:28104	bigDeletion
USA/DC-DFS-PHL-0901/2021	191	2	None	27900:27975	bigDeletion
USA/ME-CDCBI-CRSP_E2BOISPJB75HPXFV/2021	191	2	None	27900:27975	bigDeletion
USA/IN-INSPHL-01675/2021	192	2	None	28028:28104	bigDeletion
TrinidadandTobago/66640/2021	193	2	None	27825:28104	bigDeletion
TrinidadandTobago/90172/2021	193	2	None	27825:28104	bigDeletion
TrinidadandTobago/57735/2021	194	2	None	27511:28104	bigDeletion
TrinidadandTobago/74353/2021	195	2	None	27511:28104	bigDeletion
USA/IL-RED-MCL-41003686/2021	196	2	None	27852:27911	bigDeletion
USA/WA-S9930/2021	197	2	None	27527:28034	bigDeletion
USA/WA-S9498/2021	198	2	None	27799:28088	bigDeletion
USA/WA-S9535/2021	199	2	None	27844:27927	bigDeletion
USA/WA-S7870/2021	199	2	None	27844:27927	bigDeletion
USA/WA-S7073/2021	199	2	None	27844:27927	bigDeletion
USA/WA-S7950/2021	200	2	None	27527:28088	bigDeletion
USA/WA-S7856/2021	201	2	None	27936:28012	bigDeletion
USA/WA-S7120/2021	201	2	None	27936:28012	bigDeletion
USA/WA-S7133/2021	202	2	None	27527:28088	bigDeletion
USA/WA-S9388/2021	203	2	None	27930:27961	bigDeletion
USA/AZ-CDC-QDX25533788/2021	204	2	None	27825:28104	bigDeletion
USA/PA-CDC-QDX25620257/2021	205	2	None	27825:28104	bigDeletion
USA/WA-OHSU-212310537/2021	206	2	None	27845:28088	bigDeletion
USA/NE-NCOV21-16468/2021	207	2	None	27939:27980	bigDeletion
USA/WA-CDC-UW21050320904/2021	207	2	None	27939:27980	bigDeletion
USA/CA-CDC-QDX24799326/2021	208	2	None	27825:27927	bigDeletion
USA/TX-HHD-2108111920/2021	209	2	None	27929:28057	bigDeletion
USA/WA-S7092/2021	210	3	None	27842:28033	bigDeletion
USA/WA-S7893/2021	210	3	None	27842:28033	bigDeletion
USA/WA-Curative-054773/2021	210	3	None	27842:28033	bigDeletion
USA/WA-Curative-007400/2021	210	3	None	27842:28033	bigDeletion
USA/WA-S8526/2021	211	2	None	27972:28034	bigDeletion
USA/WA-S7089/2021	212	2	None	27845:28088	bigDeletion
USA/WA-S7195/2021	212	2	None	27845:28088	bigDeletion
USA/WA-S7193/2021	212	2	None	27845:28088	bigDeletion
USA/WA-S7194/2021	212	2	None	27845:28088	bigDeletion
USA/WA-S9021/2021	213	3	None	27933:27962	bigDeletion
USA/WA-OHSU-212070143/2021	213	3	None	27933:27962	bigDeletion
USA/WA-OHSU-212290585/2021	213	3	None	27933:27962	bigDeletion
USA/WA-OHSU-212290734/2021	213	3	None	27933:27962	bigDeletion
USA/WA-OHSU-211870401/2021	214	2	None	27842:28085	bigDeletion
USA/WA-OHSU-212070144/2021	214	2	None	27842:28085	bigDeletion
USA/WA-S9474/2021	215	2	None	27877:27915	bigDeletion
USA/WA-OHSU-212300408/2021	215	2	None	27877:27915	bigDeletion
USA/WA-OHSU-212000284/2021	215	2	None	27877:27915	bigDeletion
USA/OR-OHSU-212110345/2021	215	2	None	27877:27915	bigDeletion
USA/WA-OHSU-212300884/2021	216	2	None	27843:28088	bigDeletion
USA/WA-OHSU-212300823/2021	216	2	None	27843:28088	bigDeletion
USA/WA-OHSU-212050168/2021	216	2	None	27843:28088	bigDeletion
USA/OR-OHSU-212010497/2021	217	2	None	27802:28033	bigDeletion
USA/OR-OHSU-212140161/2021	218	2	None	27845:27901	bigDeletion
USA/WA-OHSU-212050235/2021	218	2	None	27845:27901	bigDeletion
USA/WA-OHSU-211930398/2021	218	2	None	27845:27901	bigDeletion
USA/OR-OHSU-211950087/2021	218	2	None	27845:27901	bigDeletion
USA/WA-S9153/2021	219	2	None	28057:28087	bigDeletion
USA/WA-PROV-1356/2021	219	2	None	28057:28087	bigDeletion
USA/WA-S10412/2021	219	2	None	28057:28087	bigDeletion
USA/WA-S7134/2021	220	2	None	27897:27961	bigDeletion
USA/WA-S7121/2021	220	2	None	27897:27961	bigDeletion
USA/WA-S7083/2021	220	2	None	27897:27961	bigDeletion
USA/WA-Curative-035721/2021	220	2	None	27897:27961	bigDeletion
USA/WA-S7184/2021	220	2	None	27897:27961	bigDeletion
USA/WA-S13430/2021	221	2	None	27838:27949	bigDeletion
USA/WA-S12471/2021	222	2	None	27845:28087	bigDeletion
USA/WA-PROV-1012/2021	223	3	None	27857:27922	bigDeletion
USA/AZ-CDC-QDX25664338/2021	223	3	None	27857:27922	bigDeletion
USA/WA-S7141/2021	223	3	None	27857:27922	bigDeletion
USA/OH-21AM-106CO04632/2021	224	2	None	27849:28087	bigDeletion
Belize/CML-176/2021	225	2	None	27825:28104	bigDeletion
USA/WA-S6895/2021	226	2	None	27898:27956	bigDeletion
USA/WA-S7514/2021	226	2	None	27898:27956	bigDeletion
USA/WA-S6233/2021	226	2	None	27898:27956	bigDeletion
USA/WA-S6230/2021	226	2	None	27898:27956	bigDeletion
USA/WA-PROV-1026/2021	226	2	None	27898:27956	bigDeletion
USA/MA-CDCBI-CRSP_UOACXQZJK6B56HPV/2021	226	2	None	27898:27956	bigDeletion
USA/WA-S10314/2021	227	2	None	27963:28045	bigDeletion
USA/WA-S6941/2021	228	2	None	27527:28088	bigDeletion
USA/WA-S6918/2021	229	2	None	27527:28088	bigDeletion
USA/WA-S6896/2021	230	2	None	27896:27956	bigDeletion
USA/WA-S6404/2021	230	2	None	27896:27956	bigDeletion
USA/WA-S7041/2021	230	2	None	27896:27956	bigDeletion
USA/WA-S6829/2021	230	2	None	27896:27956	bigDeletion
USA/WA-S5955/2021	230	2	None	27896:27956	bigDeletion
USA/WA-S6279/2021	230	2	None	27896:27956	bigDeletion
USA/WA-S9475/2021	231	2	None	27716:28088	bigDeletion
USA/WA-Curative-024832/2021	232	2	None	27843:27929	bigDeletion
USA/WA-S6393/2021	232	2	None	27843:27929	bigDeletion
USA/WA-S6315/2021	232	2	None	27843:27929	bigDeletion
USA/WA-S6002/2021	232	2	None	27843:27929	bigDeletion
USA/WA-S6186/2021	232	2	None	27843:27929	bigDeletion
USA/WA-S6872/2021	232	2	None	27843:27929	bigDeletion
USA/WA-S6329/2021	232	2	None	27843:27929	bigDeletion
USA/WA-S6860/2021	232	2	None	27843:27929	bigDeletion
USA/WA-S6336/2021	232	2	None	27843:27929	bigDeletion
USA/WA-S6379/2021	232	2	None	27843:27929	bigDeletion
USA/WA-S9472/2021	233	2	None	27962:28087	bigDeletion
USA/WA-S6531/2021	234	2	None	27891:27924	bigDeletion
USA/WA-S6822/2021	234	2	None	27891:27924	bigDeletion
USA/WA-S6386/2021	235	2	None	27930:27963	bigDeletion
USA/WA-S7297/2021	235	2	None	27930:27963	bigDeletion
USA/WA-UW-21052806229/2021	236	2	None	27946:28012	bigDeletion
USA/WA-S8869/2021	236	2	None	27946:28012	bigDeletion
USA/WA-PROV-1309/2021	237	2	None	27917:27962	bigDeletion
USA/WA-S6958/2021	237	2	None	27917:27962	bigDeletion
USA/WA-S9371/2021	238	2	None	27988:28088	bigDeletion
USA/WA-S7627/2021	239	2	None	27904:27961	bigDeletion
USA/WA-S6433/2021	240	2	None	27837:28078	bigDeletion
USA/WA-S6438/2021	240	2	None	27837:28078	bigDeletion
USA/WA-S8031/2021	241	2	None	27835:27921	bigDeletion
USA/WA-S6419/2021	241	2	None	27835:27921	bigDeletion
USA/WA-S7343/2021	241	2	None	27835:27921	bigDeletion
USA/WA-S6417/2021	241	2	None	27835:27921	bigDeletion
USA/WA-S7257/2021	241	2	None	27835:27921	bigDeletion
USA/WA-S6412/2021	241	2	None	27835:27921	bigDeletion
USA/WA-S7675/2021	241	2	None	27835:27921	bigDeletion
USA/WA-S6780/2021	241	2	None	27835:27921	bigDeletion
USA/WA-S6447/2021	241	2	None	27835:27921	bigDeletion
USA/WA-S9250/2021	242	2	None	27806:27961	bigDeletion
USA/WA-S9272/2021	243	2	None	27819:28084	bigDeletion
USA/WA-S8004/2021	244	2	None	27817:27925	bigDeletion
USA/WA-S7356/2021	245	2	None	27933:27963	bigDeletion
USA/WA-S9280/2021	246	2	None	27844:27924	bigDeletion
USA/WA-S8696/2021	247	2	None	27561:28088	bigDeletion
Bangladesh/BTID_B_210707_653/2021	248	2	None	27826:28021	bigDeletion
Luxembourg/LNS3231386/2022	249	2	None	28070:28401	bigDeletion
SouthAfrica/SU-NHLS_6229/2022	250	2	None	27872:28675	bigDeletion
Denmark/DCGC-618507/2022	251	2	None	28023:28127	bigDeletion
USA/NY-PRL-221121_00I12/2022	252	2	None	28093:28187	bigDeletion
Philippines/PH-VUI-141794/2022	253	3	None	27845:27894	bigDeletion
Philippines/PH-VUI-141812/2022	253	3	None	27845:27894	bigDeletion
SouthKorea/KDCA122844/2022	254	2	None	27825:28104	bigDeletion
USA/WA-CDC-UW22032723813/2022	255	2	None	27751:28088	bigDeletion
Luxembourg/LNS2881033/2022	256	2	None	28081:28239	bigDeletion
CzechRepublic/UMTM477707/2022	257	2	None	28181:28228	bigDeletion
SriLanka/aicbu4162/2022	258	2	None	27872:28675	bigDeletion
Moldova/G0086/2022	259	2	None	27872:28255	bigDeletion
CostaRica/INC-6161-764713/2022	260	2	None	27891:27927	bigDeletion
France/ARA-HMN-22032300160/2022	261	2	None	27994:28032	bigDeletion
USA/IL-CDC-ASC210722858/2022	262	2	None	27887:28088	bigDeletion
USA/NC-ECU-CORVASEQ-113947350/2022	262	2	None	27887:28088	bigDeletion
USA/CT-YPL22-33379/2022	263	2	None	27825:28027	bigDeletion
SouthAfrica/SU-NHLS_3923/2022	264	2	None	27872:28254	bigDeletion
Thailand/NIC_BKK_20993/2022	265	2	None	27988:28088	bigDeletion
USA/VA-Curative-456994/2022	266	2	None	28259:28336	bigDeletion
USA/NC-ECU-CORVASEQ-116707625/2023	267	2	None	27887:28089	bigDeletion
Belgium/Jessa_11-2308-001169ZOL/2023	268	2	None	27917:27963	bigDeletion
Chile/RM-126699/2022	269	2	None	28002:28088	bigDeletion
USA/VA-VTVAS3-GSC41417/2023	270	2	None	28013:28065	bigDeletion
USA/NY-PRL-220919_01E04/2022	271	2	None	28088:28187	bigDeletion
SouthAfrica/SU-NHLS_6334/2022	272	2	None	27872:28254	bigDeletion
USA/TN-SPHL-6026/2023	273	2	None	28067:28104	bigDeletion
Luxembourg/LNS7238646/2023	274	2	None	28160:28254	bigDeletion
Hungary/100317-UPL23-000694/2023	274	2	None	28160:28254	bigDeletion
Luxembourg/LNS6747519/2023	275	2	None	28081:28254	bigDeletion
Luxembourg/LNS5189085/2023	276	2	None	28081:28254	bigDeletion
Spain/EX-BA_18569639/2023	277	2	None	27965:28088	bigDeletion
USA/NC-ECU-CORVASEQ-116741267/2023	278	2	None	27888:28089	bigDeletion
USA/WA-CDC-LC0609649/2022	279	2	None	27500:28301	bigDeletion
USA/PA-Curative-258176/2022	280	2	None	28259:28336	bigDeletion
Luxembourg/LNS1779659/2022	281	2	None	28081:28254	bigDeletion
USA/WI-UW-10637/2022	282	2	None	27872:27959	bigDeletion
Argentina/PAIS-F0644/2022	283	2	None	27951:27996	bigDeletion
USA/DC-Curative-372839/2022	284	2	None	28259:28336	bigDeletion
USA/DC-Curative-329808/2022	284	2	None	28259:28336	bigDeletion
Cameroon/13559/2022	285	2	None	27880:28244	bigDeletion
USA/IL-C22WGS9085/2022	286	2	None	27877:27920	bigDeletion
USA/IA-SHL-2209671/2022	287	2	None	27872:27904	bigDeletion
USA/NY-PRL-220916_00A19/2022	288	2	None	28088:28187	bigDeletion
USA/NY-PRL-221005_00L08/2022	289	2	None	28093:28187	bigDeletion
Luxembourg/LNS2453023/2022	290	2	None	28076:28254	bigDeletion
Luxembourg/LNS8576904/2022	291	2	None	28081:28254	bigDeletion
USA/NY-PRL-220914_00G10/2022	292	2	None	28092:28187	bigDeletion
Spain/GA-SCQ_22-299247/2022	293	2	None	27527:28088	bigDeletion
Luxembourg/LNS8804878/2022	294	2	None	28076:28254	bigDeletion
Luxembourg/LNS5802910/2022	295	2	None	28076:28254	bigDeletion
Indonesia/JI-ITD-10522N/2020	296	2	None	28058:28235	bigDeletion
France/un-HMN-21022080558/2021	297	2	None	28009:28117	bigDeletion
Malta/MDxMDH399/2021	298	2	None	28189:28238	bigDeletion
USA/MA-Broad_CRSP-00984/2021	299	2	None	28060:28162	bigDeletion
Kenya/ILRI_COVC17354/2020	300	2	None	28145:28416	bigDeletion
USA/NE-CUMC_20185010/2020	301	2	None	27988:28104	bigDeletion
USA/AZ-TG513425/2020	302	2	None	27544:27961	bigDeletion
England/QEUH-B1013C/2020	303	2	None	27825:28104	bigDeletion
Algeria/134048/2020	304	3	None	27890:28088	bigDeletion
Niger/8084/2020	304	3	None	27890:28088	bigDeletion
Algeria/71348/2020	304	3	None	27890:28088	bigDeletion
Algeria/95763/2020	304	3	None	27890:28088	bigDeletion
USA/DC-DFS-PHL-0271/2020	305	2	None	28053:28104	bigDeletion
SaintLucia/47891/2020	306	2	None	27768:28104	bigDeletion
USA/WA-UW-47372/2020	307	2	None	27997:28049	bigDeletion
Mozambique/MZ-L-IBV-97025464/2021	308	2	None	28009:28223	bigDeletion
USA/WA-Altius-ALTCOV-GXU7LR3RTKFFCIUL/2021	309	5	None	28027:28153	bigDeletion
USA/WA-PHL-000482/2021	309	5	None	28027:28153	bigDeletion
USA/WA-UW-21042810313/2021	309	5	None	28027:28153	bigDeletion
USA/WA-PHL-000706/2021	309	5	None	28027:28153	bigDeletion
Malawi/CERI-KRISP-K020966/2021	310	2	None	27844:27969	bigDeletion
Bahamas/33386/2021	311	10	None	27926:27956	bigDeletion
Bahamas/33407/2021	311	10	None	27926:27956	bigDeletion
USA/WA-Altius-ALTCOV-UWZFVU7NPMQXEZR3/2021	311	10	None	27926:27956	bigDeletion
USA/WA-Altius-ALTCOV-KR7NHEHBYOUVBBRP/2021	311	10	None	27926:27956	bigDeletion
USA/WA-Altius-ALTCOV-F65HUZNBKD6RALC3/2021	311	10	None	27926:27956	bigDeletion
USA/RI-CDC-ASC210076320/2021	311	10	None	27926:27956	bigDeletion
USA/NH-CDC-2-4242098/2021	311	10	None	27926:27956	bigDeletion
USA/WA-UW-61741/2021	311	10	None	27926:27956	bigDeletion
USA/CT-CDC-QDX23849591/2021	311	10	None	27926:27956	bigDeletion
USA/WA-S6494/2021	311	10	None	27926:27956	bigDeletion
USA/WA-UW-2021033101068/2021	311	10	None	27926:27956	bigDeletion
USA/WA-UW-2021032907821/2021	311	10	None	27926:27956	bigDeletion
DominicanRepublic/21917/2021	311	10	None	27926:27956	bigDeletion
Colombia/MET-INS-VG-1463/2021	311	10	None	27926:27956	bigDeletion
USA/GA-CDC-2-4282514/2021	311	10	None	27926:27956	bigDeletion
USA/WA-UW-21041930042/2021	311	10	None	27926:27956	bigDeletion
USA/WA-UW-2021041381596/2021	311	10	None	27926:27956	bigDeletion
USA/WA-S6815/2021	311	10	None	27926:27956	bigDeletion
USA/WA-CDC-LC0045153/2021	311	10	None	27926:27956	bigDeletion
USA/WA-UW-2021033101391/2021	311	10	None	27926:27956	bigDeletion
USA/WA-UW-2021041016652/2021	311	10	None	27926:27956	bigDeletion
USA/WA-Curative-072407/2021	312	2	None	28054:28084	bigDeletion
USA/WA-UW-21041292271/2021	313	2	None	28190:28225	bigDeletion
USA/ND-NDDH-02345/2021	314	2	None	27824:27919	bigDeletion
USA/MT-MTPHL-3822462/2021	315	2	None	27825:28104	bigDeletion
USA/WA-PHL-000879/2021	316	3	None	27872:27907	bigDeletion
USA/WA-PHL-000959/2021	316	3	None	27872:27907	bigDeletion
USA/WA-CDC-ASC210065736/2021	316	3	None	27872:27907	bigDeletion
USA/WA-OHSU-11998/2021	316	3	None	27872:27907	bigDeletion
USA/WA-OHSU-11986/2021	316	3	None	27872:27907	bigDeletion
USA/WA-UW-21061552850/2021	317	2	None	27853:28245	bigDeletion
USA/WA-UW-21061764605/2021	318	3	None	27857:28233	bigDeletion
USA/WA-UW-21060515868/2021	318	3	None	27857:28233	bigDeletion
USA/MD-CDC-MMB08694264/2021	319	2	None	27854:27896	bigDeletion
USA/WA-Curative-006327/2021	320	2	None	27845:27954	bigDeletion
DRC/INRB-RDC-674/2021	321	3	None	27872:28699	bigDeletion
Congo/FCRM-100-A32.28.09.21/2021	321	3	None	27872:28699	bigDeletion
Congo/FCRM-112-045/2021	321	3	None	27872:28699	bigDeletion
DRC/INRB-RDC-685/2021	321	3	None	27872:28699	bigDeletion
CentralAfricanRepublic/RCA-025/2022	321	3	None	27872:28699	bigDeletion
Ghana/TRA-2159/2021	322	2	None	27872:28255	bigDeletion
Congo/RC-401/2021	323	2	None	27872:28699	bigDeletion
Congo/RC-371/2021	323	2	None	27872:28699	bigDeletion
Congo/RC-338/2021	324	2	None	27872:28699	bigDeletion
DRC/RDC-577/2021	325	2	None	27872:28699	bigDeletion
USA/NY-CDC-LC0261806/2021	326	2	None	27959:28301	bigDeletion
USA/WA-S9420/2021	327	2	None	28186:28253	bigDeletion
USA/WA-S5409/2021	328	2	None	27845:28088	bigDeletion
USA/WA-S5407/2021	329	2	None	27889:27954	bigDeletion
USA/WA-S5440/2021	330	2	None	27855:27961	bigDeletion
USA/WA-S5522/2021	331	2	None	27527:27956	bigDeletion
USA/WA-UW-2021032908246/2021	332	2	None	27845:28087	bigDeletion
USA/WA-S6381/2021	333	2	None	27931:27961	bigDeletion
USA/WA-S5703/2021	334	2	None	27972:28002	bigDeletion
USA/WA-CDC-4139027-001/2021	335	2	None	27999:28072	bigDeletion
USA/WA-S5698/2021	336	2	None	27898:27961	bigDeletion
USA/WA-S5727/2021	337	2	None	27843:27924	bigDeletion
USA/WA-S5525/2021	338	2	None	27897:27982	bigDeletion
USA/WA-S5509/2021	338	2	None	27897:27982	bigDeletion
USA/WA-S5513/2021	338	2	None	27897:27982	bigDeletion
USA/OH-21AM-023CO00528/2021	339	2	None	27849:28087	bigDeletion
USA/UT-UPHL-2009500/2020	340	2	None	27928:27961	bigDeletion
USA/WA-S5185/2021	341	2	None	27896:27966	bigDeletion
USA/NE-CUMC_20328583/2020	342	3	None	28038:28104	bigDeletion
USA/NE-CUMC_20328565/2020	342	3	None	28038:28104	bigDeletion
USA/WA-S5201/2021	343	2	None	27934:27971	bigDeletion
USA/WA-S5204/2021	343	2	None	27934:27971	bigDeletion
USA/WA-S5209/2021	343	2	None	27934:27971	bigDeletion
USA/WA-S5726/2021	344	2	None	27915:28029	bigDeletion
USA/WA-PHL-028464/2020	344	2	None	27915:28029	bigDeletion
USA/WA-PHL-028879/2020	345	2	None	27928:27979	bigDeletion
USA/TX-DSHS-11610/2021	346	2	None	27927:28007	bigDeletion
USA/WA-S5169/2021	347	2	None	27568:28088	bigDeletion
USA/WA-UW-61908/2021	348	2	None	27848:28218	bigDeletion
USA/WA-S4356/2021	349	2	None	27933:27965	bigDeletion
USA/WA-S3378/2020	350	2	None	27868:27964	bigDeletion
USA/WA-UW-61262/2021	351	2	None	28049:28177	bigDeletion
USA/WA-S5674/2021	352	2	None	27849:27964	bigDeletion
USA/WA-S4167/2020	353	2	None	27844:27980	bigDeletion
USA/WA-S4120/2020	353	2	None	27844:27980	bigDeletion
USA/WA-S4169/2020	354	2	None	27903:27979	bigDeletion
USA/WA-S4135/2020	355	2	None	27928:27964	bigDeletion
USA/WA-S4153/2020	356	2	None	27896:27980	bigDeletion
USA/WA-S4163/2020	357	2	None	27934:27964	bigDeletion
USA/WA-S5102/2021	358	2	None	27927:27980	bigDeletion
USA/CO-CDC-LC0035130/2021	359	2	None	26835:28123	bigDeletion
USA/WA-S5414/2021	360	2	None	27843:28088	bigDeletion
USA/WA-S5511/2021	361	2	None	27904:27980	bigDeletion
USA/WA-S5136/2021	361	2	None	27904:27980	bigDeletion
USA/WA-S5526/2021	361	2	None	27904:27980	bigDeletion
USA/WA-S5527/2021	362	2	None	27527:28019	bigDeletion
USA/WA-S3797/2020	363	2	None	27845:27982	bigDeletion
USA/WA-S4126/2020	364	2	None	27527:28088	bigDeletion
USA/WA-S4168/2020	365	2	None	27928:27980	bigDeletion
USA/WA-S4357/2021	366	2	None	27921:27964	bigDeletion
USA/WA-S4343/2021	367	2	None	27842:27927	bigDeletion
USA/WA-S4138/2020	368	2	None	27891:27969	bigDeletion
USA/WA-S9082/2020	369	2	None	27959:28088	bigDeletion
USA/WA-UW-61880/2021	370	2	None	28165:28230	bigDeletion
USA/WA-S4382/2021	371	2	None	27887:27980	bigDeletion
USA/WA-PHL-029287/2020	372	3	None	27844:28205	bigDeletion
USA/WA-PHL-029289/2020	372	3	None	27844:28205	bigDeletion
USA/WA-S5053/2020	373	2	None	27855:27995	bigDeletion
USA/WA-UW-62846/2021	374	2	None	28009:28168	bigDeletion
USA/WA-S4115/2020	375	2	None	27928:27964	bigDeletion
USA/WA-S4364/2020	375	2	None	27928:27964	bigDeletion
USA/WA-S5134/2021	376	2	None	27889:27919	bigDeletion
USA/WA-UW-64848/2021	377	2	None	27752:28082	bigDeletion
USA/WA-S5144/2021	378	2	None	27928:27964	bigDeletion
USA/WA-S5416/2021	378	2	None	27928:27964	bigDeletion
USA/WA-S5423/2021	378	2	None	27928:27964	bigDeletion
USA/WA-S5436/2021	378	2	None	27928:27964	bigDeletion
