strain	cluster	depth	ORF7b_misStops	ORF7b_deletions	ORF7b_koType
BurkinaFaso/CV1723/2020	1	2	27821-27823:ATT>TGA	None	earlyStop
DRC/INRB-RDC-1369b/2021	2	2	27761-27763:GAA>TAA	None	earlyStop
USA/WA-S853/2020	3	2	27770-27772:TTA>TAA	None	earlyStop
EquatorialGuinea/16301/2020	4	2	27770-27772:TTA>TAA	None	earlyStop
Honduras/19162/2021	5	2	27848-27850:CTT>TGA	None	earlyStop
Morocco/FMP-278/2021	6	2	27782-27784:TAT>TAG	None	earlyStop
mink/Latvia/5341/2021	7	3	27794-27796:TTA>TAG	None	earlyStop
mink/Latvia/6015/2021	7	3	27794-27796:TTA>TAG	None	earlyStop
Benin/NMIMR-LFVH399682/2021	8	2	27785-27787:TTG>TAG	None	earlyStop
Cyprus/Cy145731/2020	9	2	27845-27847:TCA>TAA	None	earlyStop
USA/WA-S3136/2020	10	6	27851-27853:GAA>TAA	None	earlyStop
USA/WA-PHL-029384/2020	10	6	27851-27853:GAA>TAA	None	earlyStop
USA/WA-PHL-028537/2021	10	6	27851-27853:GAA>TAA	None	earlyStop
USA/WA-PHL-029829/2020	10	6	27851-27853:GAA>TAA	None	earlyStop
USA/WA-S3594/2020	10	6	27851-27853:GAA>TAA	None	earlyStop
USA/WA-S3431/2020	10	6	27851-27853:GAA>TAA	None	earlyStop
USA/WA-S3596/2020	10	6	27851-27853:GAA>TAA	None	earlyStop
USA/WA-S4018/2021	10	6	27851-27853:GAA>TAA	None	earlyStop
USA/WA-PHL-029842/2020	10	6	27851-27853:GAA>TAA	None	earlyStop
USA/WA-S3872/2021	10	6	27851-27853:GAA>TAA	None	earlyStop
USA/WA-PHL-029841/2020	10	6	27851-27853:GAA>TAA	None	earlyStop
USA/WA-PHL-029207/2020	10	6	27851-27853:GAA>TAA	None	earlyStop
USA/WA-PHL-029278/2020	10	6	27851-27853:GAA>TAA	None	earlyStop
USA/WA-PHL-029843/2020	10	6	27851-27853:GAA>TAA	None	earlyStop
USA/WA-PHL-029838/2020	10	6	27851-27853:GAA>TAA	None	earlyStop
USA/WA-PHL-030438/2020	10	6	27851-27853:GAA>TAA	None	earlyStop
USA/WA-S3868/2021	10	6	27851-27853:GAA>TAA	None	earlyStop
USA/WA-PHL-029361/2020	10	6	27851-27853:GAA>TAA	None	earlyStop
USA/WA-PHL-029367/2020	10	6	27851-27853:GAA>TAA	None	earlyStop
USA/WA-PHL-029279/2020	10	6	27851-27853:GAA>TAA	None	earlyStop
USA/WA-S4110/2021	10	6	27851-27853:GAA>TAA	None	earlyStop
USA/WA-PHL-029314/2020	10	6	27851-27853:GAA>TAA	None	earlyStop
USA/WA-PHL-029288/2020	10	6	27851-27853:GAA>TAA	None	earlyStop
USA/WA-S3611/2020	10	6	27851-27853:GAA>TAA	None	earlyStop
USA/WA-PHL-029411/2020	10	6	27851-27853:GAA>TAA	None	earlyStop
USA/WA-S3869/2021	10	6	27851-27853:GAA>TAA	None	earlyStop
USA/WA-PHL-029308/2020	10	6	27851-27853:GAA>TAA	None	earlyStop
USA/WA-S4348/2021	10	6	27851-27853:GAA>TAA	None	earlyStop
USA/WA-UW-60046/2021	10	6	27851-27853:GAA>TAA	None	earlyStop
USA/WA-UW-48237/2020	10	6	27851-27853:GAA>TAA	None	earlyStop
USA/WA-UW-60045/2021	10	6	27851-27853:GAA>TAA	None	earlyStop
USA/WA-PHL-029816/2020	10	6	27851-27853:GAA>TAA	None	earlyStop
USA/WA-PHL-029301/2020	10	6	27851-27853:GAA>TAA	None	earlyStop
USA/WA-PHL-029196/2020	10	6	27851-27853:GAA>TAA	None	earlyStop
USA/WA-S4298/2021	10	6	27851-27853:GAA>TAA	None	earlyStop
USA/WA-S3592/2020	10	6	27851-27853:GAA>TAA	None	earlyStop
USA/WA-S4029/2021	10	6	27851-27853:GAA>TAA	None	earlyStop
USA/WA-S3995/2021	10	6	27851-27853:GAA>TAA	None	earlyStop
USA/WA-S3997/2021	10	6	27851-27853:GAA>TAA	None	earlyStop
USA/WA-PHL-030468/2020	10	6	27851-27853:GAA>TAA	None	earlyStop
USA/WA-PHL-029230/2020	10	6	27851-27853:GAA>TAA	None	earlyStop
USA/WA-PHL-028515/2021	10	6	27851-27853:GAA>TAA	None	earlyStop
USA/WA-PHL-029226/2020	10	6	27851-27853:GAA>TAA	None	earlyStop
USA/WA-PHL-029292/2020	10	6	27851-27853:GAA>TAA	None	earlyStop
USA/WA-PHL-029415/2020	10	6	27851-27853:GAA>TAA	None	earlyStop
USA/WA-S4705/2021	11	2	27851-27853:GAA>TAA	None	earlyStop
Poland/16804/2021	12	2	27848-27850:CTT>TGA	None	earlyStop
mink/Poland/41200-7/2022	13	2	27794-27796:TTA>TAG	None	earlyStop
Mozambique/MZ-L-IBV-97035996/2021	14	3	27761-27763:GAA>TAA	None	earlyStop
Mozambique/MZ-L-IBV-97035941/2021	15	3	27848-27850:CTT>TGA	None	earlyStop
Russia/SPE-RII-1482S/2021	16	2	27848-27850:CTT>TGA	None	earlyStop
USA/WA-S9732/2021	17	3	27794-27796:TTA>TAG	None	earlyStop
USA/WA-S9713/2021	17	3	27794-27796:TTA>TAG	None	earlyStop
USA/NY-PRL-2021_0823_01G20/2021	18	2	27848-27850:CTT>TGA	None	earlyStop
Philippines/PH-VUI-147930/2023	19	2	27848-27850:CTT>TGA	None	earlyStop
Qatar/QU-20-39-D1/2022	20	6	27848-27850:CTT>TGA	None	earlyStop
USA/NC-CORVASEQ-1085-8134/2022	20	6	27848-27850:CTT>TGA	None	earlyStop
USA/AZ-CDC-LC0881727/2022	20	6	27848-27850:CTT>TGA	None	earlyStop
Singapore/15709/2022	20	6	27848-27850:CTT>TGA	None	earlyStop
USA/CA-CDC-STM-XNAYUU5E2/2022	20	6	27848-27850:CTT>TGA	None	earlyStop
USA/IN-CDC-LC0927361/2022	20	6	27848-27850:CTT>TGA	None	earlyStop
Australia/SA529383/2023	20	6	27848-27850:CTT>TGA	None	earlyStop
USA/HI-CDC-QDX48637051/2023	20	6	27848-27850:CTT>TGA	None	earlyStop
Philippines/PH-PGC-129126/2022	20	6	27848-27850:CTT>TGA	None	earlyStop
Philippines/PH-VUI-147577/2023	20	6	27848-27850:CTT>TGA	None	earlyStop
USA/IL-CDC-STM-BBXN5FTB2/2022	20	6	27848-27850:CTT>TGA	None	earlyStop
USA/NJ-CDC-QDX43843221/2022	20	6	27848-27850:CTT>TGA	None	earlyStop
USA/NJ-CDC-QDX42909997/2022	20	6	27848-27850:CTT>TGA	None	earlyStop
BosniaandHerzegovina/44/2022	20	6	27848-27850:CTT>TGA	None	earlyStop
USA/WA-CDC-LC1010267/2023	20	6	27848-27850:CTT>TGA	None	earlyStop
USA/WA-PHL-032317/2023	20	6	27848-27850:CTT>TGA	None	earlyStop
USA/WA-CDC-QDX45530342/2023	20	6	27848-27850:CTT>TGA	None	earlyStop
Guam/GU-H2217452/2022	20	6	27848-27850:CTT>TGA	None	earlyStop
USA/CA-CDPH-FS25388083/2022	20	6	27848-27850:CTT>TGA	None	earlyStop
SouthKorea/KDCA156718/2022	20	6	27848-27850:CTT>TGA	None	earlyStop
USA/CA-CDC-STM-EWMMWBP7T/2022	20	6	27848-27850:CTT>TGA	None	earlyStop
USA/TX-HMH-MCoV-116543/2022	20	6	27848-27850:CTT>TGA	None	earlyStop
Brunei/7722013826/2022	20	6	27848-27850:CTT>TGA	None	earlyStop
Australia/NSW-ICPMR-33881/2022	20	6	27848-27850:CTT>TGA	None	earlyStop
Philippines/PH-VUI-126517/2022	20	6	27848-27850:CTT>TGA	None	earlyStop
USA/CO-CDPHE-2103692630/2022	20	6	27848-27850:CTT>TGA	None	earlyStop
Thailand/NIC_PTE_24367/2022	20	6	27848-27850:CTT>TGA	None	earlyStop
USA/VA-CDC-LC0924321/2022	20	6	27848-27850:CTT>TGA	None	earlyStop
Iceland/L-2045/2022	20	6	27848-27850:CTT>TGA	None	earlyStop
Georgia/Tb-sNGS6494/2022	20	6	27848-27850:CTT>TGA	None	earlyStop
Georgia/Tb-sNGS7023/2023	20	6	27848-27850:CTT>TGA	None	earlyStop
CzechRepublic/NRL-s210/2023	20	6	27848-27850:CTT>TGA	None	earlyStop
Georgia/Tb-s7379/2023	20	6	27848-27850:CTT>TGA	None	earlyStop
USA/NH-CDC-LC0945691/2022	20	6	27848-27850:CTT>TGA	None	earlyStop
USA/OH-CDC-QDX43991816/2022	20	6	27848-27850:CTT>TGA	None	earlyStop
USA/HI-TAMC_2211/2023	20	6	27848-27850:CTT>TGA	None	earlyStop
Australia/NSW-ICPMR-37731/2022	20	6	27848-27850:CTT>TGA	None	earlyStop
USA/PA-CDC-QDX37011342/2022	21	2	27848-27850:CTT>TGA	None	earlyStop
USA/TX-CDC-QDX47418208/2023	22	3	27848-27850:CTT>TGA	None	earlyStop
USA/TN-IVY-G43Q17H2/2023	22	3	27848-27850:CTT>TGA	None	earlyStop
Denmark/DCGC-633497/2022	22	3	27848-27850:CTT>TGA	None	earlyStop
Poland/n4/2023	22	3	27848-27850:CTT>TGA	None	earlyStop
Germany/NW-RKI-I-904479/2022	23	2	27761-27763:GAA>TAA	None	earlyStop
Haiti/55010062/2020	24	4	27794-27796:TTA>TAG	None	earlyStop
Haiti/34019/2020	24	4	27794-27796:TTA>TAG	None	earlyStop
Haiti/18249/2021	24	4	27794-27796:TTA>TAG	None	earlyStop
Montenegro/CO-00421_MNE000_2783182102/2021	25	2	27794-27796:TTA>TAG	None	earlyStop
Denmark/DCGC-15499/2020	26	2	27851-27853:GAA>TAA	None	earlyStop
PapuaNewGuinea/PNG3803/2021	27	2	27761-27763:GAA>TAA	None	earlyStop
Venezuela/Ara9098/2021	28	4	27761-27763:GAA>TAA	None	earlyStop
USA/GA-CDC-LC0078993/2021	28	4	27761-27763:GAA>TAA	None	earlyStop
USA/WA-CDC-LC0085140/2021	28	4	27761-27763:GAA>TAA	None	earlyStop
USA/CT-Yale-7373/2021	29	2	27761-27763:GAA>TAA	None	earlyStop
USA/WA-S7311/2021	30	2	27848-27850:CTT>TGA	None	earlyStop
U.S.VirginIslands/VI-CDC-03088017-001/2020	31	2	27812-27814:CTT>TAA	None	earlyStop
USA/MS-CDC-LC0012895/2021	32	2	27848-27850:CTT>TGA	None	earlyStop
USA/TX-DSHS-11610/2021	33	2	27848-27850:CTT>TGA	None	earlyStop
USA/WA-TRACE-CHEL-011921-755/2021	34	2	27848-27850:CTT>TGA	None	earlyStop
USA/VT-21-030495-CR-01/2020	35	2	None	27511:27866	bigDeletion
Thailand/63015565__2019/2020	36	2	None	27511:27808	bigDeletion
USA/WA-PHL-030499/2020	37	2	None	27527:27790	bigDeletion
Kenya/S109/2020	38	2	None	27511:27808	bigDeletion
Singapore/18/2020	39	2	None	27847:28229	bigDeletion
Thailand/Bangkok-0083/2020	40	2	None	27511:27808	bigDeletion
USA/DC-DFS-PHL-0976/2021	41	2	None	27511:27808	bigDeletion
Nicaragua/CNDR-154419/2021	42	2	None	27511:27808	bigDeletion
Ghana/84162_S45/2020	43	2	None	27842:28090	bigDeletion
Coted-Ivoire/BKE0937/2020	44	2	None	27511:27808	bigDeletion
Niger/CE1574/2020	45	2	None	27527:27790	bigDeletion
DRC/4188/2020	46	2	None	27527:27808	bigDeletion
Uganda/MAKCHScov18/2020	47	2	None	27523:27781	bigDeletion
DRC/214214/2021	48	2	None	27527:28082	bigDeletion
USA/WA-UW-845/2020	49	2	None	27879:27935	bigDeletion
USA/KS-KHEL-0034/2020	50	2	None	27610:27790	bigDeletion
Bangladesh/icddrb-4490/2020	50	2	None	27610:27790	bigDeletion
USA/UT-UPHL-2012911206/2020	50	2	None	27610:27790	bigDeletion
Kenya/C5442/2020	50	2	None	27610:27790	bigDeletion
USA/IL-IDPH-C-000473/2020	50	2	None	27610:27790	bigDeletion
USA/TN-2-15281-5/2020	51	2	None	27529:27791	bigDeletion
Malawi/COM-SEQ7032/2020	52	2	None	27697:27782	bigDeletion
USA/MO-MSPHL-000103/2020	53	3	None	27694:27790	bigDeletion
USA/MO-MSPHL-004988/2020	53	3	None	27694:27790	bigDeletion
USA/MO-MSPHL-007836/2020	53	3	None	27694:27790	bigDeletion
USA/TX-DSHS-0015/2020	54	2	None	27682:27784	bigDeletion
USA/UT-UPHL-2009073/2020	54	2	None	27682:27784	bigDeletion
USA/WA-S4633/2021	55	2	None	27528:27790	bigDeletion
USA/MI-MDHHS-SC21727/2020	56	2	None	27699:27792	bigDeletion
USA/WA-S5258/2020	57	2	None	27549:27791	bigDeletion
Ireland/OY-20G32932/2020	58	2	None	27511:27808	bigDeletion
Senegal/500125/2021	59	2	None	27527:27784	bigDeletion
USA/WA-UW-2021040102602/2021	60	2	None	27731:27790	bigDeletion
USA/WA-UW-65946/2021	61	2	None	27527:27865	bigDeletion
Haiti/34042/2020	62	6	None	27886:28205	bigDeletion
USA/WA-UW-60022/2021	62	6	None	27886:28205	bigDeletion
USA/WA-S3759/2020	62	6	None	27886:28205	bigDeletion
USA/WA-S4637/2021	62	6	None	27886:28205	bigDeletion
USA/WA-UW-65408/2021	62	6	None	27886:28205	bigDeletion
USA/WA-UW-65405/2021	62	6	None	27886:28205	bigDeletion
USA/WA-UW-64637/2021	62	6	None	27886:28205	bigDeletion
USA/WA-UW-61482/2021	62	6	None	27886:28205	bigDeletion
USA/WA-S4792/2021	62	6	None	27886:28205	bigDeletion
USA/WA-S4798/2021	62	6	None	27886:28205	bigDeletion
USA/WA-S5078/2021	62	6	None	27886:28205	bigDeletion
USA/WA-CDC-2-3971691/2021	62	6	None	27886:28205	bigDeletion
USA/WA-UW-31622/2020	62	6	None	27886:28205	bigDeletion
USA/WA-S6597/2021	62	6	None	27886:28205	bigDeletion
USA/WA-S6638/2021	62	6	None	27886:28205	bigDeletion
USA/WA-CDC-4138961-001/2021	62	6	None	27886:28205	bigDeletion
USA/WA-S3873/2021	62	6	None	27886:28205	bigDeletion
USA/WA-S3874/2021	62	6	None	27886:28205	bigDeletion
USA/WA-S3875/2021	62	6	None	27886:28205	bigDeletion
USA/WA-S2859/2020	62	6	None	27886:28205	bigDeletion
USA/WA-S2814/2020	62	6	None	27886:28205	bigDeletion
USA/WA-UW-26847/2020	62	6	None	27886:28205	bigDeletion
USA/WA-UW-26866/2020	62	6	None	27886:28205	bigDeletion
USA/WA-S5400/2020	62	6	None	27886:28205	bigDeletion
USA/WA-S2829/2020	62	6	None	27886:28205	bigDeletion
USA/WA-UW-26863/2020	62	6	None	27886:28205	bigDeletion
USA/WA-UW-26853/2020	62	6	None	27886:28205	bigDeletion
USA/WA-UW-26854/2020	62	6	None	27886:28205	bigDeletion
USA/SD-SDPHL-0046/2020	63	2	None	27527:27791	bigDeletion
USA/SD-SDPHL-0049/2020	64	2	None	27544:27790	bigDeletion
USA/DE-DHSS-B1074832/2020	65	2	None	27511:27808	bigDeletion
USA/WA-S3377/2020	66	2	None	27727:27777	bigDeletion
USA/WA-S3406/2020	66	2	None	27727:27777	bigDeletion
USA/WA-S4025/2021	66	2	None	27727:27777	bigDeletion
Belize/BZ-CML-TCMC-BZ018-1120/2020	67	2	None	27527:27803	bigDeletion
DRC/7713/2020	68	2	None	27765:27808	bigDeletion
Guinea/LFHVG-G0465/2020	68	2	None	27765:27808	bigDeletion
DRC/16143/2020	69	2	None	27511:27808	bigDeletion
Congo/FCRM-59-A9-26-04/2021	70	2	None	27743:27808	bigDeletion
Guinea/Conakry_IPG004/2020	71	2	None	27571:27776	bigDeletion
DRC/174/2020	71	2	None	27571:27776	bigDeletion
Congo/FCRM-50-A29-07-07/2021	72	2	None	27872:28208	bigDeletion
Cameroon/CAM-320/2021	73	2	None	27872:28086	bigDeletion
CentralAfricanRepublic/301/2021	73	2	None	27872:28086	bigDeletion
Niger/20640/2021	73	2	None	27872:28086	bigDeletion
Lithuania/IBT-LSC-VU_r13_17/2021	74	2	None	27854:27959	bigDeletion
Congo/RC-101/2021	75	3	None	27872:28699	bigDeletion
Congo/RC-159/2021	75	3	None	27872:28699	bigDeletion
USA/WA-S9234/2021	76	2	None	27568:27790	bigDeletion
USA/DE-DHSS-B1099474/2021	77	2	None	27511:27808	bigDeletion
Ireland/CO-NVRL-78IRL76888/2020	78	2	None	27667:27784	bigDeletion
Mauritius/P-016004/2020	79	2	None	27511:27808	bigDeletion
GuineaBissau/20LNSPGB/2021	80	2	None	27511:27808	bigDeletion
England/LOND-12F917B/2021	81	2	None	27511:27808	bigDeletion
Niger/EP121/2020	82	2	None	27527:27792	bigDeletion
Gambia/33059/2021	83	2	None	27511:27808	bigDeletion
Kenya/SS7186/2021	84	2	None	27826:28021	bigDeletion
Ghana/WACCBIP-GS1031/2021	85	2	None	27511:27808	bigDeletion
USA/WV-WVU-WV090922/2021	86	2	None	27723:27769	bigDeletion
USA/CT-Yale-267/2020	87	2	None	27511:27808	bigDeletion
Austria/CeMM2172/2020	88	2	None	27511:27808	bigDeletion
CentralAfricanRepublic/23648/2020	89	2	None	27527:27785	bigDeletion
USA/WY-WYPHL-20037586/2020	90	2	None	27527:27800	bigDeletion
USA/TN-UTMG-2-81100-3/2021	90	2	None	27527:27800	bigDeletion
USA/CA-ALSR-2843/2020	91	2	None	27575:27800	bigDeletion
USA/DE-DHSS-F980500/2020	92	2	None	27527:27791	bigDeletion
Switzerland/AG-ETHZ-470714/2021	93	2	None	27854:27917	bigDeletion
USA/WY-UNM-WY00106/2020	94	3	None	27744:27784	bigDeletion
Norway/2807/2020	94	3	None	27744:27784	bigDeletion
Norway/2872/2020	94	3	None	27744:27784	bigDeletion
Mexico/CHP-InDRE-IBT-87/2020	95	2	None	27672:27790	bigDeletion
USA/WA-OHSU-9569/2021	96	2	None	27511:27808	bigDeletion
USA/WA-S3721/2020	97	2	None	27527:27791	bigDeletion
USA/WA-S4341/2021	98	2	None	27577:27778	bigDeletion
USA/WA-S4697/2021	98	2	None	27577:27778	bigDeletion
USA/WA-S5609/2021	99	3	None	27748:27790	bigDeletion
USA/WA-S5610/2021	99	3	None	27748:27790	bigDeletion
USA/WA-S3061/2020	100	2	None	27527:27792	bigDeletion
USA/WA-S3201/2020	101	2	None	27527:27796	bigDeletion
USA/WA-S5761/2021	102	2	None	27527:27797	bigDeletion
USA/WA-S4787/2021	103	2	None	27646:27791	bigDeletion
USA/DE-DHSS-B1162205/2021	104	3	None	27753:28253	bigDeletion
USA/DE-DHSS-B1151398/2021	104	3	None	27753:28253	bigDeletion
USA/CA-ALSR-1970/2020	105	2	None	27727:27808	bigDeletion
USA/WA-S5091/2021	106	2	None	27751:27790	bigDeletion
USA/WA-OHSU-9071/2020	106	2	None	27751:27790	bigDeletion
USA/WA-S8168/2020	106	2	None	27751:27790	bigDeletion
USA/WA-S4280/2021	107	2	None	27743:27776	bigDeletion
USA/WA-S4595/2021	107	2	None	27743:27776	bigDeletion
USA/AK-PHL21174/2020	108	3	None	27579:27783	bigDeletion
USA/AK-PHL21196/2020	108	3	None	27579:27783	bigDeletion
USA/WA-S3775/2021	109	2	None	27527:27791	bigDeletion
USA/WA-S5530/2021	110	2	None	27750:27791	bigDeletion
USA/WA-S6612/2021	111	2	None	27527:27791	bigDeletion
USA/WA-S4155/2020	112	2	None	27551:27775	bigDeletion
USA/WA-S3376/2020	113	2	None	27752:27791	bigDeletion
USA/WA-S4982/2021	114	2	None	27528:27790	bigDeletion
USA/WA-S4875/2021	114	2	None	27528:27790	bigDeletion
USA/WA-S5730/2021	114	2	None	27528:27790	bigDeletion
USA/WA-S6261/2021	115	2	None	27527:27790	bigDeletion
USA/WA-S6290/2021	115	2	None	27527:27790	bigDeletion
USA/WA-S6004/2021	116	2	None	27527:27791	bigDeletion
USA/WA-S3599/2020	117	2	None	27750:27791	bigDeletion
USA/WA-S4794/2021	118	2	None	27527:27791	bigDeletion
USA/WA-S4704/2021	119	2	None	27527:27790	bigDeletion
USA/WA-S5919/2021	120	2	None	27529:27791	bigDeletion
USA/WA-S3129/2020	120	2	None	27529:27791	bigDeletion
USA/WA-S3678/2021	121	2	None	27527:27791	bigDeletion
USA/WA-S3125/2020	122	2	None	27527:27792	bigDeletion
USA/WA-S3148/2020	122	2	None	27527:27792	bigDeletion
USA/WA-S3073/2020	123	2	None	27739:27791	bigDeletion
USA/WA-S9135/2020	124	2	None	27751:27791	bigDeletion
USA/WA-S9136/2020	124	2	None	27751:27791	bigDeletion
USA/WA-S5931/2020	125	2	None	27527:27803	bigDeletion
USA/WA-S4559/2021	126	2	None	27527:27791	bigDeletion
USA/WA-S3375/2020	127	2	None	27527:27799	bigDeletion
USA/WA-S5389/2020	128	4	None	27748:27784	bigDeletion
USA/WA-S4652/2021	128	4	None	27748:27784	bigDeletion
USA/WA-S4968/2021	128	4	None	27748:27784	bigDeletion
USA/WA-UW-66006/2021	128	4	None	27748:27784	bigDeletion
USA/WA-S6655/2021	128	4	None	27748:27784	bigDeletion
USA/OH-CDC-QDX23208909/2021	129	2	None	27825:27922	bigDeletion
USA/WA-UW-68841/2021	130	3	None	27825:28221	bigDeletion
USA/WA-UW-68626/2021	130	3	None	27825:28221	bigDeletion
USA/WA-UW-2021033002550/2021	130	3	None	27825:28221	bigDeletion
USA/WA-S4467/2021	131	4	None	27825:27855	bigDeletion
USA/WA-S3711/2020	131	4	None	27825:27855	bigDeletion
USA/WA-UW-21051328845/2021	131	4	None	27825:27855	bigDeletion
USA/WA-S5190/2021	131	4	None	27825:27855	bigDeletion
USA/WA-S5191/2021	131	4	None	27825:27855	bigDeletion
USA/WA-PHL-029236/2020	131	4	None	27825:27855	bigDeletion
USA/WA-UW-61191/2021	131	4	None	27825:27855	bigDeletion
USA/WA-UW-60934/2021	131	4	None	27825:27855	bigDeletion
USA/WA-UW-58958/2021	131	4	None	27825:27855	bigDeletion
USA/WA-UW-61242/2021	132	8	None	27839:27874	bigDeletion
USA/WA-UW-29751/2020	132	8	None	27839:27874	bigDeletion
USA/WA-S4673/2020	132	8	None	27839:27874	bigDeletion
USA/WA-S5029/2020	132	8	None	27839:27874	bigDeletion
USA/WA-S5041/2020	132	8	None	27839:27874	bigDeletion
USA/WA-UW-47132/2020	132	8	None	27839:27874	bigDeletion
USA/WA-UW-46944/2020	132	8	None	27839:27874	bigDeletion
USA/WA-S4156/2020	132	8	None	27839:27874	bigDeletion
USA/WA-S4275/2021	132	8	None	27839:27874	bigDeletion
USA/WA-CDC-4139004-001/2021	132	8	None	27839:27874	bigDeletion
USA/WA-CDC-4010386-001/2020	132	8	None	27839:27874	bigDeletion
USA/WA-CDC-4010417-001/2020	132	8	None	27839:27874	bigDeletion
USA/WA-S4063/2021	132	8	None	27839:27874	bigDeletion
USA/WA-S4094/2021	132	8	None	27839:27874	bigDeletion
USA/WA-S4555/2021	132	8	None	27839:27874	bigDeletion
USA/WA-S3984/2021	132	8	None	27839:27874	bigDeletion
USA/WA-S3152/2020	132	8	None	27839:27874	bigDeletion
USA/WA-UW-47087/2020	132	8	None	27839:27874	bigDeletion
USA/WA-UW-48595/2020	132	8	None	27839:27874	bigDeletion
USA/WA-UW-61151/2021	132	8	None	27839:27874	bigDeletion
USA/WA-S3625/2020	132	8	None	27839:27874	bigDeletion
USA/WA-S3819/2020	132	8	None	27839:27874	bigDeletion
USA/WA-S4104/2021	132	8	None	27839:27874	bigDeletion
USA/WA-S4283/2021	132	8	None	27839:27874	bigDeletion
USA/WA-S4455/2021	132	8	None	27839:27874	bigDeletion
USA/WA-UW-61125/2021	132	8	None	27839:27874	bigDeletion
USA/WA-MG_LHPOC87/2021	132	8	None	27839:27874	bigDeletion
USA/WA-MG_LHPOC80/2021	132	8	None	27839:27874	bigDeletion
USA/WA-UW-21010516952/2021	132	8	None	27839:27874	bigDeletion
USA/WA-MG_LHPOC75/2021	132	8	None	27839:27874	bigDeletion
USA/FL-BPHL-1731/2020	133	2	None	27526:27797	bigDeletion
USA/DC-DFS-PHL-0270/2020	134	2	None	27709:27791	bigDeletion
USA/DE-DHSS-F979745/2020	134	2	None	27709:27791	bigDeletion
USA/WY-WYPHL-20080115/2020	135	2	None	27511:28104	bigDeletion
USA/NE-CUMC_20293165/2020	136	2	None	27713:27808	bigDeletion
USA/WA-S11468/2020	137	2	None	27527:27790	bigDeletion
USA/WA-S4128/2020	137	2	None	27527:27790	bigDeletion
USA/NE-CUMC_20314050/2020	138	2	None	27719:27808	bigDeletion
USA/AZ-TG778761/2020	139	2	None	27526:27791	bigDeletion
USA/ND-UNDGC-G2021_51_68/2021	140	2	None	27527:27803	bigDeletion
USA/WA-S6253/2021	140	2	None	27527:27803	bigDeletion
USA/SD-SDPHL-0064/2021	141	2	None	27527:27790	bigDeletion
USA/DE-DHSS-FLW00407322/2020	142	2	None	27527:27789	bigDeletion
USA/WA-S5323/2020	143	2	None	27527:27790	bigDeletion
USA/ND-NDDH-3400/2020	144	2	None	27511:27808	bigDeletion
USA/WA-S4458/2021	145	2	None	27527:27791	bigDeletion
USA/WA-S5349/2020	146	2	None	27527:27791	bigDeletion
USA/WA-S5709/2021	147	2	None	27527:28087	bigDeletion
USA/WA-S5327/2020	148	2	None	27679:27790	bigDeletion
Madagascar/IPM-21256/2020	149	2	None	27527:27803	bigDeletion
Philippines/PH-PGC-00200/2020	150	2	None	27526:27792	bigDeletion
env/Bangladesh/icddrb-0101309/2020	151	2	None	27534:27784	bigDeletion
Romania/DJ16358/2020	151	2	None	27534:27784	bigDeletion
USA/ME-HETL-J13464/2021	152	2	None	27825:28245	bigDeletion
USA/WA-S3274/2020	153	2	None	27826:28245	bigDeletion
USA/WA-S3278/2020	153	2	None	27826:28245	bigDeletion
USA/WA-S3531/2020	154	2	None	27596:27791	bigDeletion
Guatemala/GUA-LNS-1061/2021	155	2	None	27844:28088	bigDeletion
Philippines/PH-RITM-748/2020	156	2	None	27695:27774	bigDeletion
Guinea/Conakry_IPG16185/2020	157	2	None	27844:28081	bigDeletion
Greece/30566/2020	158	2	None	27539:28074	bigDeletion
Malawi/MLW-00024/2020	159	2	None	27511:27808	bigDeletion
Botswana/R8B36_BHP_CV1203167/2020	160	3	None	27511:27808	bigDeletion
Botswana/R8B37_BHP_AAB1612/2021	160	3	None	27511:27808	bigDeletion
Botswana/R8B40_BHP_AAB8009/2020	160	3	None	27511:27808	bigDeletion
Botswana/R8B28_BHP_AAB12564/2020	160	3	None	27511:27808	bigDeletion
USA/DE-DHSS-FLW00761412/2021	161	2	None	27526:27790	bigDeletion
GuineaBissau/74LNSPGB/2020	162	2	None	27511:27808	bigDeletion
GuineaBissau/92LNSPGB/2020	162	2	None	27511:27808	bigDeletion
Senegal/190078/2021	163	2	None	27527:27791	bigDeletion
Senegal/166517/2021	163	2	None	27527:27791	bigDeletion
Senegal/140821/2020	163	2	None	27527:27791	bigDeletion
Cyprus/BMV1376/2021	164	2	None	27533:27790	bigDeletion
Tunisia/A-9942/2020	165	2	None	27744:27785	bigDeletion
Bangladesh/CHRF-0159/2020	166	2	None	27581:27784	bigDeletion
Madagascar/IPM-08013/2020	167	2	None	27575:27791	bigDeletion
USA/WA-S6690/2021	168	2	None	27527:27785	bigDeletion
Jordan/SEARCH-5449/2020	169	2	None	27527:27800	bigDeletion
USA/WA-S4833/2021	170	2	None	27715:27791	bigDeletion
USA/SC-DHEC-0928/2020	171	2	None	27580:27790	bigDeletion
USA/ND-NDDH-3305/2020	172	2	None	27511:27891	bigDeletion
USA/ND-NDDH-0221/2020	173	2	None	27527:27791	bigDeletion
CaboVerde/Mindelo_00170/2021	174	2	None	27607:27791	bigDeletion
Bahrain/60009143/2021	175	2	None	27523:27794	bigDeletion
USA/WA-S4142/2020	176	2	None	27748:28088	bigDeletion
USA/WA-S6589/2021	177	2	None	27527:27791	bigDeletion
USA/WA-S3196/2020	178	2	None	27549:27792	bigDeletion
USA/WV-WVU-WV090358/2020	179	2	None	27723:27762	bigDeletion
USA/DE-DHSS-B1061872/2021	180	2	None	27511:27808	bigDeletion
USA/WA-S5276/2020	181	2	None	27527:27791	bigDeletion
USA/WA-S4154/2020	182	2	None	27755:27785	bigDeletion
USA/WA-S5270/2020	183	2	None	27724:27758	bigDeletion
USA/FL-BPHL-0525/2020	184	2	None	27667:27784	bigDeletion
Botswana/BOT2624/2020	185	2	None	27511:27808	bigDeletion
Bahrain/341182453/2020	186	2	None	27661:27794	bigDeletion
USA/CT-Yale-460/2020	187	2	None	27511:27808	bigDeletion
USA/WA-S6636/2021	188	2	None	27527:27791	bigDeletion
USA/WA-S5071/2021	189	2	None	27596:27790	bigDeletion
USA/WA-S5070/2021	189	2	None	27596:27790	bigDeletion
USA/WA-S5069/2021	190	2	None	27679:27790	bigDeletion
USA/WA-S5506/2021	191	2	None	27527:27792	bigDeletion
USA/WA-UW-62745/2021	192	2	None	27596:27755	bigDeletion
Ireland/D-NVRL-M35IRL57295/2021	193	2	None	27542:27808	bigDeletion
Denmark/DCGC-243522/2021	194	2	None	27770:27834	bigDeletion
USA/DC-CDC-LC0043132/2021	195	2	None	26835:27808	bigDeletion
Benin/249948/2021	196	2	None	27683:27788	bigDeletion
Israel/CVL-15319/2021	196	2	None	27683:27788	bigDeletion
Senegal/7977029/2021	197	2	None	27835:27915	bigDeletion
Gabon/CERMEL-DD0334/2021	198	2	None	26835:27808	bigDeletion
Ghana/WACCBIP-GS1167/2021	199	2	None	27511:27808	bigDeletion
Guinea/CERFIG-24250/2021	200	2	None	27849:27997	bigDeletion
Benin/428547/2021	201	2	None	27710:27834	bigDeletion
SaoTomeandPrincipe/05/2021	202	2	None	27511:27808	bigDeletion
Sweden/SE00600658/2021	203	2	None	27809:27870	bigDeletion
Peru/PIU-INS-1999/2021	204	2	None	27859:27934	bigDeletion
USA/WA-S6009/2021	205	2	None	27527:27791	bigDeletion
Ireland/LH-NVRL-G21IRL63820/2021	206	2	None	27642:27808	bigDeletion
USA/DE-B1099624-6-18/2021	207	3	None	27701:27761	bigDeletion
USA/DE-Curative-027310/2021	207	3	None	27701:27761	bigDeletion
SaintKittsandNevis/85483/2021	208	2	None	27511:27808	bigDeletion
USA/WY-WYPHL-21041482/2021	209	2	None	27524:27803	bigDeletion
USA/CO-CDPHE-2101535432/2021	210	2	None	27527:27791	bigDeletion
USA/WI-MHDL-95083/2021	210	2	None	27527:27791	bigDeletion
USA/WY-WYPHL-21051732/2021	211	2	None	27604:27808	bigDeletion
Mauritius/P004441/2020	212	2	None	27511:27808	bigDeletion
USA/WA-S6658/2021	213	2	None	27527:27791	bigDeletion
USA/VT-MASPHL-02039/2021	214	2	None	27756:27791	bigDeletion
TrinidadandTobago/55453/2021	215	2	None	27511:27808	bigDeletion
USA/WA-S9390/2020	216	2	None	27737:27790	bigDeletion
USA/WA-PHL-029962/2021	217	2	None	27844:28251	bigDeletion
USA/WA-S6615/2021	218	2	None	27721:27771	bigDeletion
USA/WA-S7706/2021	219	2	None	27527:27791	bigDeletion
USA/IL-S21WGS174/2021	220	2	None	27676:27790	bigDeletion
USA/WA-UW-21042908303/2021	221	2	None	27527:27784	bigDeletion
USA/WA-S7869/2021	222	2	None	27721:27789	bigDeletion
USA/WA-S8681/2021	222	2	None	27721:27789	bigDeletion
USA/WA-S7199/2021	222	2	None	27721:27789	bigDeletion
PuertoRico/PR-UPRRP-5682/2022	223	2	None	27527:27808	bigDeletion
USA/WA-S8980/2021	224	2	None	27529:27790	bigDeletion
USA/WA-S7860/2021	225	2	None	27529:27791	bigDeletion
USA/WA-S6501/2021	226	2	None	27527:27791	bigDeletion
USA/WA-UW-2021040633310/2021	227	2	None	27558:27784	bigDeletion
USA/WA-S7177/2021	228	2	None	27527:27791	bigDeletion
USA/WA-S1513/2020	229	2	None	27866:27906	bigDeletion
USA/WA-S5228/2020	230	2	None	27527:27803	bigDeletion
NewZealand/21MV0180/2021	231	2	None	27825:28104	bigDeletion
USA/LA-EVTL3077/2021	232	2	None	27825:28104	bigDeletion
USA/MD-HP09734-PIDDRFSXAG/2021	233	2	None	27825:28104	bigDeletion
USA/WA-Altius-ALTCOV-DKGZKT7DVTPBG7CJ/2021	234	2	None	27819:27868	bigDeletion
USA/WA-S6450/2021	234	2	None	27819:27868	bigDeletion
USA/WA-S11578/2021	235	2	None	27845:28082	bigDeletion
USA/WA-Curative-058136/2021	236	2	None	27825:28088	bigDeletion
USA/WA-OHSU-212300703/2021	237	2	None	27845:27921	bigDeletion
USA/WA-OHSU-212310340/2021	237	2	None	27845:27921	bigDeletion
USA/MA-CDCBI-CRSP_GYINMD4T54LU7XW2/2021	238	2	None	27855:28080	bigDeletion
USA/MA-CDCBI-CRSP_SEQOQVIVGYE5VLYJ/2021	238	2	None	27855:28080	bigDeletion
USA/WA-S8810/2021	239	2	None	27527:27805	bigDeletion
USA/MA-CDCBI-CRSP_RP3OXD6JRLQEACL3/2021	240	2	None	27855:28079	bigDeletion
DominicanRepublic/DR_AFI126/2022	241	2	None	27825:28104	bigDeletion
Nicaragua/CNDR-163898/2021	242	2	None	27825:28104	bigDeletion
USA/TX-CDC-QDX24564115/2021	243	2	None	27825:27922	bigDeletion
USA/WA-S6817/2021	244	2	None	27561:27805	bigDeletion
USA/WA-Curative-022340/2021	245	2	None	27701:27763	bigDeletion
USA/WA-S9267/2021	246	2	None	27875:27946	bigDeletion
USA/CT-CDC-QDX25472493/2021	247	2	None	27825:28104	bigDeletion
USA/DC-DFS-PHL-0901/2021	248	2	None	27815:28104	bigDeletion
TrinidadandTobago/66640/2021	249	2	None	27825:28104	bigDeletion
TrinidadandTobago/90172/2021	249	2	None	27825:28104	bigDeletion
TrinidadandTobago/57735/2021	250	3	None	27511:27808	bigDeletion
TrinidadandTobago/74353/2021	250	3	None	27511:27808	bigDeletion
TrinidadandTobago/60564/2021	250	3	None	27511:27808	bigDeletion
USA/IL-RED-MCL-41003686/2021	251	2	None	27852:27911	bigDeletion
USA/WA-S9930/2021	252	2	None	27527:28034	bigDeletion
USA/WA-S9498/2021	253	2	None	27799:28088	bigDeletion
USA/WA-S9535/2021	254	2	None	27844:27927	bigDeletion
USA/WA-S7870/2021	254	2	None	27844:27927	bigDeletion
USA/WA-S7073/2021	254	2	None	27844:27927	bigDeletion
USA/WA-S7839/2021	255	2	None	27766:27796	bigDeletion
USA/WA-S7950/2021	256	2	None	27527:28088	bigDeletion
USA/WA-S7856/2021	257	2	None	27528:27791	bigDeletion
USA/WA-S7120/2021	257	2	None	27528:27791	bigDeletion
USA/WA-S7133/2021	258	2	None	27527:28088	bigDeletion
USA/WA-S9388/2021	259	2	None	27850:27880	bigDeletion
USA/AZ-CDC-QDX25533788/2021	260	2	None	27825:28104	bigDeletion
USA/PA-CDC-QDX25620257/2021	261	2	None	27825:28104	bigDeletion
USA/WA-OHSU-212310537/2021	262	2	None	27845:28088	bigDeletion
USA/NE-NCOV21-16468/2021	263	2	None	27825:28104	bigDeletion
USA/CA-CDC-QDX24799326/2021	264	2	None	27825:27927	bigDeletion
USA/WA-S7092/2021	265	2	None	27759:27827	bigDeletion
USA/WA-S7893/2021	265	2	None	27759:27827	bigDeletion
USA/WA-S7986/2021	265	2	None	27759:27827	bigDeletion
USA/WA-Curative-054773/2021	266	2	None	27699:27785	bigDeletion
USA/WA-Curative-007400/2021	266	2	None	27699:27785	bigDeletion
USA/WA-S8526/2021	267	2	None	27595:27803	bigDeletion
USA/WA-S7089/2021	268	2	None	27845:28088	bigDeletion
USA/WA-S7195/2021	268	2	None	27845:28088	bigDeletion
USA/WA-S7193/2021	268	2	None	27845:28088	bigDeletion
USA/WA-S7194/2021	268	2	None	27845:28088	bigDeletion
USA/WA-S9021/2021	269	2	None	27751:27791	bigDeletion
USA/WA-S9035/2021	269	2	None	27751:27791	bigDeletion
USA/WA-OHSU-212290585/2021	270	2	None	27842:27903	bigDeletion
USA/WA-OHSU-212290734/2021	270	2	None	27842:27903	bigDeletion
USA/WA-OHSU-211870401/2021	271	2	None	27842:28085	bigDeletion
USA/WA-OHSU-212070144/2021	271	2	None	27842:28085	bigDeletion
USA/WA-S9474/2021	272	2	None	27877:27915	bigDeletion
USA/WA-OHSU-212300408/2021	272	2	None	27877:27915	bigDeletion
USA/WA-OHSU-212000284/2021	272	2	None	27877:27915	bigDeletion
USA/OR-OHSU-212110345/2021	272	2	None	27877:27915	bigDeletion
USA/WA-S10424/2021	273	2	None	27824:27881	bigDeletion
USA/WA-OHSU-212300884/2021	274	2	None	27843:28088	bigDeletion
USA/WA-OHSU-212300823/2021	274	2	None	27843:28088	bigDeletion
USA/WA-OHSU-212050168/2021	274	2	None	27843:28088	bigDeletion
USA/WA-OHSU-212310618/2021	275	2	None	27845:27884	bigDeletion
USA/OR-OHSU-212010497/2021	275	2	None	27845:27884	bigDeletion
USA/OR-OHSU-212140161/2021	276	2	None	27845:27901	bigDeletion
USA/WA-OHSU-212050235/2021	276	2	None	27845:27901	bigDeletion
USA/WA-OHSU-211930398/2021	276	2	None	27845:27901	bigDeletion
USA/OR-OHSU-211950087/2021	276	2	None	27845:27901	bigDeletion
USA/WA-OHSU-212100032/2021	277	2	None	27656:27792	bigDeletion
USA/WA-PROV-1356/2021	277	2	None	27656:27792	bigDeletion
USA/WA-S10412/2021	277	2	None	27656:27792	bigDeletion
USA/WA-S9301/2021	278	2	None	27765:27803	bigDeletion
USA/WA-S7134/2021	279	2	None	27853:28088	bigDeletion
USA/WA-S7083/2021	279	2	None	27853:28088	bigDeletion
USA/WA-Curative-035721/2021	279	2	None	27853:28088	bigDeletion
USA/WA-S7184/2021	279	2	None	27853:28088	bigDeletion
USA/WA-S8812/2021	280	2	None	27727:27790	bigDeletion
USA/WA-S13430/2021	281	2	None	27838:27949	bigDeletion
USA/WA-PHL-003612/2021	282	2	None	27726:27768	bigDeletion
USA/WA-S12471/2021	283	2	None	27845:28087	bigDeletion
USA/WA-PROV-1012/2021	284	3	None	27857:27922	bigDeletion
USA/AZ-CDC-QDX25664338/2021	284	3	None	27857:27922	bigDeletion
USA/WA-S7141/2021	284	3	None	27857:27922	bigDeletion
USA/OH-21AM-106CO04632/2021	285	2	None	27849:28087	bigDeletion
Belize/CML-176/2021	286	2	None	27825:28104	bigDeletion
USA/WA-S8034/2021	287	2	None	27527:27808	bigDeletion
USA/WA-PHL-001056/2021	288	2	None	27511:27767	bigDeletion
USA/WA-CDC-UW21050399975/2021	289	2	None	27528:27803	bigDeletion
USA/WA-S6895/2021	290	2	None	27835:27874	bigDeletion
USA/WA-S7514/2021	290	2	None	27835:27874	bigDeletion
USA/WA-S6233/2021	290	2	None	27835:27874	bigDeletion
USA/WA-S6230/2021	290	2	None	27835:27874	bigDeletion
USA/WA-PROV-1026/2021	290	2	None	27835:27874	bigDeletion
USA/MA-CDCBI-CRSP_UOACXQZJK6B56HPV/2021	290	2	None	27835:27874	bigDeletion
USA/WA-S10314/2021	291	2	None	27527:27829	bigDeletion
USA/WA-S6941/2021	292	2	None	27527:28088	bigDeletion
USA/WA-S6918/2021	293	2	None	27527:28088	bigDeletion
USA/WA-S10119/2021	294	2	None	27561:27803	bigDeletion
USA/WA-S6896/2021	295	2	None	27842:27961	bigDeletion
USA/WA-S6404/2021	295	2	None	27842:27961	bigDeletion
USA/WA-S7041/2021	295	2	None	27842:27961	bigDeletion
USA/WA-S6829/2021	295	2	None	27842:27961	bigDeletion
USA/WA-S6279/2021	295	2	None	27842:27961	bigDeletion
USA/WA-S8439/2021	296	2	None	27527:27796	bigDeletion
USA/WA-S9475/2021	297	2	None	27716:27791	bigDeletion
USA/WA-S8106/2021	297	2	None	27716:27791	bigDeletion
USA/WA-S8109/2021	297	2	None	27716:27791	bigDeletion
USA/WA-S9263/2021	298	2	None	27661:27819	bigDeletion
USA/WA-Curative-024832/2021	299	2	None	27843:27929	bigDeletion
USA/WA-S6393/2021	299	2	None	27843:27929	bigDeletion
USA/WA-S6315/2021	299	2	None	27843:27929	bigDeletion
USA/WA-S6002/2021	299	2	None	27843:27929	bigDeletion
USA/WA-S6186/2021	299	2	None	27843:27929	bigDeletion
USA/WA-S6872/2021	299	2	None	27843:27929	bigDeletion
USA/WA-S6329/2021	299	2	None	27843:27929	bigDeletion
USA/WA-S6860/2021	299	2	None	27843:27929	bigDeletion
USA/WA-S6336/2021	299	2	None	27843:27929	bigDeletion
USA/WA-S6379/2021	299	2	None	27843:27929	bigDeletion
USA/WA-S8424/2021	300	2	None	27759:27791	bigDeletion
USA/WA-S9472/2021	301	2	None	27527:27803	bigDeletion
USA/WA-S6531/2021	302	2	None	27527:28088	bigDeletion
USA/WA-S6386/2021	303	2	None	27842:28088	bigDeletion
USA/WA-S8869/2021	304	2	None	27764:27887	bigDeletion
USA/WA-PROV-1309/2021	305	2	None	27751:27801	bigDeletion
USA/WA-S9371/2021	306	2	None	27527:27876	bigDeletion
USA/WA-S6433/2021	307	2	None	27837:28078	bigDeletion
USA/WA-S6438/2021	307	2	None	27837:28078	bigDeletion
USA/WA-S8956/2021	308	3	None	27732:27764	bigDeletion
USA/WA-S8031/2021	308	3	None	27732:27764	bigDeletion
USA/WA-S6419/2021	308	3	None	27732:27764	bigDeletion
USA/WA-S7667/2021	308	3	None	27732:27764	bigDeletion
USA/WA-S7346/2021	308	3	None	27732:27764	bigDeletion
USA/WA-S8029/2021	308	3	None	27732:27764	bigDeletion
USA/WA-S8970/2021	308	3	None	27732:27764	bigDeletion
USA/WA-S7343/2021	308	3	None	27732:27764	bigDeletion
USA/WA-S7762/2021	308	3	None	27732:27764	bigDeletion
USA/WA-S8064/2021	308	3	None	27732:27764	bigDeletion
USA/WA-S7643/2021	308	3	None	27732:27764	bigDeletion
USA/WA-S7669/2021	308	3	None	27732:27764	bigDeletion
USA/WA-S8954/2021	308	3	None	27732:27764	bigDeletion
USA/WA-S8314/2021	308	3	None	27732:27764	bigDeletion
USA/WA-S7329/2021	308	3	None	27732:27764	bigDeletion
USA/WA-S6417/2021	308	3	None	27732:27764	bigDeletion
USA/WA-S7257/2021	308	3	None	27732:27764	bigDeletion
USA/WA-S9003/2021	308	3	None	27732:27764	bigDeletion
USA/WA-S7675/2021	308	3	None	27732:27764	bigDeletion
USA/WA-S6780/2021	308	3	None	27732:27764	bigDeletion
USA/WA-S6447/2021	308	3	None	27732:27764	bigDeletion
USA/WA-S7633/2021	308	3	None	27732:27764	bigDeletion
USA/WA-S7656/2021	308	3	None	27732:27764	bigDeletion
USA/WA-S7356/2021	308	3	None	27732:27764	bigDeletion
USA/WA-S8983/2021	309	2	None	27736:27791	bigDeletion
USA/WA-S9250/2021	309	2	None	27736:27791	bigDeletion
USA/WA-S8986/2021	310	2	None	27551:27800	bigDeletion
USA/WA-S9272/2021	311	2	None	27527:27803	bigDeletion
USA/WA-S8004/2021	312	2	None	27817:27925	bigDeletion
USA/WA-S9449/2021	313	2	None	27754:27791	bigDeletion
USA/WA-S7345/2021	314	2	None	27727:27762	bigDeletion
USA/WA-S7729/2021	315	2	None	27714:27798	bigDeletion
USA/WA-S9400/2021	316	2	None	27527:27803	bigDeletion
USA/WA-S9345/2021	317	2	None	27751:27798	bigDeletion
USA/WA-S8952/2021	318	2	None	27528:27803	bigDeletion
USA/WA-S8953/2021	318	2	None	27528:27803	bigDeletion
USA/WA-S9280/2021	319	2	None	27844:27924	bigDeletion
USA/WA-S10184/2021	320	2	None	27610:27764	bigDeletion
USA/WA-S10138/2021	320	2	None	27610:27764	bigDeletion
USA/WA-S9583/2021	321	2	None	27561:27803	bigDeletion
USA/WA-S8699/2021	321	2	None	27561:27803	bigDeletion
USA/WA-S8928/2021	321	2	None	27561:27803	bigDeletion
USA/WA-S8696/2021	321	2	None	27561:27803	bigDeletion
USA/WA-S8967/2021	321	2	None	27561:27803	bigDeletion
Bangladesh/BTID_B_210707_653/2021	322	2	None	27826:28021	bigDeletion
SouthAfrica/SU-NHLS_6229/2022	323	2	None	27872:28675	bigDeletion
Philippines/PH-VUI-141794/2022	324	3	None	27845:27894	bigDeletion
Philippines/PH-VUI-141812/2022	324	3	None	27845:27894	bigDeletion
USA/PA-CDC-LC1002533/2023	325	2	None	27687:27781	bigDeletion
SouthKorea/KDCA122844/2022	326	2	None	27825:28104	bigDeletion
USA/WA-CDC-UW22032723813/2022	327	2	None	27751:28088	bigDeletion
Israel/CVL-8010641/2022	328	2	None	27527:27800	bigDeletion
SriLanka/aicbu4162/2022	329	2	None	27872:28675	bigDeletion
Moldova/G0086/2022	330	2	None	27872:28255	bigDeletion
USA/IL-CDC-ASC210722858/2022	331	2	None	27855:27894	bigDeletion
USA/NC-ECU-CORVASEQ-113947350/2022	331	2	None	27855:27894	bigDeletion
France/ARA-HMN-22052090842/2022	331	2	None	27855:27894	bigDeletion
USA/CT-YPL22-33379/2022	332	2	None	27786:27819	bigDeletion
Germany/NW-HHU-28939/2022	333	2	None	27647:27859	bigDeletion
SouthAfrica/SU-NHLS_3923/2022	334	2	None	27872:28254	bigDeletion
Slovakia/BA_22_00018857/2022	335	2	None	27762:27793	bigDeletion
Chile/LR-106291/2022	336	2	None	27527:27831	bigDeletion
USA/NC-ECU-CORVASEQ-116707625/2023	337	2	None	27887:28047	bigDeletion
Germany/SN-RKI-I-1043762/2022	338	2	None	27684:27859	bigDeletion
SouthAfrica/SU-NHLS_6334/2022	339	2	None	27872:28254	bigDeletion
Mauritius/9918/2023	340	2	None	27493:27808	bigDeletion
USA/WA-CDC-LC0609649/2022	341	2	None	27500:28301	bigDeletion
USA/WI-UW-10637/2022	342	2	None	27872:27959	bigDeletion
Cameroon/13559/2022	343	2	None	27880:28244	bigDeletion
USA/IL-C22WGS9085/2022	344	2	None	27877:27920	bigDeletion
USA/IA-SHL-2209671/2022	345	2	None	27872:27904	bigDeletion
Spain/GA-SCQ_22-299247/2022	346	2	None	27527:28088	bigDeletion
USA/DE-DHSS-F893993/2020	347	2	None	27527:27791	bigDeletion
USA/WA-S3134/2020	348	2	None	27527:27792	bigDeletion
USA/DE-DHSS-F918505/2020	349	2	None	27754:27784	bigDeletion
USA/DE-DHSS-F918481/2020	349	2	None	27754:27784	bigDeletion
USA/DE-DHSS-F970606/2020	349	2	None	27754:27784	bigDeletion
USA/VT-21-030492-CR-01/2020	349	2	None	27754:27784	bigDeletion
env/USA/MT-BWRF-0327/2020	349	2	None	27754:27784	bigDeletion
USA/TX-DSHS-1929/2020	349	2	None	27754:27784	bigDeletion
USA/TX-DSHS-1119/2020	350	2	None	27716:27791	bigDeletion
Cameroon/Yaounde-20V-6189/2020	351	2	None	27682:27791	bigDeletion
GuineaBissau/51LNSPGB/2020	351	2	None	27682:27791	bigDeletion
USA/CT-Yale-501/2020	352	2	None	27511:27808	bigDeletion
Madagascar/IPM-03356/2020	353	2	None	27527:27797	bigDeletion
USA/ND-NDDH-3307/2020	354	2	None	27696:27757	bigDeletion
USA/NM-UNM-00102/2020	354	2	None	27696:27757	bigDeletion
Panama/GMI-PA572717/2020	355	2	None	27511:27882	bigDeletion
TrinidadandTobago/TT6949/2020	356	2	None	27767:27808	bigDeletion
TrinidadandTobago/5338/2021	356	2	None	27767:27808	bigDeletion
TrinidadandTobago/59222/2021	357	2	None	27511:27808	bigDeletion
CaboVerde/PortoNovo_13453/2020	358	2	None	27527:27802	bigDeletion
India/UP-IGIB-20422/2021	359	2	None	27682:27763	bigDeletion
USA/MS-UT2044/2020	360	3	None	27681:27760	bigDeletion
USA/ND-NDDH-0015/2020	360	3	None	27681:27760	bigDeletion
USA/WV-WVU-WV118693/2020	360	3	None	27681:27760	bigDeletion
USA/CT-Yale-283/2020	360	3	None	27681:27760	bigDeletion
USA/WV-WV118941/2020	360	3	None	27681:27760	bigDeletion
USA/NM-NMDOH-2020126562/2020	360	3	None	27681:27760	bigDeletion
USA/MI-MDHHS-SC21220/2020	360	3	None	27681:27760	bigDeletion
USA/AK-PHL154/2020	360	3	None	27681:27760	bigDeletion
USA/AZ-TG670184/2020	360	3	None	27681:27760	bigDeletion
USA/AZ-TG569506/2020	360	3	None	27681:27760	bigDeletion
USA/AZ-TG299601/2020	360	3	None	27681:27760	bigDeletion
USA/WY-WYPHL-00097/2020	360	3	None	27681:27760	bigDeletion
USA/ND-NDDH-0028/2020	360	3	None	27681:27760	bigDeletion
PuertoRico/PR-CDC-S10/2020	360	3	None	27681:27760	bigDeletion
PuertoRico/PR-CDC-S2/2020	360	3	None	27681:27760	bigDeletion
USA/VT-21-030647-CR-01/2020	360	3	None	27681:27760	bigDeletion
USA/VT-21-030608-CR-01/2020	360	3	None	27681:27760	bigDeletion
USA/VT-21-030628-CR-01/2020	360	3	None	27681:27760	bigDeletion
PuertoRico/PR-CDC-S18/2020	361	2	None	27529:27799	bigDeletion
USA/DE-DHSS-F972766/2020	362	2	None	27621:27790	bigDeletion
USA/WY-WYPHL-20031698/2020	363	2	None	27511:27808	bigDeletion
USA/WA-S6653/2021	364	2	None	27527:27791	bigDeletion
USA/WA-UW-67070/2021	365	2	None	27644:27792	bigDeletion
USA/NE-CUMC_20185010/2020	366	2	None	27700:27808	bigDeletion
USA/ND-NDDH-0013/2020	367	2	None	27527:27790	bigDeletion
USA/CT-Yale-360/2020	368	5	None	27511:27808	bigDeletion
USA/CT-Yale-362/2020	368	5	None	27511:27808	bigDeletion
USA/CT-Yale-485/2020	368	5	None	27511:27808	bigDeletion
USA/CT-Yale-480/2020	368	5	None	27511:27808	bigDeletion
USA/AZ-TG513425/2020	369	2	None	27544:27961	bigDeletion
USA/SD-SDPHL-0396/2020	370	2	None	27570:27791	bigDeletion
Kenya/KGB4-SS-073/2020	371	2	None	27527:27776	bigDeletion
Coted-Ivoire/COV-BKE1145-bc61/2020	372	2	None	27511:27808	bigDeletion
USA/WA-S5252/2020	373	2	None	27528:27791	bigDeletion
USA/LA-GBCL-26492476/2020	374	2	None	27712:27784	bigDeletion
USA/DE-DHSS-F1015897/2020	374	2	None	27712:27784	bigDeletion
USA/NM-UNM-00534/2020	374	2	None	27712:27784	bigDeletion
USA/WA-S5622/2021	375	2	None	27551:27791	bigDeletion
USA/MI-MDHHS-SC21813/2020	376	2	None	27745:27791	bigDeletion
USA/WA-S5247/2020	377	2	None	27717:27791	bigDeletion
England/QEUH-B1013C/2020	378	2	None	27825:28104	bigDeletion
Algeria/134048/2020	379	2	None	27872:28088	bigDeletion
Niger/8084/2020	379	2	None	27872:28088	bigDeletion
Algeria/71348/2020	380	2	None	27881:28256	bigDeletion
USA/MO-MSPHL-007906/2020	381	2	None	27760:27800	bigDeletion
USA/MO-MSPHL-002025/2020	381	2	None	27760:27800	bigDeletion
USA/SC-MUSC-0494/2021	381	2	None	27760:27800	bigDeletion
USA/MI-MDHHS-SC23080/2020	382	2	None	27527:27803	bigDeletion
USA/IN-Mayo22465/2020	383	2	None	27622:27790	bigDeletion
USA/DE-DHSS-F970599/2020	384	3	None	27617:27791	bigDeletion
USA/MA-MASPHL-00556/2020	384	3	None	27617:27791	bigDeletion
USA/NH-Yale-444/2020	384	3	None	27617:27791	bigDeletion
USA/MI-MDHHS-SC20497/2020	385	2	None	27527:27797	bigDeletion
Tunisia/H-5203/2021	386	2	None	27726:27769	bigDeletion
Tunisia/Z-1847/2021	387	2	None	27527:27791	bigDeletion
Qatar/QA-QU_16-A9/2021	388	2	None	27511:27808	bigDeletion
USA/MA-MASPHL-00423/2020	389	2	None	27527:27791	bigDeletion
USA/DE-DHSS-F980693/2020	390	2	None	27528:27768	bigDeletion
USA/NJ-CDC-STM-000002455/2021	391	2	None	27529:27784	bigDeletion
USA/DE-DHSS-F970840/2020	392	2	None	27527:27791	bigDeletion
USA/DE-DHSS-F956499/2020	393	2	None	27527:27790	bigDeletion
USA/WA-S5264/2020	394	2	None	27542:27783	bigDeletion
USA/WA-S5010/2020	395	2	None	27527:27798	bigDeletion
USA/WA-S9146/2020	396	2	None	27528:27791	bigDeletion
USA/ND-UNDGC-G2021_34_15/2020	397	2	None	27511:27808	bigDeletion
SaintLucia/47891/2020	398	2	None	27768:28104	bigDeletion
USA/WA-S3346/2020	399	2	None	27527:27792	bigDeletion
USA/WA-S3363/2020	400	2	None	27527:27803	bigDeletion
USA/DE-DHSS-F981792/2020	401	2	None	27527:27791	bigDeletion
USA/WA-S5359/2020	402	2	None	27727:27790	bigDeletion
USA/WA-S5005/2020	403	2	None	27527:27792	bigDeletion
USA/WA-S4489/2021	404	2	None	27624:27790	bigDeletion
Lesotho/N3407/2020	405	2	None	27783:27814	bigDeletion
Botswana/R14B25_BHP_b59_121047451/2021	406	2	None	27533:27784	bigDeletion
Qatar/QA-QU_18-10-D7/2021	407	2	None	27511:27808	bigDeletion
Qatar/QA-QU_18-10-C5/2021	407	2	None	27511:27808	bigDeletion
Qatar/QA-QU_18-C8/2021	407	2	None	27511:27808	bigDeletion
USA/WA-S9024/2021	408	2	None	27528:27790	bigDeletion
Botswana/R06B56_BHP_CV2708793/2021	409	2	None	27534:27784	bigDeletion
Pakistan/KRISS0065/2021	410	2	None	27511:27808	bigDeletion
Pakistan/KRISS0113/2021	410	2	None	27511:27808	bigDeletion
Malawi/CERI-KRISP-K020966/2021	411	2	None	27844:27969	bigDeletion
Madagascar/IPM-06830/2021	412	2	None	27678:27783	bigDeletion
Bangladesh/CHRF-0514_Pr/2021	413	2	None	27750:27789	bigDeletion
USA/WA-S5133/2021	414	2	None	27667:27791	bigDeletion
Colombia/MET-INS-VG-1463/2021	415	2	None	27825:27875	bigDeletion
USA/WA-S8707/2021	416	2	None	27528:27790	bigDeletion
USA/CT-Yale-2683/2021	417	2	None	27527:27784	bigDeletion
USA/WA-OHSU-212290605/2021	418	2	None	27527:27789	bigDeletion
USA/WA-Curative-072407/2021	419	2	None	27527:27791	bigDeletion
USA/WA-S7636/2021	420	2	None	27527:27790	bigDeletion
USA/WA-S7744/2021	421	2	None	27751:27790	bigDeletion
USA/WA-S8473/2021	421	2	None	27751:27790	bigDeletion
USA/WA-S8763/2021	422	2	None	27527:27791	bigDeletion
USA/WA-OHSU-212300423/2021	423	2	None	27527:27789	bigDeletion
USA/WA-S8017/2021	424	2	None	27751:27790	bigDeletion
USA/WA-S9163/2021	424	2	None	27751:27790	bigDeletion
USA/WA-Curative-075535/2021	425	2	None	27640:27791	bigDeletion
USA/WA-S6545/2021	425	2	None	27640:27791	bigDeletion
USA/WA-S6153/2021	425	2	None	27640:27791	bigDeletion
USA/WI-CDC-ASC210075468/2021	426	2	None	27527:27791	bigDeletion
USA/ND-NDDH-02345/2021	427	2	None	27824:27919	bigDeletion
USA/MT-MTPHL-3822462/2021	428	2	None	27825:28104	bigDeletion
USA/WA-PHL-000879/2021	429	3	None	27872:27907	bigDeletion
USA/WA-PHL-000959/2021	429	3	None	27872:27907	bigDeletion
USA/WA-CDC-ASC210065736/2021	429	3	None	27872:27907	bigDeletion
USA/WA-OHSU-11998/2021	429	3	None	27872:27907	bigDeletion
USA/WA-OHSU-11986/2021	429	3	None	27872:27907	bigDeletion
USA/WA-UW-21051418121/2021	430	2	None	27769:27803	bigDeletion
USA/WA-UW-21061552850/2021	431	2	None	27853:28245	bigDeletion
USA/WA-UW-21061764605/2021	432	3	None	27857:28233	bigDeletion
USA/WA-UW-21060515868/2021	432	3	None	27857:28233	bigDeletion
USA/DE-DHSS-B1077957/2021	433	2	None	27511:27808	bigDeletion
AntiguaandBarbuda/74112/2021	434	2	None	27511:27808	bigDeletion
USA/WA-CDC-UW21111907296/2021	435	2	None	27717:27756	bigDeletion
USA/NJ-PHEL-21-12182/2021	436	2	None	27751:27808	bigDeletion
Jamaica/63342/2021	436	2	None	27751:27808	bigDeletion
USA/WY-WYPHL21026498/2021	437	2	None	27525:27792	bigDeletion
USA/NM-NMDOH-2021083768/2021	437	2	None	27525:27792	bigDeletion
USA/WI-UW-5372/2021	438	2	None	27511:27808	bigDeletion
USA/MI-MDHHS-SC25301/2021	439	2	None	27524:27819	bigDeletion
USA/DE-DHSS-B1089349/2021	440	2	None	27511:27808	bigDeletion
USA/MD-CDC-MMB08694264/2021	441	2	None	27480:27778	bigDeletion
USA/WA-S6760/2021	442	2	None	27543:27764	bigDeletion
USA/WA-S9350/2021	443	2	None	27528:27790	bigDeletion
USA/WA-PHL-001005/2021	444	2	None	27511:27808	bigDeletion
USA/WA-S9909/2021	445	2	None	27756:27791	bigDeletion
USA/WA-S9923/2021	446	2	None	27527:27790	bigDeletion
USA/WA-S8853/2021	447	2	None	27528:27791	bigDeletion
USA/WA-PHL-000935/2021	448	2	None	27511:27808	bigDeletion
USA/WA-S8906/2021	449	2	None	27527:27790	bigDeletion
USA/WA-S9336/2021	450	2	None	27640:27790	bigDeletion
USA/WA-S11281/2021	451	2	None	27561:27791	bigDeletion
USA/WA-S11007/2021	451	2	None	27561:27791	bigDeletion
USA/WA-S9264/2021	452	2	None	27751:27790	bigDeletion
USA/WA-S8701/2021	452	2	None	27751:27790	bigDeletion
USA/WA-S8976/2021	452	2	None	27751:27790	bigDeletion
USA/WA-S9261/2021	452	2	None	27751:27790	bigDeletion
USA/WA-S9614/2021	452	2	None	27751:27790	bigDeletion
USA/WA-S9408/2021	453	2	None	27651:27790	bigDeletion
USA/NM-DOH-2020419588/2020	454	2	None	27525:27792	bigDeletion
USA/WA-S5671/2020	455	3	None	27527:27791	bigDeletion
USA/WA-S5936/2020	455	3	None	27527:27791	bigDeletion
CaboVerde/Santiago_31612/2021	456	2	None	27527:27797	bigDeletion
Guinea/Conakry_IPG17584/2021	457	2	None	27757:27787	bigDeletion
USA/OH-GD-051821-21050405789/2021	458	2	None	27527:27790	bigDeletion
DRC/INRB-RDC-674/2021	459	3	None	27872:28699	bigDeletion
Congo/FCRM-100-A32.28.09.21/2021	459	3	None	27872:28699	bigDeletion
Congo/FCRM-112-045/2021	459	3	None	27872:28699	bigDeletion
DRC/INRB-RDC-685/2021	459	3	None	27872:28699	bigDeletion
CentralAfricanRepublic/RCA-025/2022	459	3	None	27872:28699	bigDeletion
Ghana/TRA-2159/2021	460	2	None	27872:28255	bigDeletion
Congo/RC-401/2021	461	2	None	27872:28699	bigDeletion
Congo/RC-371/2021	461	2	None	27872:28699	bigDeletion
Congo/RC-338/2021	462	2	None	27872:28699	bigDeletion
DRC/RDC-577/2021	463	2	None	27872:28699	bigDeletion
USA/CA-CDPH-1002006523/2021	464	2	None	27747:27778	bigDeletion
USA/WA-S13599/2021	465	2	None	27752:27789	bigDeletion
England/NEWC-1ADD4D6/2021	466	2	None	27682:27758	bigDeletion
SaintVincentandtheGrenadines/89658/2021	467	3	None	27511:27808	bigDeletion
SaintVincentandtheGrenadines/82987/2021	467	3	None	27511:27808	bigDeletion
USA/WA-S4785/2021	468	2	None	27672:27768	bigDeletion
USA/WA-S5409/2021	469	2	None	27845:28088	bigDeletion
USA/WA-S6364/2021	470	2	None	27725:27768	bigDeletion
USA/WA-S4905/2021	471	2	None	27527:27791	bigDeletion
USA/WA-S7185/2021	472	2	None	27527:27791	bigDeletion
USA/MN-MDH-7718/2021	473	2	None	27762:27808	bigDeletion
USA/WA-S8259/2021	474	2	None	27528:27790	bigDeletion
USA/WA-S7896/2021	475	2	None	27721:27790	bigDeletion
USA/WA-S7472/2021	475	2	None	27721:27790	bigDeletion
USA/WA-S6155/2021	476	2	None	27527:27791	bigDeletion
USA/WA-S6271/2021	476	2	None	27527:27791	bigDeletion
USA/NC-GCB-421EE3E5E34C40E3A977C17CFEE3F276/2021	477	2	None	27530:27773	bigDeletion
USA/WA-S6209/2021	478	2	None	27527:27791	bigDeletion
USA/WA-S5095/2021	479	2	None	27527:27791	bigDeletion
USA/WA-S5440/2021	480	2	None	27855:27961	bigDeletion
USA/WA-S6609/2021	481	2	None	27551:27790	bigDeletion
USA/WA-S8594/2021	482	2	None	27527:27791	bigDeletion
USA/WA-S5879/2021	483	2	None	27527:27791	bigDeletion
USA/WA-S6549/2021	484	2	None	27546:27791	bigDeletion
USA/WA-S6087/2021	485	2	None	27649:27791	bigDeletion
USA/WA-S5534/2021	485	2	None	27649:27791	bigDeletion
USA/WA-S5601/2021	486	3	None	27551:27768	bigDeletion
USA/WA-S5522/2021	486	3	None	27551:27768	bigDeletion
USA/WA-S6008/2021	487	2	None	27573:27790	bigDeletion
USA/WA-S6125/2021	488	2	None	27649:27791	bigDeletion
USA/NM-DOH-2021084642/2021	488	2	None	27649:27791	bigDeletion
USA/WA-S6244/2021	489	3	None	27529:27791	bigDeletion
USA/WA-S6016/2021	489	3	None	27529:27791	bigDeletion
USA/WA-S6326/2021	489	3	None	27529:27791	bigDeletion
USA/WA-S5550/2021	490	2	None	27527:27791	bigDeletion
USA/WA-UW-2021032908246/2021	491	2	None	27845:28087	bigDeletion
USA/ND-NDDH-0808/2021	492	2	None	27511:27808	bigDeletion
USA/WA-S5092/2021	493	2	None	27528:27791	bigDeletion
USA/WA-S6663/2021	494	3	None	27712:27790	bigDeletion
USA/WA-S6683/2021	494	3	None	27712:27790	bigDeletion
USA/WA-S6657/2021	494	3	None	27712:27790	bigDeletion
USA/WA-S6681/2021	495	2	None	27750:27789	bigDeletion
USA/WA-S4866/2021	496	2	None	27750:27783	bigDeletion
USA/WA-S5927/2021	496	2	None	27750:27783	bigDeletion
USA/WA-S6840/2021	497	2	None	27759:27790	bigDeletion
USA/WA-S6292/2021	497	2	None	27759:27790	bigDeletion
USA/WA-S6111/2021	497	2	None	27759:27790	bigDeletion
USA/WA-S6554/2021	497	2	None	27759:27790	bigDeletion
USA/WA-S5640/2021	497	2	None	27759:27790	bigDeletion
USA/WA-S6288/2021	497	2	None	27759:27790	bigDeletion
USA/WA-S5194/2021	498	3	None	27741:27785	bigDeletion
USA/WA-S5441/2021	498	3	None	27741:27785	bigDeletion
USA/WA-S5665/2021	498	3	None	27741:27785	bigDeletion
USA/WA-S6246/2021	499	2	None	27568:27791	bigDeletion
USA/ND-NDDH-01534/2021	500	2	None	27659:27808	bigDeletion
USA/WA-S8434/2021	501	2	None	27528:27790	bigDeletion
USA/WY-WYPHL21030599/2021	502	2	None	27511:27808	bigDeletion
USA/WA-S7739/2021	503	2	None	27528:27790	bigDeletion
USA/WA-S8089/2021	504	2	None	27528:27790	bigDeletion
USA/WA-S6621/2021	505	2	None	27528:27759	bigDeletion
USA/WA-OHSU-212050242/2021	505	2	None	27528:27759	bigDeletion
USA/WA-S6720/2021	505	2	None	27528:27759	bigDeletion
USA/NM-DOH-2021080110/2021	506	2	None	27525:27797	bigDeletion
USA/WA-S5703/2021	507	2	None	27527:27791	bigDeletion
USA/WA-S6371/2021	508	2	None	27527:27790	bigDeletion
USA/WA-S8319/2021	509	2	None	27635:27790	bigDeletion
USA/WA-S8030/2021	509	2	None	27635:27790	bigDeletion
USA/WA-S6718/2021	509	2	None	27635:27790	bigDeletion
USA/WA-S8795/2021	510	2	None	27528:27790	bigDeletion
USA/WA-S5470/2021	511	2	None	27692:27790	bigDeletion
USA/WA-S8124/2021	512	2	None	27527:27790	bigDeletion
USA/WA-S8490/2021	513	3	None	27559:27784	bigDeletion
USA/WA-CDC-UW21051951366/2021	513	3	None	27559:27784	bigDeletion
USA/WA-UW-21051985427/2021	513	3	None	27559:27784	bigDeletion
USA/WA-S5698/2021	514	2	None	27715:27790	bigDeletion
USA/WA-S6506/2021	515	2	None	27527:27791	bigDeletion
USA/UT-CDC-ASC210015600/2021	516	2	None	27547:27790	bigDeletion
USA/WA-S4566/2021	517	2	None	27532:27791	bigDeletion
USA/WA-S5727/2021	518	2	None	27551:27791	bigDeletion
USA/WA-S4891/2021	518	2	None	27551:27791	bigDeletion
USA/WA-S5188/2021	518	2	None	27551:27791	bigDeletion
USA/WA-S7498/2021	519	2	None	27751:27790	bigDeletion
USA/WA-S7495/2021	519	2	None	27751:27790	bigDeletion
USA/WA-S7500/2021	519	2	None	27751:27790	bigDeletion
USA/WA-S6516/2021	519	2	None	27751:27790	bigDeletion
USA/WA-S7784/2021	520	2	None	27528:27790	bigDeletion
USA/WA-S8058/2021	520	2	None	27528:27790	bigDeletion
USA/WA-S4853/2021	521	2	None	27750:27790	bigDeletion
USA/WA-S5525/2021	521	2	None	27750:27790	bigDeletion
USA/WA-S5509/2021	521	2	None	27750:27790	bigDeletion
USA/WA-S5104/2021	521	2	None	27750:27790	bigDeletion
USA/WA-S7163/2021	521	2	None	27750:27790	bigDeletion
USA/WA-S5130/2021	521	2	None	27750:27790	bigDeletion
USA/WA-S5111/2021	521	2	None	27750:27790	bigDeletion
USA/WA-S5513/2021	521	2	None	27750:27790	bigDeletion
USA/WA-UW-66763/2021	522	2	None	27724:27790	bigDeletion
USA/CT-Yale-489/2020	523	2	None	27511:27808	bigDeletion
USA/AZ-TG324838/2020	524	3	None	27527:27790	bigDeletion
USA/AZ-TG337592/2020	524	3	None	27527:27790	bigDeletion
USA/WA-S2916/2020	525	2	None	27527:27797	bigDeletion
USA/AK-PHL1008/2020	526	2	None	27511:27808	bigDeletion
USA/AK-PHL1718/2020	527	2	None	27511:27808	bigDeletion
USA/OH-21AM-023CO00528/2021	528	2	None	27849:28087	bigDeletion
USA/MO-MSPHL-000553/2020	529	2	None	27745:27797	bigDeletion
USA/SD-SDPHL-0361/2020	529	2	None	27745:27797	bigDeletion
USA/UT-UPHL-2009500/2020	530	2	None	27717:27779	bigDeletion
USA/WA-OHSU-4640/2020	531	2	None	27511:27808	bigDeletion
USA/UT-UPHL-2009569/2020	532	2	None	27527:27808	bigDeletion
USA/WA-S3139/2020	533	2	None	27527:27796	bigDeletion
USA/TN-2-15820-5/2020	534	2	None	27511:27808	bigDeletion
USA/ND-NDDH-3182/2020	535	2	None	27777:27808	bigDeletion
USA/WA-S3615/2020	536	2	None	27752:27790	bigDeletion
USA/WA-S5224/2021	537	2	None	27527:27803	bigDeletion
USA/WA-S5017/2020	538	2	None	27528:27791	bigDeletion
USA/WA-S5185/2021	539	2	None	27527:27803	bigDeletion
USA/WA-OHSU-212010167/2021	540	2	None	27694:27768	bigDeletion
USA/WA-S3411/2020	541	2	None	27527:27791	bigDeletion
PuertoRico/PR-UPRRP-1164/2021	542	2	None	27527:27805	bigDeletion
PuertoRico/PR-UPRRP-289/2020	543	2	None	27527:27803	bigDeletion
USA/NE-CUMC_20328583/2020	544	3	None	27718:27808	bigDeletion
USA/NE-CUMC_20328565/2020	544	3	None	27718:27808	bigDeletion
USA/WA-S5392/2020	545	2	None	27527:27791	bigDeletion
USA/WA-S5084/2021	546	2	None	27527:27791	bigDeletion
USA/WA-S5087/2021	546	2	None	27527:27791	bigDeletion
USA/WA-S5089/2021	546	2	None	27527:27791	bigDeletion
USA/WA-S5080/2021	546	2	None	27527:27791	bigDeletion
USA/WA-S4772/2021	546	2	None	27527:27791	bigDeletion
USA/WA-PHL-000088/2021	547	2	None	27720:27767	bigDeletion
USA/WA-S5726/2021	548	2	None	27580:27785	bigDeletion
USA/WA-S3643/2021	548	2	None	27580:27785	bigDeletion
USA/AZ-TG814049/2020	548	2	None	27580:27785	bigDeletion
USA/MO-MSPHL-000312/2020	549	2	None	27739:27785	bigDeletion
USA/TN-2-20289-5/2020	549	2	None	27739:27785	bigDeletion
USA/WA-PHL-028879/2020	550	2	None	27826:27861	bigDeletion
USA/MA-NEIDL-01630/2021	551	2	None	27527:27803	bigDeletion
USA/WA-S5169/2021	552	2	None	27568:28088	bigDeletion
USA/TN-5-61590-3/2021	553	2	None	27709:27762	bigDeletion
USA/CO-CDPHE-2101395405/2021	554	2	None	27511:27808	bigDeletion
USA/DE-DHSS-B1061903/2020	555	2	None	27527:27790	bigDeletion
USA/WA-UW-61908/2021	556	2	None	27848:28218	bigDeletion
USA/WA-S5114/2021	557	2	None	27527:27791	bigDeletion
SaintVincentandtheGrenadines/53389/2021	558	3	None	27511:27808	bigDeletion
SaintVincentandtheGrenadines/71769/2021	558	3	None	27511:27808	bigDeletion
USA/WA-S4852/2021	559	3	None	27527:27791	bigDeletion
USA/WA-S4862/2021	559	3	None	27527:27791	bigDeletion
USA/WA-S5159/2021	560	2	None	27527:27797	bigDeletion
USA/MI-MDHHS-SC23954/2021	561	2	None	27610:27806	bigDeletion
USA/WA-S3653/2021	562	2	None	27758:27790	bigDeletion
USA/WA-S3556/2021	563	2	None	27559:27791	bigDeletion
USA/WA-S5227/2021	564	2	None	27527:27828	bigDeletion
USA/WA-S3359/2020	565	2	None	27649:27791	bigDeletion
USA/WA-S3188/2020	566	2	None	27605:27792	bigDeletion
USA/WA-S3171/2020	567	2	None	27527:27800	bigDeletion
USA/WA-S3172/2020	567	2	None	27527:27800	bigDeletion
USA/WA-S5395/2020	568	2	None	27720:27791	bigDeletion
USA/WA-S4769/2021	569	2	None	27527:27791	bigDeletion
USA/WA-S3181/2020	570	2	None	27527:27798	bigDeletion
USA/WA-S3216/2020	571	2	None	27527:27792	bigDeletion
USA/WA-S3315/2020	571	2	None	27527:27792	bigDeletion
USA/WA-S3168/2020	572	3	None	27725:27791	bigDeletion
USA/WA-S3398/2020	572	3	None	27725:27791	bigDeletion
USA/WA-S3399/2020	572	3	None	27725:27791	bigDeletion
USA/WA-S3400/2020	572	3	None	27725:27791	bigDeletion
USA/WA-S3358/2020	573	3	None	27527:27797	bigDeletion
USA/WA-S3190/2020	573	3	None	27527:27797	bigDeletion
USA/WI-UW-3751/2021	574	2	None	27511:27808	bigDeletion
USA/IA-SHL-1643873/2021	575	2	None	27764:27797	bigDeletion
USA/WA-S4356/2021	576	2	None	27528:27790	bigDeletion
USA/WA-S4760/2021	576	2	None	27528:27790	bigDeletion
USA/WA-S4761/2021	576	2	None	27528:27790	bigDeletion
USA/WA-S4799/2021	576	2	None	27528:27790	bigDeletion
USA/WA-S3378/2020	577	2	None	27868:27964	bigDeletion
USA/DC-DFS-PHL-0500/2020	578	3	None	27649:27769	bigDeletion
USA/WA-S4967/2021	578	3	None	27649:27769	bigDeletion
USA/WA-S5539/2021	578	3	None	27649:27769	bigDeletion
USA/WA-S6466/2021	579	2	None	27527:27790	bigDeletion
USA/WA-S4604/2021	580	3	None	27741:27791	bigDeletion
USA/WA-S4274/2021	580	3	None	27741:27791	bigDeletion
USA/MO-MSPHL-000209/2020	581	2	None	27527:27790	bigDeletion
USA/WA-S4854/2021	582	2	None	27657:27796	bigDeletion
USA/WA-S4974/2021	583	2	None	27527:27790	bigDeletion
USA/WA-S3381/2020	584	2	None	27527:27791	bigDeletion
USA/WA-S3526/2020	585	2	None	27527:27791	bigDeletion
USA/WA-S4948/2021	586	2	None	27527:27790	bigDeletion
USA/WA-S5604/2021	586	2	None	27527:27790	bigDeletion
USA/WA-S5667/2021	587	2	None	27527:27791	bigDeletion
USA/WA-S6708/2021	588	2	None	27527:27790	bigDeletion
USA/WA-UW-61221/2021	589	2	None	27544:27784	bigDeletion
USA/WA-OHSU-8061/2020	590	2	None	27511:27808	bigDeletion
USA/WA-S5100/2021	591	2	None	27527:27791	bigDeletion
USA/WY-WPHL-21024013/2021	592	2	None	27511:27808	bigDeletion
USA/WA-S7165/2021	593	2	None	27659:27791	bigDeletion
USA/WA-S4781/2021	594	2	None	27527:27791	bigDeletion
USA/WA-S6701/2021	595	2	None	27528:27790	bigDeletion
USA/WA-S6686/2021	596	2	None	27527:27791	bigDeletion
USA/WA-S5662/2021	597	2	None	27527:27790	bigDeletion
USA/WA-S4326/2021	598	2	None	27527:27791	bigDeletion
USA/WA-S4695/2021	599	2	None	27527:27790	bigDeletion
USA/WA-S4763/2021	599	2	None	27527:27790	bigDeletion
USA/WA-S7833/2020	600	3	None	27722:27790	bigDeletion
USA/AZ-TG741082/2020	600	3	None	27722:27790	bigDeletion
USA/WA-S3396/2020	600	3	None	27722:27790	bigDeletion
USA/MI-MDHHS-SC23119/2020	600	3	None	27722:27790	bigDeletion
USA/MI-MDHHS-SC21805/2020	600	3	None	27722:27790	bigDeletion
USA/ND-NDDH-0265/2021	600	3	None	27722:27790	bigDeletion
USA/WA-S3390/2020	600	3	None	27722:27790	bigDeletion
USA/WA-S3147/2020	600	3	None	27722:27790	bigDeletion
USA/WA-S3145/2020	600	3	None	27722:27790	bigDeletion
USA/WV-WVU-WV029235/2021	601	2	None	27535:27790	bigDeletion
USA/WA-S7144/2021	602	2	None	27527:27791	bigDeletion
USA/DE-DHSS-FLW00654991/2021	603	2	None	27527:27790	bigDeletion
USA/WA-S4366/2021	604	2	None	27661:27790	bigDeletion
USA/MD-MDH-2405/2021	605	2	None	27672:27784	bigDeletion
USA/WA-S3476/2020	606	2	None	27737:27785	bigDeletion
USA/WA-S5674/2021	606	2	None	27737:27785	bigDeletion
USA/WA-S4121/2020	607	2	None	27725:27791	bigDeletion
USA/WA-S4120/2020	607	2	None	27725:27791	bigDeletion
USA/WA-S5678/2020	607	2	None	27725:27791	bigDeletion
USA/WA-S6603/2021	608	2	None	27527:27790	bigDeletion
USA/WA-S5038/2020	609	2	None	27527:27791	bigDeletion
USA/WA-S4071/2021	610	2	None	27720:27783	bigDeletion
USA/WA-S3950/2021	611	2	None	27735:27790	bigDeletion
USA/WA-S4263/2021	612	2	None	27715:27791	bigDeletion
USA/WA-UW-64736/2021	613	2	None	27647:27790	bigDeletion
USA/WA-S6245/2021	614	2	None	27527:27791	bigDeletion
USA/WA-S9380/2020	615	2	None	27739:27781	bigDeletion
USA/WA-S4117/2020	615	2	None	27739:27781	bigDeletion
USA/WA-S8139/2020	616	3	None	27752:27788	bigDeletion
USA/WA-S4135/2020	616	3	None	27752:27788	bigDeletion
USA/WA-S3477/2020	616	3	None	27752:27788	bigDeletion
USA/WA-S4153/2020	616	3	None	27752:27788	bigDeletion
USA/WA-S11469/2020	617	2	None	27727:27791	bigDeletion
USA/WA-S5575/2021	618	2	None	27735:27790	bigDeletion
USA/WA-S4880/2021	619	2	None	27527:27791	bigDeletion
USA/WA-S4163/2020	620	2	None	27527:27803	bigDeletion
USA/WA-S5102/2021	621	2	None	27527:27803	bigDeletion
USA/WA-S5124/2021	622	2	None	27527:27827	bigDeletion
USA/WA-S5122/2021	623	2	None	27527:27798	bigDeletion
USA/WA-S3769/2020	624	3	None	27725:27790	bigDeletion
USA/WA-S3774/2020	624	3	None	27725:27790	bigDeletion
USA/WA-S4848/2021	625	2	None	27527:27791	bigDeletion
USA/DC-DFS-PHL-0756/2021	626	2	None	27511:27808	bigDeletion
USA/CO-CDC-LC0035130/2021	627	3	None	27760:27790	bigDeletion
USA/WA-S6528/2021	627	3	None	27760:27790	bigDeletion
USA/IL-S21WGS1044/2021	627	3	None	27760:27790	bigDeletion
USA/WA-S5414/2021	628	2	None	27843:28088	bigDeletion
USA/WA-S4981/2021	629	2	None	27527:27790	bigDeletion
USA/WA-S6166/2021	630	2	None	27752:27790	bigDeletion
USA/WA-S5868/2021	630	2	None	27752:27790	bigDeletion
USA/WA-S5511/2021	630	2	None	27752:27790	bigDeletion
USA/WA-S5136/2021	630	2	None	27752:27790	bigDeletion
USA/WA-S5526/2021	630	2	None	27752:27790	bigDeletion
Grenada/51132/2021	631	2	None	27511:27808	bigDeletion
USA/WA-S5630/2021	632	2	None	27591:27791	bigDeletion
USA/WA-S5632/2021	633	2	None	27527:27791	bigDeletion
USA/WA-S5527/2021	633	2	None	27527:27791	bigDeletion
USA/WA-S4970/2021	634	2	None	27527:27791	bigDeletion
USA/ND-NDDH-0293/2020	635	2	None	27527:27790	bigDeletion
USA/WA-S6211/2021	636	2	None	27527:27791	bigDeletion
USA/WV-WVU-WV090819/2021	637	2	None	27727:27769	bigDeletion
USA/WA-S3797/2020	638	2	None	27845:27982	bigDeletion
USA/WA-S4126/2020	639	2	None	27527:28088	bigDeletion
USA/WA-S5043/2020	640	2	None	27569:27791	bigDeletion
USA/WA-S3969/2021	640	2	None	27569:27791	bigDeletion
USA/WA-S4168/2020	640	2	None	27569:27791	bigDeletion
USA/WA-S11482/2020	641	2	None	27759:27790	bigDeletion
USA/WA-S4357/2021	642	2	None	27527:27822	bigDeletion
USA/WA-S6637/2021	643	2	None	27527:27791	bigDeletion
USA/WA-S5113/2021	644	2	None	27527:27791	bigDeletion
USA/WA-S4438/2021	644	2	None	27527:27791	bigDeletion
USA/WA-S4645/2021	645	2	None	27649:27791	bigDeletion
USA/WA-S3897/2021	645	2	None	27649:27791	bigDeletion
USA/WA-S4616/2021	646	4	None	27726:27790	bigDeletion
USA/WA-S4898/2021	646	4	None	27726:27790	bigDeletion
USA/WA-S4901/2021	646	4	None	27726:27790	bigDeletion
USA/WA-S4343/2021	647	2	None	27842:27927	bigDeletion
USA/WA-S3370/2020	648	2	None	27527:27802	bigDeletion
USA/WA-S4138/2020	649	2	None	27528:27806	bigDeletion
USA/WA-S3159/2020	650	2	None	27727:27792	bigDeletion
USA/WA-S9082/2020	651	2	None	27800:27887	bigDeletion
USA/WA-S5036/2020	652	2	None	27527:27791	bigDeletion
USA/WA-S5718/2021	653	2	None	27546:27785	bigDeletion
USA/WA-S5553/2021	654	2	None	27527:27791	bigDeletion
USA/WA-S4382/2021	655	2	None	27527:27815	bigDeletion
USA/WA-S3102/2020	656	2	None	27623:27791	bigDeletion
USA/WA-S3101/2020	656	2	None	27623:27791	bigDeletion
USA/WA-S3127/2020	657	2	None	27526:27796	bigDeletion
USA/WA-OHSU-8010/2020	658	2	None	27542:27808	bigDeletion
USA/WA-S4878/2021	659	2	None	27527:27792	bigDeletion
USA/WA-S9385/2020	660	2	None	27530:27791	bigDeletion
USA/WA-S4346/2021	661	2	None	27527:27791	bigDeletion
USA/WA-S4621/2021	662	2	None	27550:27790	bigDeletion
USA/WA-PHL-029287/2020	663	3	None	27844:28205	bigDeletion
USA/WA-PHL-029289/2020	663	3	None	27844:28205	bigDeletion
USA/WA-S3360/2020	664	2	None	27527:27803	bigDeletion
USA/WA-S3062/2020	665	2	None	27737:27790	bigDeletion
USA/WA-S3150/2020	665	2	None	27737:27790	bigDeletion
USA/WA-S3321/2020	666	2	None	27527:27793	bigDeletion
USA/WA-S3833/2020	667	2	None	27743:27781	bigDeletion
USA/WA-OHSU-9145/2020	668	2	None	27684:27808	bigDeletion
USA/WA-OHSU-9148/2020	668	2	None	27684:27808	bigDeletion
USA/WA-S5053/2020	669	2	None	27855:27995	bigDeletion
USA/WA-S3077/2020	670	2	None	27527:27792	bigDeletion
USA/WA-S3086/2020	671	2	None	27527:27792	bigDeletion
USA/WA-S3063/2020	671	2	None	27527:27792	bigDeletion
USA/WA-S3121/2020	671	2	None	27527:27792	bigDeletion
USA/WA-S3386/2020	672	2	None	27649:27791	bigDeletion
USA/WA-S5347/2020	672	2	None	27649:27791	bigDeletion
USA/WA-S5345/2020	673	2	None	27527:27791	bigDeletion
USA/WA-S5343/2020	674	2	None	27529:27790	bigDeletion
USA/WA-S3133/2020	674	2	None	27529:27790	bigDeletion
USA/WA-S3099/2020	675	3	None	27725:27790	bigDeletion
USA/WA-S3109/2020	675	3	None	27725:27790	bigDeletion
USA/WA-S3097/2020	675	3	None	27725:27790	bigDeletion
USA/WA-S3116/2020	675	3	None	27725:27790	bigDeletion
USA/WA-S3098/2020	675	3	None	27725:27790	bigDeletion
USA/WA-S5356/2020	676	2	None	27684:27790	bigDeletion
USA/WA-S5357/2020	676	2	None	27684:27790	bigDeletion
USA/WA-S5355/2020	676	2	None	27684:27790	bigDeletion
USA/WA-S4656/2021	677	2	None	27747:27790	bigDeletion
USA/WA-S5193/2021	678	2	None	27527:27791	bigDeletion
USA/WY-WPHL-21016839/2021	679	2	None	27519:27808	bigDeletion
USA/VT-21-030825-CR-01/2020	680	2	None	27686:27808	bigDeletion
USA/WA-S3512/2020	681	2	None	27527:27792	bigDeletion
USA/WA-S6670/2021	682	2	None	27527:27790	bigDeletion
USA/WA-S3793/2021	683	2	None	27527:27791	bigDeletion
USA/WA-S6651/2021	684	2	None	27603:27785	bigDeletion
USA/WA-S9365/2020	685	2	None	27527:27791	bigDeletion
USA/WA-S4115/2020	685	2	None	27527:27791	bigDeletion
USA/WA-S4364/2020	685	2	None	27527:27791	bigDeletion
USA/WA-S5134/2021	686	2	None	27667:27790	bigDeletion
USA/WA-S4991/2021	686	2	None	27667:27790	bigDeletion
USA/WA-UW-64848/2021	687	2	None	27752:28082	bigDeletion
USA/WA-S3758/2020	688	2	None	27536:27791	bigDeletion
USA/WA-S8138/2021	689	2	None	27561:27790	bigDeletion
USA/WA-S5096/2021	689	2	None	27561:27790	bigDeletion
USA/WA-S7161/2021	689	2	None	27561:27790	bigDeletion
USA/WA-S3624/2020	690	2	None	27748:27790	bigDeletion
USA/WA-S3579/2020	690	2	None	27748:27790	bigDeletion
USA/WA-S6668/2021	691	2	None	27755:27790	bigDeletion
USA/WA-S6942/2021	692	2	None	27527:27791	bigDeletion
USA/WA-S5144/2021	693	2	None	27844:27964	bigDeletion
USA/WA-S5423/2021	693	2	None	27844:27964	bigDeletion
USA/WA-S5436/2021	693	2	None	27844:27964	bigDeletion
