strain	cluster	depth	S_misStops	S_deletions	S_koType
USA/AZ-ASPHL-1128/2020	1	2	23509-23511:TTA>TAA	None	earlyStop
USA/NC-S35D0/2020	2	2	22981-22983:CAG>TAG	None	earlyStop
USA/NV-NSPHL-365841/2021	3	2	22024-22026:AGT>TGA	None	earlyStop
Egypt/NRC-5616OP/2020	4	2	21859-21861:ATA>TAA	None	earlyStop
Argentina/PAIS-G1123/2022	5	2	25348-25350:CCA>TAA	None	earlyStop
Brazil/BA-52/2021	6	2	21859-21861:ATA>TAA	None	earlyStop
Malaysia/IMR_LF2374/2023	7	2	22012-22014:AGT>TGA	None	earlyStop
USA/NC-CORVASEQ-CLT-012784/2022	8	2	21787-21789:ACT>TAA	None	earlyStop
USA/NC-MCPH-CLT-011761/2022	9	2	21787-21789:ACT>TAA	None	earlyStop
Slovenia/227827/2022	10	2	21847-21849:GAG>TAA	None	earlyStop
Slovenia/204266/2022	11	2	21847-21849:GAG>TAA	None	earlyStop
France/NOR_UCN_CHU-Caen_1073117190/2021	12	2	23509-23511:TTA>TAA	None	earlyStop
Reunion/PIMIT_21045/2021	13	2	21859-21861:ATA>TAA	None	earlyStop
USA/OR-OSPHL00807/2021	14	2	22174-22176:TCT>TAG	None	earlyStop
Coted-Ivoire/IPCI-cv485/2021	15	2	22171-22173:TAT>TAG	None	earlyStop
Switzerland/SG-CLM-12174874/2021	16	2	22171-22173:TAT>TAG	None	earlyStop
USA/WA-TRACE-CHEL-011921-755/2021	17	2	21916-21918:ATT>TAA	None	earlyStop
Finland/1/2020	18	2	None	21626:21707	bigDeletion
Germany/NW-HHU-50/2020	19	2	None	22877:23144	bigDeletion
HongKong/HKPU-00006/2020	20	2	None	22877:23144	bigDeletion
HongKong/HKPU61-0202/2020	20	2	None	22877:23144	bigDeletion
Panama/328927/2020	21	2	None	22339:22389	bigDeletion
Norway/1443/2020	22	2	None	22444:22719	bigDeletion
USA/WA-PHL-030499/2020	23	2	None	22338:22523	bigDeletion
Jordan/SR-051/2020	23	2	None	22338:22523	bigDeletion
Russia/MOW-CSP-4-R_S1/2020	24	2	None	22700:22777	bigDeletion
Australia/VIC1797/2020	25	2	None	22324:22523	bigDeletion
PapuaNewGuinea/PNG3144/2020	26	2	None	23611:23657	bigDeletion
Timor-Leste/TL06/2020	27	2	None	22338:22523	bigDeletion
USA/WY-WYPHL-00034/2020	28	2	None	23049:23122	bigDeletion
USA/WA-UW-7158/2020	29	2	None	21697:21917	bigDeletion
Thailand/Bangkok-0083/2020	30	2	None	22324:22542	bigDeletion
USA/FL-BPHL-1868/2020	31	2	None	22338:22423	bigDeletion
Spain/AN-IBV-002857/2020	32	2	None	22338:22523	bigDeletion
EquatorialGuinea/253/2020	33	2	None	22339:22526	bigDeletion
Guatemala/ASI4309/2021	34	2	None	22669:22714	bigDeletion
USA/CA-UCSF-JD285/2021	35	2	None	22030:22248	bigDeletion
USA/NE-NCOV21-24027/2021	36	2	None	22013:22290	bigDeletion
USA/NV-NSPHL-377088/2021	37	2	None	22013:22290	bigDeletion
USA/DC-DFS-PHL-0976/2021	38	2	None	22013:22290	bigDeletion
Guyana/50829/2021	39	2	None	23500:23812	bigDeletion
USA/WA-UW-21072401602/2021	40	2	None	22033:22163	bigDeletion
Panama/GMI-PA683360/2021	41	2	None	22333:22542	bigDeletion
USA/MD-HP03310/2021	42	2	None	22013:22542	bigDeletion
Nicaragua/CNDR-154419/2021	43	2	None	22013:22290	bigDeletion
Nicaragua/MAN-71929/2021	44	2	None	23416:23450	bigDeletion
Belize/CML-130/2021	45	2	None	22013:22290	bigDeletion
Belize/CML-104/2021	46	2	None	22013:22290	bigDeletion
USA/WI-WSLH-215689/2021	47	2	None	22013:22542	bigDeletion
Ghana/1651_S3/2020	48	2	None	22877:23132	bigDeletion
BurkinaFaso/2645/2020	49	2	None	22324:22542	bigDeletion
BurkinaFaso/1683/2020	50	2	None	22324:22542	bigDeletion
Ghana/84162_S45/2020	51	2	None	22337:22523	bigDeletion
BurkinaFaso/CV1723/2020	52	2	None	22340:22523	bigDeletion
Coted-Ivoire/BKE0937/2020	53	2	None	22324:22542	bigDeletion
Togo/C5960/2021	54	2	None	22655:22802	bigDeletion
DRC/4188/2020	55	2	None	22201:22293	bigDeletion
Uganda/096/2021	56	2	None	22237:22356	bigDeletion
Kenya/ILRI_KEM-21-03-94645/2021	57	2	None	21803:21876	bigDeletion
Rwanda/NRLNAT3042/2021	58	2	None	22159:22537	bigDeletion
Uganda/085/2021	59	2	None	22787:22959	bigDeletion
Timor-Leste/TL27/2020	60	2	None	22877:23144	bigDeletion
DRC/6769/2021	60	2	None	22877:23144	bigDeletion
USA/WA-UW-845/2020	61	2	None	24381:24421	bigDeletion
USA/WA-UW-197/2020	61	2	None	24381:24421	bigDeletion
USA/WA-S157/2020	62	2	None	24073:24143	bigDeletion
USA/WA-S463/2020	63	2	None	23049:23144	bigDeletion
USA/CO-CDPHE-2003130368/2020	64	2	None	22506:22542	bigDeletion
USA/WA-S160/2020	65	2	None	22706:22739	bigDeletion
USA/WA-UW-10795/2020	66	2	None	21910:22005	bigDeletion
USA/WA-S318/2020	67	2	None	24183:24404	bigDeletion
USA/WA-S496/2020	68	2	None	22619:22669	bigDeletion
Gabon/U0604/2020	69	2	None	21642:21842	bigDeletion
Afghanistan/IMB07968/2020	70	2	None	22027:22088	bigDeletion
USA/KS-KHEL-0034/2020	71	2	None	22489:22518	bigDeletion
Bangladesh/icddrb-4490/2020	71	2	None	22489:22518	bigDeletion
Gambia/NPHL-1230/2020	71	2	None	22489:22518	bigDeletion
USA/CO-CDPHE-2004170034/2020	71	2	None	22489:22518	bigDeletion
USA/IL-IDPH-C-000473/2020	71	2	None	22489:22518	bigDeletion
USA/TN-2-15281-5/2020	72	2	None	22425:22523	bigDeletion
Belarus/MI-RII-MH11353S/2020	73	2	None	22625:22707	bigDeletion
CostaRica/CRV-0024/2020	74	2	None	22903:23122	bigDeletion
USA/TX-HMH-MCoV-48451/2020	75	2	None	22314:22533	bigDeletion
USA/NC-UNC-LCCC0179/2020	76	2	None	21682:21720	bigDeletion
Panama/519104-GMI/2020	77	2	None	25052:25299	bigDeletion
USA/MA-CDC-ASC210477451/2021	78	2	None	21915:21960	bigDeletion
USA/WA-S4633/2021	79	2	None	22341:22441	bigDeletion
USA/WA-S10799/2020	80	2	None	21440:21664	bigDeletion
USA/MI-MDHHS-SC21727/2020	81	2	None	22318:22529	bigDeletion
USA/WA-S5258/2020	82	3	None	22348:22382	bigDeletion
USA/WA-OHSU-2679/2020	82	3	None	22348:22382	bigDeletion
USA/MO-MSPHL-008019/2020	83	2	None	22247:22428	bigDeletion
Guinea/GUI0015/2020	84	2	None	22338:22526	bigDeletion
Senegal/500125/2021	85	2	None	22383:22415	bigDeletion
SaudiArabia/DM-21-102044A/2021	86	2	None	21716:21990	bigDeletion
USA/WA-UW-65946/2021	87	2	None	22383:22481	bigDeletion
USA/WI-WSLH-200123/2020	88	2	None	22511:22542	bigDeletion
USA/IL-RUSH-00567/2020	88	2	None	22511:22542	bigDeletion
USA/WI-GMF-15627/2020	89	2	None	21535:21756	bigDeletion
USA/WI-WSLH-211170/2020	90	2	None	22324:22542	bigDeletion
USA/WI-UW-1246/2020	91	2	None	22324:22542	bigDeletion
USA/AZ-TG846892/2021	92	2	None	24458:24515	bigDeletion
EquatorialGuinea/16301/2020	93	2	None	22338:22527	bigDeletion
USA/WA-S5047/2020	94	2	None	23571:23781	bigDeletion
USA/WA-S3377/2020	95	2	None	22338:22523	bigDeletion
Belize/BZ-CML-TCMC-BZ018-1120/2020	96	3	None	21935:21968	bigDeletion
Belize/CML-42/2021	96	3	None	21935:21968	bigDeletion
Belize/CML-13/2021	96	3	None	21935:21968	bigDeletion
DRC/16143/2020	97	2	None	22324:22542	bigDeletion
DRC/ILRI_COVM00361/2020	98	2	None	22877:23144	bigDeletion
DRC/ILRI_COVM01440/2021	99	2	None	22877:23144	bigDeletion
DRC/ILRI_COVM00359/2020	99	2	None	22877:23144	bigDeletion
Bangladesh/CHRF-0011/2020	100	2	None	22944:23062	bigDeletion
Austria/CeMM1761/2020	101	2	None	22324:22399	bigDeletion
Coted-Ivoire/C01-2266/2020	102	2	None	22324:22542	bigDeletion
Slovenia/311890_1/2021	103	2	None	22339:22522	bigDeletion
Cameroon/CAM-20/2021	104	2	None	22339:22374	bigDeletion
Congo/FCRM-50-A29-07-07/2021	105	2	None	24714:24774	bigDeletion
Cameroon/CAM-320/2021	106	2	None	24714:24989	bigDeletion
Lithuania/IBT-LSC-VU_r13_17/2021	107	2	None	22346:22515	bigDeletion
Lithuania/IBT-LSC-VU_r08_01/2021	107	2	None	22346:22515	bigDeletion
Congo/RC-101/2021	108	3	None	24714:24902	bigDeletion
Congo/RC-159/2021	108	3	None	24714:24902	bigDeletion
USA/TN-CDC-ASC210111940/2021	109	2	None	22428:22472	bigDeletion
USA/LA-CDC-LC0054923/2021	110	2	None	23611:24658	bigDeletion
USA/NV-NSPHL-375694/2021	111	2	None	22877:23144	bigDeletion
USA/WA-S10097/2021	112	2	None	22339:22526	bigDeletion
USA/MA-CDCBI-CRSP_TNTUDMIHTNL274TG/2021	113	3	None	22620:22652	bigDeletion
USA/MA-CDCBI-CRSP_W5MTQUXR4YVPHKGX/2021	113	3	None	22620:22652	bigDeletion
USA/DC-HP10439-PIDZRZLLON/2020	114	2	None	21427:21682	bigDeletion
Spain/CT-IBV-99016340/2020	115	2	None	22338:22542	bigDeletion
Romania/B-18931/2021	116	2	None	22447:22481	bigDeletion
Germany/BY-MVP-000002205/2021	117	2	None	22000:22290	bigDeletion
EquatorialGuinea/70483/2020	118	2	None	21426:21682	bigDeletion
Sweden/14909803P/2021	119	2	None	21587:21672	bigDeletion
Angola/KRISP-K009773/2021	120	2	None	21448:21591	bigDeletion
England/LOND-12F917B/2021	121	2	None	22195:22256	bigDeletion
Mexico/CMX-INMEGEN-05-05-192/2021	122	3	None	22339:22523	bigDeletion
USA/IA-SHL-1746614/2021	122	3	None	22339:22523	bigDeletion
Gambia/33059/2021	123	2	None	22324:22542	bigDeletion
Ghana/WACCBIP-GS564/2021	124	2	None	21427:21682	bigDeletion
Malta/MDxMDH489/2021	125	2	None	21813:22020	bigDeletion
Cameroon/CERI-NPHL-K026183/2021	126	2	None	21162:21591	bigDeletion
Cyprus/BMV900/2021	127	2	None	21675:21737	bigDeletion
Gambia/47197/2021	128	2	None	21427:21682	bigDeletion
Uganda/CERI-UVRI-K022879/2021	129	2	None	21448:21566	bigDeletion
Ghana/WACCBIP-GS1031/2021	130	2	None	21598:21682	bigDeletion
Moldova/ICGEB_807539_S5/2021	130	2	None	21598:21682	bigDeletion
Gambia/13542/2021	131	3	None	21427:21682	bigDeletion
Gambia/PF0045/2021	131	3	None	21427:21682	bigDeletion
Sudan/SS1756/2021	132	2	None	21427:21682	bigDeletion
Kuwait/JAH3092406/2021	133	3	None	21697:21727	bigDeletion
Kuwait/JAH3135733/2021	133	3	None	21697:21727	bigDeletion
Argentina/INEI104583/2021	134	2	None	22324:22484	bigDeletion
Angola/CERI-KRISP-K012652/2021	135	3	None	21458:21583	bigDeletion
Germany/NW-RKI-I-080419/2021	135	3	None	21458:21583	bigDeletion
USA/KS-KHEL-2041/2021	136	2	None	21427:21682	bigDeletion
USA/WV-WVU-WV090922/2021	137	2	None	21535:21605	bigDeletion
Spain/CL-IBV-97006172/2020	138	3	None	22338:22523	bigDeletion
Spain/CL-IBV-97006341/2020	138	3	None	22338:22523	bigDeletion
Colombia/DC-INS-027/2020	139	2	None	22324:22542	bigDeletion
Germany/HH-HPI-p2830/2020	140	2	None	22640:22722	bigDeletion
EquatorialGuinea/47665/2020	141	2	None	22339:22376	bigDeletion
EquatorialGuinea/40288/2020	141	2	None	22339:22376	bigDeletion
Spain/AN-IBV-006124/2020	142	2	None	22338:22523	bigDeletion
Gambia/S-351/2020	143	2	None	22324:22542	bigDeletion
Guatemala/ASI01001/2020	144	2	None	21849:21924	bigDeletion
USA/NE-COPH-001717/2021	145	2	None	24144:24217	bigDeletion
Slovakia/27114/2021	146	2	None	22165:22290	bigDeletion
Ireland/D-NVRL-72IRL07177/2020	147	3	None	22626:22821	bigDeletion
Ireland/KE-NVRL-71IRL72426/2020	147	3	None	22626:22821	bigDeletion
Romania/SC11504/2020	148	2	None	22693:22727	bigDeletion
Austria/CeMM3664/2021	149	2	None	22626:22672	bigDeletion
Slovenia/17-126615-CE/2021	149	2	None	22626:22672	bigDeletion
Slovenia/264241/2020	150	2	None	23777:23847	bigDeletion
Liechtenstein/UHB-4168696501/2020	151	2	None	22443:22805	bigDeletion
Switzerland/AG-ETHZ-470714/2021	152	2	None	22650:22797	bigDeletion
Liechtenstein/UHB-0697145800/2020	153	2	None	22340:22384	bigDeletion
Austria/CeMM5467/2020	154	2	None	22626:22819	bigDeletion
USA/WA-S2599/2020	155	2	None	22900:22979	bigDeletion
USA/MI-UM-10035787821/2020	156	2	None	22324:22399	bigDeletion
USA/WA-S4341/2021	157	2	None	22372:22426	bigDeletion
USA/WA-S4697/2021	157	2	None	22372:22426	bigDeletion
USA/WA-S5609/2021	158	2	None	22350:22426	bigDeletion
USA/WA-ASU10681/2021	159	2	None	22339:22523	bigDeletion
USA/WA-OHSU-2479/2020	160	2	None	21531:21562	bigDeletion
USA/CO-CDPHE-2100343227/2021	161	2	None	22915:23016	bigDeletion
USA/WA-OHSU-9622/2021	162	2	None	21798:22021	bigDeletion
USA/WA-S4595/2021	163	2	None	22393:22523	bigDeletion
USA/WA-OHSU-2893/2020	164	2	None	20675:21562	bigDeletion
USA/AK-PHL21174/2020	165	2	None	21741:21990	bigDeletion
USA/AK-PHL21196/2020	165	2	None	21741:21990	bigDeletion
USA/WA-OHSU-9953/2021	166	2	None	22572:23544	bigDeletion
USA/WA-OHSU-9283/2021	167	2	None	21531:21562	bigDeletion
USA/UT-UPHL-2105452541/2021	168	2	None	22324:22431	bigDeletion
USA/SC-USAFSAM-S517/2020	169	2	None	23002:23048	bigDeletion
USA/WA-S6612/2021	170	2	None	22373:22523	bigDeletion
USA/WA-S2773/2020	171	2	None	22150:22315	bigDeletion
USA/WA-S5301/2020	172	2	None	22338:22523	bigDeletion
USA/WA-S4642/2021	173	2	None	22385:22426	bigDeletion
USA/WA-S3869/2021	174	2	None	22339:22471	bigDeletion
USA/WA-S3592/2020	175	2	None	22382:22422	bigDeletion
USA/WA-S4029/2021	175	2	None	22382:22422	bigDeletion
USA/WA-S3995/2021	175	2	None	22382:22422	bigDeletion
USA/TN-2-7456-5/2020	176	2	None	22362:22483	bigDeletion
USA/WA-UW-30922/2020	177	2	None	22564:22623	bigDeletion
USA/WA-S3678/2021	178	2	None	22373:22412	bigDeletion
USA/WA-UW-31232/2020	179	2	None	21919:21987	bigDeletion
USA/WA-S9136/2020	180	2	None	22340:22423	bigDeletion
USA/WA-S5389/2020	181	2	None	22488:22522	bigDeletion
USA/TN-2-5412-5/2020	182	2	None	22900:23128	bigDeletion
USA/UT-UPHL-2104462666/2021	183	2	None	22334:22430	bigDeletion
USA/WA-CDC-4010386-001/2020	184	2	None	22689:22875	bigDeletion
USA/WA-CDC-4010417-001/2020	184	2	None	22689:22875	bigDeletion
USA/MS-USAFSAM-S208/2020	185	2	None	23005:23129	bigDeletion
USA/RI-USAFSAM-S385/2020	185	2	None	23005:23129	bigDeletion
USA/AR-CDC-ASC210002253/2021	186	2	None	22412:22476	bigDeletion
USA/NC-ECU-CORVASEQ-106588661/2021	187	2	None	21773:21956	bigDeletion
USA/MN-Mayo5507/2020	188	2	None	22338:22523	bigDeletion
USA/WA-S5256/2020	189	2	None	22339:22395	bigDeletion
USA/WA-S3607/2020	190	2	None	22373:22404	bigDeletion
USA/NE-CUMC_20293165/2020	191	2	None	22239:22290	bigDeletion
USA/WA-CDC-STM-000008484/2021	192	2	None	21452:21660	bigDeletion
USA/WA-S11475/2020	193	2	None	22378:22423	bigDeletion
USA/WA-S11468/2020	193	2	None	22378:22423	bigDeletion
USA/WA-S2817/2020	194	2	None	24374:24420	bigDeletion
USA/PA-CDC-STM-000019606/2021	195	2	None	22410:22516	bigDeletion
USA/MT-BHDH-244/2021	196	2	None	22877:23144	bigDeletion
Barbados/50397/2020	197	2	None	23500:23812	bigDeletion
USA/NJ-OHSU-2657/2020	198	2	None	21521:21562	bigDeletion
USA/WA-S5323/2020	199	2	None	22338:22523	bigDeletion
USA/WA-S4458/2021	200	2	None	22379:22412	bigDeletion
USA/WA-S5399/2020	201	2	None	22479:22521	bigDeletion
USA/WA-S9122/2020	202	2	None	22339:22500	bigDeletion
USA/WA-S19514/2021	203	2	None	22012:22098	bigDeletion
USA/WA-S5327/2020	204	2	None	22339:22449	bigDeletion
USA/WA-S5374/2020	205	2	None	22339:22423	bigDeletion
Crimea/CRIE-L189B0546b/2021	206	2	None	22840:22872	bigDeletion
Madagascar/IPM-21256/2020	207	3	None	22339:22382	bigDeletion
HongKong/HKPU-05108/2020	207	3	None	22339:22382	bigDeletion
Portugal/PT1596/2020	207	3	None	22339:22382	bigDeletion
Denmark/DCGC-4120/2020	207	3	None	22339:22382	bigDeletion
Ireland/D-NVRL-20IRL27755/2020	207	3	None	22339:22382	bigDeletion
Portugal/IGC3668/2020	207	3	None	22339:22382	bigDeletion
Belgium/ULG-11465/2020	208	2	None	22324:22542	bigDeletion
DominicanRepublic/UNIBE85/2020	209	2	None	22209:22293	bigDeletion
Kazakhstan/KZY-CSP-21088_S61/2020	210	2	None	22715:22777	bigDeletion
Russia/MOW-CRIE-L186L0214u/2021	211	2	None	22431:22535	bigDeletion
Philippines/PH-PGC-00200/2020	212	2	None	21162:21665	bigDeletion
Germany/HH-HPI-p2933/2020	213	2	None	22640:22722	bigDeletion
Cambodia/101372/2020	214	2	None	22346:22516	bigDeletion
Ecuador/2343/2020	215	2	None	25084:25282	bigDeletion
Ghana/WACCBIP-GS257/2020	216	2	None	21146:21682	bigDeletion
Iran/GRC-T11560/2021	217	2	None	22670:22705	bigDeletion
Iran/GRC-T10934/2020	217	2	None	22670:22705	bigDeletion
Ghana/WACCBIP-GS294/2020	218	2	None	22324:22542	bigDeletion
Somalia/CV1232/2020	219	2	None	23995:24047	bigDeletion
Uzbekistan/Tashkent-CGB-32/2020	220	2	None	22700:22730	bigDeletion
USA/WA-OHSU-4826/2020	221	4	None	21532:21562	bigDeletion
USA/WA-OHSU-4832/2020	221	4	None	21532:21562	bigDeletion
USA/WA-OHSU-4408/2020	221	4	None	21532:21562	bigDeletion
USA/WA-S5263/2020	222	2	None	22339:22523	bigDeletion
Russia/SPE-RII-MH14268S/2021	223	2	None	22324:22565	bigDeletion
Guatemala/GUA-LNS-56045/2020	224	2	None	22340:22522	bigDeletion
Guatemala/GUA-LNS-1061/2021	224	2	None	22340:22522	bigDeletion
Oman/52180/2020	225	2	None	24347:24398	bigDeletion
USA/WA-CDC-UW21051125587/2021	226	2	None	22340:22522	bigDeletion
Togo/NMIMR-TG-TGS-044-21/2021	227	2	None	23624:23873	bigDeletion
HongKong/CUHK-NC9169/2020	228	2	None	24372:24439	bigDeletion
USA/CO-CDPHE-2007141276/2020	229	2	None	22508:22542	bigDeletion
Indonesia/BGR-LIPI024/2020	230	2	None	22324:22542	bigDeletion
USA/CT-CDC-LC0006981/2021	231	2	None	23610:24658	bigDeletion
Russia/MOS-RII-MH9270S/2020	232	2	None	22620:22821	bigDeletion
Turkey/Ankara_GUMV_37230/2020	233	2	None	22664:22705	bigDeletion
Belgium/ULG-10396/2020	234	2	None	22324:22542	bigDeletion
Kyrgyzstan/NRL-1065/2020	235	3	None	22639:22710	bigDeletion
Kyrgyzstan/NRL-43587/2021	235	3	None	22639:22710	bigDeletion
Kyrgyzstan/NRL-8997/2020	235	3	None	22639:22710	bigDeletion
Kyrgyzstan/NRL-25169/2020	236	2	None	22252:22339	bigDeletion
Malawi/MLW-00024/2020	237	2	None	22324:22542	bigDeletion
Botswana/R8B28_BHP_AAB12564/2020	238	2	None	21146:21682	bigDeletion
Argentina/PAIS-H0094/2020	239	2	None	24877:25773	bigDeletion
USA/WA-OHSU-2911/2020	240	2	None	21531:21562	bigDeletion
USA/DE-DHSS-FLW00761412/2021	241	2	None	21585:21664	bigDeletion
Mongolia/Khentii-235361/2021	242	2	None	22436:22486	bigDeletion
USA/MI-MDHHS-SC21181/2020	243	2	None	22338:22523	bigDeletion
USA/MN-MDH-4420/2021	244	2	None	22338:22507	bigDeletion
Hebei/IVDC-06-01/2021	245	2	None	21750:21952	bigDeletion
mink/Lithuania/EMC-5/2020	246	2	None	22092:22320	bigDeletion
Sweden/01_SE100_21CS513332/2021	247	2	None	23016:23048	bigDeletion
Hungary/UD-56273/2020	248	2	None	21427:21682	bigDeletion
Germany/BE-RKI-I-167685/2021	249	2	None	22057:22222	bigDeletion
Ukraine/HCL021165805401/2021	250	2	None	21909:21990	bigDeletion
USA/WA-PHL-000867/2021	251	2	None	22877:23144	bigDeletion
Bangladesh/CHRF-0059/2020	252	2	None	22324:22542	bigDeletion
Australia/VIC14040/2020	253	2	None	22337:22409	bigDeletion
Bangladesh/CHRF-0159/2020	254	2	None	22904:23122	bigDeletion
Georgia/Tb-sNGS428/2021	255	3	None	21845:21878	bigDeletion
Georgia/Tb-SNGS387/2021	255	3	None	21845:21878	bigDeletion
Ecuador/USFQ-553/2020	256	2	None	21620:22537	bigDeletion
Jordan/SEARCH-5449/2020	257	2	None	21354:21665	bigDeletion
Timor-Leste/TL39/2020	258	2	None	23096:23144	bigDeletion
Chile/RM-35578/2021	259	2	None	22248:22367	bigDeletion
USA/WA-S2755/2020	260	2	None	24293:24326	bigDeletion
Nepal/2097/2020	261	2	None	22324:22523	bigDeletion
USA/SC-DHEC-0928/2020	262	2	None	22031:22062	bigDeletion
USA/ND-NDDH-3305/2020	263	2	None	22383:22542	bigDeletion
USA/ND-USAFSAM-S316/2020	264	2	None	23084:23129	bigDeletion
Gambia/0278/2020	265	2	None	21427:21682	bigDeletion
USA/WA-S9085/2020	266	2	None	22389:22419	bigDeletion
Ukraine/HCL021165521701/2021	267	3	None	21448:21665	bigDeletion
Israel/CVL-9212/2021	267	3	None	21448:21665	bigDeletion
Bahrain/60009143/2021	268	2	None	22028:22134	bigDeletion
USA/WA-OHSU-2909/2020	269	2	None	21531:21562	bigDeletion
USA/WA-OHSU-2883/2020	269	2	None	21531:21562	bigDeletion
USA/AL-USAFSAM-S328/2020	270	2	None	22896:23129	bigDeletion
USA/WV-WVU-WV090358/2020	271	2	None	22898:23023	bigDeletion
USA/WA-S5276/2020	272	2	None	22339:22523	bigDeletion
USA/WA-S11455/2020	273	2	None	22378:22423	bigDeletion
USA/WA-S5271/2020	274	2	None	22340:22459	bigDeletion
USA/WA-S5275/2020	274	2	None	22340:22459	bigDeletion
USA/WA-S5274/2020	274	2	None	22340:22459	bigDeletion
USA/WA-S3039/2020	275	2	None	21692:21799	bigDeletion
Brazil/SP-FMRP-315/2020	276	2	None	22369:22423	bigDeletion
Paraguay/REDE-PY8/2020	277	2	None	22924:23085	bigDeletion
USA/FL-BPHL-0525/2020	278	2	None	22322:22391	bigDeletion
Argentina/PAIS-F0114/2021	279	2	None	22021:22241	bigDeletion
Uruguay/TYT-M95/2020	280	2	None	22324:22542	bigDeletion
Turkey/DEN-PAU08/2020	281	2	None	22640:22720	bigDeletion
Turkey/KU-005/2020	281	2	None	22640:22720	bigDeletion
Latvia/1172/2020	282	2	None	21588:21672	bigDeletion
BurkinaFaso/CV1719/2020	283	2	None	22447:22522	bigDeletion
Israel/CVL-5199/2021	284	2	None	22339:22523	bigDeletion
Paraguay/WOR12903A652/2020	285	2	None	24146:24217	bigDeletion
Paraguay/27666/2021	286	2	None	23006:23046	bigDeletion
Paraguay/iics_8410/2021	287	2	None	22324:22542	bigDeletion
USA/WA-CDC-UW21050355785/2021	288	2	None	22033:22126	bigDeletion
Uruguay/UY-NYULH2027/2021	289	2	None	22075:22123	bigDeletion
Uruguay/UY-NYULH2148/2021	289	2	None	22075:22123	bigDeletion
Argentina/PAIS-J00041/2021	290	2	None	22324:22542	bigDeletion
USA/OH-CDC-ASC210046100/2021	291	2	None	22341:22449	bigDeletion
USA/WA-S5070/2021	292	2	None	22338:22523	bigDeletion
Russia/UD-CSP-EPIC-25664_S56/2020	293	2	None	22700:22777	bigDeletion
Ireland/D-NVRL-M35IRL57295/2021	294	2	None	21195:21562	bigDeletion
Gabon/6902L/2021	295	2	None	21716:21996	bigDeletion
USA/WA-CDC-UW21070742167/2021	296	2	None	23096:23126	bigDeletion
Gabon/CERMEL-DD0334/2021	297	2	None	21452:21562	bigDeletion
Guinea/CERFIG-24250/2021	298	2	None	21909:21960	bigDeletion
Benin/428547/2021	299	2	None	21891:22038	bigDeletion
USA/WA-PHL-000737/2021	300	2	None	22368:22424	bigDeletion
USA/WA-CDC-QDX25952423/2021	301	2	None	23500:23596	bigDeletion
USA/VT-CDC-STM-000008055/2021	302	2	None	22346:22434	bigDeletion
HongKong/HKU-201216-336/2020	303	2	None	22324:22542	bigDeletion
Angola/KRISP-K009705/2020	304	2	None	21441:21591	bigDeletion
USA/WA-S6009/2021	305	2	None	22340:22523	bigDeletion
USA/NY-NYULH1556/2020	306	2	None	21514:21698	bigDeletion
Egypt/CPHL-EGY21039/2021	307	2	None	22432:22522	bigDeletion
USA/MI-CDC-ASC210112759/2021	308	2	None	21742:21956	bigDeletion
Jordan/RMSR8S22/2021	309	2	None	21671:21749	bigDeletion
USA/DE-Curative-027310/2021	310	2	None	21735:21967	bigDeletion
Peru/LIM-UPCH-2472/2022	311	2	None	21602:21645	bigDeletion
Argentina/PAIS-G0636/2021	312	3	None	21749:21779	bigDeletion
Peru/ARE-UNSA-2004/2021	312	3	None	21749:21779	bigDeletion
ElSalvador/Gorgas-93/2021	312	3	None	21749:21779	bigDeletion
ElSalvador/INC-LNSP-003/2021	312	3	None	21749:21779	bigDeletion
PuertoRico/PR-CDC-FG-043451/2021	313	2	None	22214:22291	bigDeletion
USA/VT-CDCBI-CRSP_G3GVF3OP4IUCUWDQ/2021	314	2	None	25077:25278	bigDeletion
SaintKittsandNevis/104027/2021	315	2	None	22785:22974	bigDeletion
Ireland/LS-NVRL-S21IRL48818/2021	316	2	None	20688:21562	bigDeletion
USA/AL-UAB-GX316/2021	317	2	None	23642:23683	bigDeletion
USA/WA-S10104/2021	318	2	None	22298:22329	bigDeletion
USA/TX-CDC-FG-080758/2021	319	2	None	22214:22291	bigDeletion
Qatar/QA-QU_05-I1/2020	320	2	None	24145:24416	bigDeletion
USA/WA-S2607/2020	321	2	None	21993:22024	bigDeletion
Mauritius/P004441/2020	322	2	None	21427:21682	bigDeletion
USA/WA-S6658/2021	323	2	None	22339:22523	bigDeletion
Russia/SPE-RII-1482S/2021	324	2	None	22333:22428	bigDeletion
NewZealand/20VR3802/2020	324	2	None	22333:22428	bigDeletion
Russia/MOW-5COV_089/2020	325	2	None	22324:22542	bigDeletion
Russia/MOW-RII-MH19511S/2021	326	2	None	24382:24443	bigDeletion
Russia/MOS-CRIE-L106D2453b/2021	327	2	None	21458:21581	bigDeletion
USA/WA-S2238/2020	328	2	None	22639:22697	bigDeletion
USA/WA-S2273/2020	329	2	None	24328:24358	bigDeletion
Guinea/CERFIG-32288/2021	330	2	None	21716:21990	bigDeletion
USA/PA-CDC-STM-000045713/2021	331	2	None	21861:21955	bigDeletion
USA/VA-DCLS-3910/2021	332	2	None	21727:21978	bigDeletion
USA/VT-MASPHL-02039/2021	333	2	None	21732:21973	bigDeletion
TrinidadandTobago/61261/2021	334	3	None	21716:21990	bigDeletion
TrinidadandTobago/55453/2021	334	3	None	21716:21990	bigDeletion
Austria/CeMM11223/2021	335	2	None	21716:21990	bigDeletion
U.S.VirginIslands/VI-Yale-6055/2021	335	2	None	21716:21990	bigDeletion
USA/MD-IGS-012105605277A/2021	336	2	None	21886:21961	bigDeletion
SierraLeone/CPHRL-094/2021	337	2	None	21629:21682	bigDeletion
USA/PA-CDC-QDX23396125/2021	338	2	None	21716:21990	bigDeletion
USA/RI-RISHL-E00261/2021	339	2	None	22247:22391	bigDeletion
USA/CO-CDPHE-2100645398/2021	340	2	None	22877:23144	bigDeletion
USA/WA-S9713/2021	341	2	None	22340:22522	bigDeletion
USA/UT-UPHL-2105944677/2021	342	2	None	22403:22439	bigDeletion
USA/OH-CDC-ASC210016242/2021	343	2	None	22339:22522	bigDeletion
USA/WA-OHSU-10169/2021	344	2	None	21684:21720	bigDeletion
USA/AL-CDC-ASC210001432/2021	345	2	None	22341:22490	bigDeletion
USA/MO-CDC-ASC210010712/2021	346	2	None	22338:22521	bigDeletion
USA/MN-MDH-3281/2021	347	2	None	22482:22523	bigDeletion
USA/WA-PHL-000077/2021	348	2	None	22341:22383	bigDeletion
USA/WA-UW-21042908303/2021	349	2	None	23848:23913	bigDeletion
USA/WA-S7906/2021	350	2	None	22475:22507	bigDeletion
USA/WA-S7869/2021	350	2	None	22475:22507	bigDeletion
PuertoRico/PR-UPRRP-5682/2022	351	2	None	21386:21664	bigDeletion
USA/WA-S4228/2021	352	2	None	22339:22423	bigDeletion
USA/TN-VUMC-002348/2021	353	2	None	23075:23144	bigDeletion
USA/WA-S8549/2021	354	2	None	22341:22473	bigDeletion
USA/WA-UW-68656/2021	355	2	None	23891:23959	bigDeletion
USA/OK-CDC-ASC210060677/2021	356	2	None	22486:22516	bigDeletion
USA/WA-S6501/2021	357	2	None	22339:22423	bigDeletion
USA/WA-S7177/2021	358	2	None	22339:22523	bigDeletion
USA/WA-S1513/2020	359	2	None	21927:21974	bigDeletion
USA/WA-S2024/2020	360	2	None	22638:22750	bigDeletion
USA/WA-UW-19534/2020	361	2	None	24958:25022	bigDeletion
USA/WA-S2312/2020	362	2	None	22188:22276	bigDeletion
USA/WA-UW-3600996/2020	363	2	None	21598:21698	bigDeletion
USA/WA-S5308/2020	364	2	None	21440:21583	bigDeletion
USA/WA-S5320/2020	364	2	None	21440:21583	bigDeletion
USA/WA-S1669/2020	365	2	None	25321:25400	bigDeletion
USA/WA-S5261/2020	366	2	None	22356:22412	bigDeletion
USA/WA-S5297/2020	367	2	None	22339:22523	bigDeletion
USA/WA-S2677/2020	368	2	None	23924:23962	bigDeletion
USA/WA-UW-13386/2020	369	2	None	21707:21737	bigDeletion
USA/WA-S5249/2020	370	2	None	22374:22423	bigDeletion
USA/WA-S5316/2020	370	2	None	22374:22423	bigDeletion
USA/WA-S5243/2020	370	2	None	22374:22423	bigDeletion
USA/WA-S5268/2020	370	2	None	22374:22423	bigDeletion
USA/WA-S5245/2020	370	2	None	22374:22423	bigDeletion
USA/WA-S1744/2020	371	2	None	21842:21992	bigDeletion
USA/WA-S5228/2020	372	2	None	22383:22424	bigDeletion
USA/WA-UW-30844/2020	373	2	None	21929:22014	bigDeletion
USA/WA-S5312/2020	374	2	None	22341:22423	bigDeletion
USA/VA-CDC-LC0047594/2021	375	2	None	23609:24658	bigDeletion
Brazil/GO-LABSAUDE-152/2021	376	2	None	22689:22775	bigDeletion
USA/TX-CDC-FG-033184/2021	377	2	None	22462:22521	bigDeletion
Brazil/SP-IB_146697/2021	377	2	None	22462:22521	bigDeletion
USA/LA-EVTL3077/2021	378	2	None	22013:22172	bigDeletion
Romania/B-12058/2021	379	2	None	22346:22488	bigDeletion
Bolivia/SAN-CABANA-PE-UPCH-2245/2021	380	2	None	22033:22087	bigDeletion
France/IDF-IPP11278/2021	381	2	None	22235:22300	bigDeletion
Sweden/UUH-000200143260/2021	382	2	None	22036:22260	bigDeletion
USA/AZ-TG1007579/2021	383	2	None	21925:22090	bigDeletion
USA/IL-CDC-ASC210067139/2021	384	2	None	22339:22440	bigDeletion
USA/KS-CDC-2-4501086/2021	385	2	None	21514:21597	bigDeletion
USA/WA-PHL-000646/2021	386	2	None	22897:23127	bigDeletion
USA/WA-PHL-000579/2021	387	2	None	21505:21562	bigDeletion
Chile/BI-155325/2021	388	2	None	22236:22512	bigDeletion
USA/MA-CDCBI-CRSP_GYINMD4T54LU7XW2/2021	389	2	None	22013:22290	bigDeletion
USA/MA-CDCBI-CRSP_SEQOQVIVGYE5VLYJ/2021	389	2	None	22013:22290	bigDeletion
USA/WA-PHL-000896/2021	390	2	None	22013:22064	bigDeletion
USA/MA-CDCBI-CRSP_RP3OXD6JRLQEACL3/2021	391	2	None	22013:22261	bigDeletion
USA/AL-UAB-GX767/2021	392	2	None	21802:21847	bigDeletion
USA/MN-MDH-10832/2021	393	2	None	22324:22542	bigDeletion
Haiti/27717/2021	394	2	None	22895:23129	bigDeletion
Belgium/ULB-IBC_CV2212048523/2021	395	2	None	22590:22681	bigDeletion
USA/MD-CDC-LC0180155/2021	396	2	None	24085:24189	bigDeletion
USA/WA-CDC-UW21051727807/2021	397	2	None	22212:22288	bigDeletion
DominicanRepublic/DR_AFI126/2022	398	2	None	22013:22290	bigDeletion
USA/VA-DCLS-9158/2021	399	2	None	22323:22400	bigDeletion
USA/MI-MDHHS-SC32329/2021	400	2	None	22171:22271	bigDeletion
USA/GA-EHC-1634X/2021	401	2	None	22998:23047	bigDeletion
USA/FL-CDC-LC0056567/2021	402	2	None	23609:24658	bigDeletion
Lithuania/LSMULKKGMMK17C166/2021	403	2	None	22376:22421	bigDeletion
USA/WA-UW-21050436173/2021	404	2	None	22125:22179	bigDeletion
USA/WA-UW-21050491428/2021	405	2	None	22033:22064	bigDeletion
USA/AR-UNM-BAPW333151/2021	406	2	None	21505:21562	bigDeletion
USA/ME-CDCBI-CRSP_E2BOISPJB75HPXFV/2021	407	2	None	22013:22261	bigDeletion
USA/OH-GD-083121-344/2021	408	2	None	22346:22433	bigDeletion
USA/WA-CDC-UW21052212725/2021	409	2	None	22125:22228	bigDeletion
Ecuador/NIC-INSPI-1811-5445/2021	410	2	None	22383:22423	bigDeletion
TrinidadandTobago/66640/2021	411	2	None	23500:23812	bigDeletion
USA/AZ-ASU5233/2021	412	2	None	21514:21597	bigDeletion
USA/KS-KHEL-1539/2021	413	2	None	22249:22290	bigDeletion
USA/KY-CDC-LC0048393/2021	414	2	None	23609:24658	bigDeletion
USA/IL-RIPHL_60074_G/2021	415	2	None	21528:21576	bigDeletion
USA/MN-CDC-IBX110716816403/2021	416	2	None	21609:21653	bigDeletion
USA/KY-GD-071321-21061015466/2021	417	2	None	22341:22521	bigDeletion
USA/NE-NCOV21-16468/2021	418	2	None	22013:22290	bigDeletion
USA/TX-HHD-2108111920/2021	419	2	None	22039:22259	bigDeletion
deer/USA/NY-WTD_164453/2021	420	3	None	23523:23575	bigDeletion
deer/USA/NY-WTD_161965/2021	420	3	None	23523:23575	bigDeletion
USA/WA-PHL-001236/2021	421	2	None	22508:22542	bigDeletion
USA/WA-UW-2021040715361/2021	422	3	None	22333:22521	bigDeletion
USA/WA-UW-21042257477/2021	422	3	None	22333:22521	bigDeletion
USA/WA-S7196/2021	423	2	None	22079:22270	bigDeletion
USA/WA-UW-21042906251/2021	424	2	None	22157:22237	bigDeletion
USA/WA-CDC-UW21073169394/2021	425	2	None	22443:22473	bigDeletion
USA/WA-OHSU-11490/2021	426	2	None	21531:21562	bigDeletion
USA/WA-S9301/2021	427	2	None	22338:22374	bigDeletion
USA/WA-PHL-002140/2021	428	2	None	22439:22525	bigDeletion
USA/WA-PHL-001276/2021	429	2	None	22492:22542	bigDeletion
USA/WA-PHL-003612/2021	430	2	None	22324:22414	bigDeletion
USA/OH-21AM-106CO04632/2021	431	2	None	22031:22268	bigDeletion
USA/AZ-CDC-QDX25664338/2021	432	2	None	21716:21790	bigDeletion
USA/WA-CDC-UW21060713100/2021	433	2	None	22896:23056	bigDeletion
Belize/CML-176/2021	434	2	None	22013:22290	bigDeletion
USA/WA-CDC-UW21060439741/2021	435	2	None	22033:22094	bigDeletion
USA/WA-PHL-001056/2021	436	2	None	22324:22542	bigDeletion
USA/MN-UMGC-14733/2021	437	2	None	22013:22290	bigDeletion
USA/MA-CDCBI-CRSP_UOACXQZJK6B56HPV/2021	437	2	None	22013:22290	bigDeletion
USA/WA-UW-21042027809/2021	438	2	None	22899:22995	bigDeletion
USA/WA-PHL-000756/2021	439	2	None	22896:23128	bigDeletion
USA/WA-PHL-000907/2021	440	2	None	22877:23144	bigDeletion
USA/WA-UW-21052806229/2021	441	2	None	22033:22190	bigDeletion
USA/WA-CDC-UW21052066504/2021	442	2	None	22333:22521	bigDeletion
USA/WA-UW-21051438115/2021	443	2	None	22033:22180	bigDeletion
Bangladesh/BTID_B_210707_653/2021	444	2	None	22247:22428	bigDeletion
Luxembourg/LNS3231386/2022	445	2	None	22316:22680	bigDeletion
Denmark/DCGC-618507/2022	446	2	None	21765:21853	bigDeletion
Denmark/DCGC-636775/2023	446	2	None	21765:21853	bigDeletion
Lithuania/MB221228_0154/2022	447	2	None	23025:23128	bigDeletion
Belgium/Jessa_11-2305-001002ZOL/2023	448	2	None	22966:23089	bigDeletion
Philippines/PH-VUI-147930/2023	449	2	None	22375:22410	bigDeletion
Philippines/PH-VUI-141794/2022	450	3	None	22341:22561	bigDeletion
Philippines/PH-VUI-141812/2022	450	3	None	22341:22561	bigDeletion
Philippines/PH-PGC-129126/2022	451	3	None	22387:22548	bigDeletion
Philippines/PH-VUI-147577/2023	451	3	None	22387:22548	bigDeletion
USA/CA-CDPH-FS25388083/2022	452	2	None	21514:21575	bigDeletion
SouthKorea/KDCA122844/2022	453	2	None	22626:22821	bigDeletion
Brunei/7722013826/2022	454	2	None	22687:22793	bigDeletion
USA/CO-CDPHE-2103692630/2022	455	2	None	22324:22542	bigDeletion
Iceland/L-2045/2022	456	2	None	22324:22542	bigDeletion
Georgia/Tb-sNGS6494/2022	457	2	None	22339:22569	bigDeletion
Georgia/Tb-sNGS7023/2023	458	2	None	22339:22594	bigDeletion
USA/MA-CDCBI-CRSP_NSNPI7CRWW3TSQB7/2022	459	2	None	22511:22747	bigDeletion
USA/OH-CDC-ASC210751959/2022	460	2	None	22800:22950	bigDeletion
USA/ND-NDDH-11759/2022	461	2	None	22280:22314	bigDeletion
USA/WA-CDC-UW22030161746/2022	462	2	None	22517:22609	bigDeletion
USA/WA-UW-22030701984/2022	463	2	None	22799:22941	bigDeletion
USA/WA-CDC-UW22022638336/2022	463	2	None	22799:22941	bigDeletion
USA/WA-CDC-UW22022865732/2022	463	2	None	22799:22941	bigDeletion
USA/WA-CDC-UW22030214877/2022	464	2	None	22517:22609	bigDeletion
SouthAfrica/NICD-N27972/2021	465	2	None	23821:23855	bigDeletion
USA/MD-CDC-ASC210821059/2022	466	2	None	22785:22957	bigDeletion
USA/MD-CDC-ASC210550550/2022	466	2	None	22785:22957	bigDeletion
USA/DE-DHSS-B1204094/2022	467	2	None	22247:22428	bigDeletion
USA/WA-PHL-020218/2022	468	3	None	22474:22774	bigDeletion
USA/WA-PHL-022150/2022	468	3	None	22474:22774	bigDeletion
USA/NV-CDC-LC0565950/2022	469	2	None	23279:23683	bigDeletion
Luxembourg/LNS2881033/2022	470	3	None	22896:22933	bigDeletion
Israel/CVL-8010641/2022	470	3	None	22896:22933	bigDeletion
USA/WA-UW-22052946623/2022	471	2	None	22797:22941	bigDeletion
USA/TN-6-10784-5/2022	472	2	None	25077:25288	bigDeletion
Belgium/rega-33965/2022	473	2	None	21514:21562	bigDeletion
CzechRepublic/UMTM477707/2022	473	2	None	21514:21562	bigDeletion
Austria/AGES-150919/2022	474	2	None	20676:21562	bigDeletion
USA/CA-SEARCH-118250/2022	475	2	None	21508:21565	bigDeletion
USA/VT-CDCBI-CRSP_3UNQNIJ5IDFK7MWT/2022	476	3	None	22879:23120	bigDeletion
USA/VT-CDCBI-CRSP_2K6AZKQG5TE3HGVH/2022	476	3	None	22879:23120	bigDeletion
USA/VT-CDCBI-CRSP_6CEFBRAD64B6L4IL/2022	476	3	None	22879:23120	bigDeletion
Belgium/Jessa_11-2223-004046ZOL/2022	477	2	None	23047:23089	bigDeletion
Israel/ICH-741207268/2022	478	2	None	22801:22882	bigDeletion
Sweden/2A65838330099/2022	479	2	None	22688:22793	bigDeletion
Belgium/LHUB-ULB_25258309/2022	480	2	None	21453:21562	bigDeletion
Norway/9315/2022	481	2	None	22599:22774	bigDeletion
Estonia/17900413/2022	482	2	None	21675:21743	bigDeletion
Bulgaria/22BG-EU_021284_Pl201/2022	483	2	None	21675:21745	bigDeletion
France/ARA-HMN-22032300160/2022	484	2	None	22386:22423	bigDeletion
Algeria/22459/2022	485	2	None	22474:22774	bigDeletion
USA/NE-CUMC_22136082/2022	486	2	None	22878:23121	bigDeletion
USA/MA-CDCBI-CRSP_NIC4AHCSOS6DQGLQ/2022	486	2	None	22878:23121	bigDeletion
USA/KS-KHEL-10303/2022	487	2	None	20688:21562	bigDeletion
NewZealand/22CH3072/2022	487	2	None	20688:21562	bigDeletion
USA/MS-UMMC-M631H11-534646/2022	488	2	None	22335:22523	bigDeletion
Israel/CVL-9003054/2022	489	2	None	22341:22423	bigDeletion
Ireland/CO-NVRL-S22IRL00267540/2022	490	2	None	20688:21562	bigDeletion
USA/NV-NSPHL-22-00056393/2022	491	2	None	20676:21562	bigDeletion
USA/NV-NSPHL-22-00054778/2022	491	2	None	20676:21562	bigDeletion
USA/WA-UW-22051033838/2022	492	2	None	22517:22609	bigDeletion
USA/IL-624037/2022	493	2	None	22517:22609	bigDeletion
USA/WA-PHL-019453/2022	494	2	None	22474:22711	bigDeletion
USA/WA-PHL-019454/2022	494	2	None	22474:22711	bigDeletion
USA/WA-UW-22051166323/2022	495	2	None	22792:22948	bigDeletion
USA/OR-OSPHL05955/2022	496	2	None	21802:21847	bigDeletion
USA/WA-UW-22052474134/2022	497	2	None	22517:22609	bigDeletion
USA/IA-SHL-2082306/2022	498	2	None	20676:21562	bigDeletion
Austria/LB-R00092-S220/2022	499	2	None	23081:23144	bigDeletion
PuertoRico/160422-S-2870/2022	500	2	None	22517:22609	bigDeletion
Turkey/HSGM-AHSL11-6/2022	501	2	None	23045:23118	bigDeletion
Slovakia/BA_22_00031120/2022	502	2	None	22783:22959	bigDeletion
USA/DE-DHSS-B1198455/2022	503	2	None	20676:21562	bigDeletion
Poland/Kce-3571/2022	504	2	None	22338:22523	bigDeletion
Thailand/CONI-2917/2022	505	2	None	20676:21562	bigDeletion
Moldova/G0076/2022	506	2	None	20676:21562	bigDeletion
Lithuania/LTU000_NVSPL_VN_MB34383/2022	507	2	None	21675:21743	bigDeletion
England/PHEP-YYFKD5P/2022	508	2	None	22474:22774	bigDeletion
USA/MT-MTPHL-4038138/2022	509	3	None	20676:21562	bigDeletion
USA/MT-MTPHL-4038135/2022	509	3	None	20676:21562	bigDeletion
USA/MT-MTPHL-4038136/2022	509	3	None	20676:21562	bigDeletion
SouthKorea/KDCA35852/2022	510	2	None	22058:22100	bigDeletion
Morocco/927/2022	511	2	None	23048:23089	bigDeletion
France/IDF-CERBAHC-02137978/2022	512	2	None	22799:22886	bigDeletion
USA/MN-MDH-26591/2022	513	2	None	22730:22774	bigDeletion
SouthAfrica/SU-NHLS_3923/2022	514	2	None	20676:21562	bigDeletion
Slovakia/BA_22_00018857/2022	515	2	None	22792:22965	bigDeletion
Belgium/rega-41355/2022	516	2	None	20676:21562	bigDeletion
USA/MA-Broad-CRSP_7EYGR326X7XFLJBO/2022	517	2	None	22877:23144	bigDeletion
USA/CT-Yale-19953/2022	518	2	None	22247:22288	bigDeletion
USA/ND-NDDH-17400/2022	519	2	None	20676:21562	bigDeletion
Estonia/RC0666117/2022	520	2	None	21675:21743	bigDeletion
Brazil/RS-19436/2022	521	2	None	22474:22742	bigDeletion
Thailand/NIC_BKK_20993/2022	522	2	None	22343:22523	bigDeletion
USA/VA-Curative-456994/2022	523	2	None	22706:22871	bigDeletion
USA/WA-S21526/2022	524	2	None	21928:22061	bigDeletion
Colombia/DC-INS-VG-19202/2022	525	2	None	20676:21562	bigDeletion
USA/DE-ASC-210774752/2022	526	2	None	22831:22925	bigDeletion
India/TN-CDFD-W8-539/2022	527	2	None	22785:22974	bigDeletion
USA/WI-MHDL-2022080083/2022	528	2	None	22265:22412	bigDeletion
USA/TX-HHD-2207131205/2022	529	2	None	22879:23120	bigDeletion
USA/DE-ASC-210777569/2022	530	2	None	22785:22956	bigDeletion
USA/CA-FG-293121/2022	531	2	None	21511:21604	bigDeletion
USA/VT-024869/2022	532	3	None	22247:22428	bigDeletion
USA/VT-BSR-024869/2022	532	3	None	22247:22428	bigDeletion
Colombia/DC-INS-SP-7140034/2022	533	2	None	20676:21562	bigDeletion
USA/KY-22869_220816S/2022	534	2	None	22808:22850	bigDeletion
USA/SD-SDPHL-1931/2022	535	2	None	21904:21988	bigDeletion
USA/OR-OSPHL07232/2022	536	2	None	20676:21562	bigDeletion
Bahrain/CDL-23020056219/2023	537	2	None	22267:22412	bigDeletion
USA/AZ-ASU94090/2022	538	2	None	22247:22353	bigDeletion
Colombia/CUN-INS-VG-25774/2022	538	2	None	22247:22353	bigDeletion
USA/OK-PHL-0024948/2023	539	2	None	22657:22699	bigDeletion
USA/OK-PHL-0023385/2022	540	2	None	22662:22700	bigDeletion
USA/NC-WakeMed-CORVASEQ-WM06984/2023	541	2	None	22247:22428	bigDeletion
Croatia/HZJZ_3158/2023	542	2	None	22266:22412	bigDeletion
Norway/3486/2023	543	2	None	21514:21597	bigDeletion
HongKong/VB23021288/2023	544	2	None	22247:22428	bigDeletion
Indonesia/JI-ITD-60817NT/2023	545	2	None	22247:22336	bigDeletion
USA/MN-MDH-34652/2023	546	2	None	22247:22428	bigDeletion
India/RJ-SMS-ICMR-INSACOG-TS-14746/2022	547	2	None	22581:22623	bigDeletion
Israel/ICH-741185802/2022	548	2	None	22787:23006	bigDeletion
Belgium/Jessa_11-2308-001169ZOL/2023	549	2	None	22966:23089	bigDeletion
Denmark/DCGC-600296/2022	550	2	None	21716:21990	bigDeletion
Chile/RM-111635/2022	551	2	None	21733:22277	bigDeletion
USA/TX-PHH-22C-300M0441/2022	552	2	None	22790:22871	bigDeletion
Germany/NI-RKI-I-1001602/2022	553	2	None	22879:23121	bigDeletion
USA/AR-UAMS-1016195026/2022	554	2	None	21737:21988	bigDeletion
USA/AR-UAMS-1016188407/2022	554	2	None	21737:21988	bigDeletion
USA/IL-C22WGS8581/2022	554	2	None	21737:21988	bigDeletion
USA/AR-UAMS-1016170035/2022	554	2	None	21737:21988	bigDeletion
USA/OK-PHL-0024020/2022	555	2	None	21732:22063	bigDeletion
SouthAfrica/SU-NHLS_6334/2022	556	2	None	20676:21562	bigDeletion
Japan/TKYmbc13850/2022	557	2	None	21716:22003	bigDeletion
Russia/MOW-RII-MH128436S/2022	558	2	None	22247:22283	bigDeletion
Romania/IS-CNMMI-549079/2023	559	2	None	21674:21705	bigDeletion
Mauritius/9918/2023	560	2	None	21461:21562	bigDeletion
USA/CO-CDPHE-2103753912/2022	561	2	None	22474:22775	bigDeletion
Norway/35800/2022	562	2	None	22790:22871	bigDeletion
Norway/34007/2022	562	2	None	22790:22871	bigDeletion
Bulgaria/23BG-EU_023054_Pl213/2023	563	2	None	21675:21743	bigDeletion
Romania/B-545942/2023	564	2	None	21674:21705	bigDeletion
Germany/RP-RKI-I-1112020/2023	565	2	None	21716:21990	bigDeletion
Denmark/DCGC-644053/2023	566	2	None	21716:21990	bigDeletion
Ireland/D-NVRL-ecS22IRL00469119/2022	567	2	None	21675:21848	bigDeletion
Romania/CL-545542/2023	568	2	None	21675:21705	bigDeletion
Croatia/44969/2022	568	2	None	21675:21705	bigDeletion
Greece/ILI_1481/2023	568	2	None	21675:21705	bigDeletion
Denmark/DCGC-633497/2022	569	2	None	21716:21990	bigDeletion
USA/MN-MDH-33750/2023	570	2	None	22247:22428	bigDeletion
USA/MN-MDH-34551/2023	570	2	None	22247:22428	bigDeletion
Poland/n4/2023	571	2	None	23048:23089	bigDeletion
Lithuania/MB-01230031/2023	572	2	None	21735:21990	bigDeletion
Greece/C2129/2022	573	2	None	21675:21743	bigDeletion
Greece/178138/2023	573	2	None	21675:21743	bigDeletion
USA/IL-RIPHL-62003/2023	574	2	None	22790:22871	bigDeletion
USA/IL-RIPHL_32025_G/2023	574	2	None	22790:22871	bigDeletion
USA/IL-3092023015/2023	575	2	None	22517:22609	bigDeletion
USA/KY-ASC-210996367/2023	576	2	None	22785:22956	bigDeletion
NewZealand/22ZA5450/2022	577	2	None	22447:22537	bigDeletion
Denmark/DCGC-641546/2023	578	2	None	21716:21990	bigDeletion
Germany/NW-RKI-I-1094574/2023	579	2	None	21864:21946	bigDeletion
USA/CA-CDPH-A3000000315196/2023	580	2	None	21514:21597	bigDeletion
Iceland/L-3573/2023	581	2	None	21745:21990	bigDeletion
USA/CT-Yale-24150/2023	582	2	None	22247:22428	bigDeletion
USA/CA-CDPH-500106095/2023	583	2	None	22790:22871	bigDeletion
Norway/3156/2023	584	2	None	22790:22871	bigDeletion
USA/CA-CDPH-500105813/2023	585	3	None	22790:22871	bigDeletion
USA/CA-CDPH-FS48080216/2023	585	3	None	22790:22871	bigDeletion
CzechRepublic/NRL-s702/2023	586	2	None	22920:23047	bigDeletion
USA/NC-ECU-CORVASEQ-116741267/2023	587	2	None	21733:22271	bigDeletion
USA/NV-NSPHL-23-S001909/2023	588	2	None	23609:23705	bigDeletion
Vietnam/BMH-518995/2023	589	2	None	22877:23121	bigDeletion
USA/CA-CDPH-500093714/2022	590	2	None	21685:21737	bigDeletion
USA/CO-CDPHE-2103778373/2023	591	2	None	22247:22428	bigDeletion
Iceland/L-3767/2023	592	2	None	21716:21990	bigDeletion
Greece/29799/2022	593	2	None	21675:21847	bigDeletion
USA/PA-Curative-258176/2022	594	2	None	21514:21698	bigDeletion
Kosovo/CO-00733-XXK000_4853_02_Niph_2022/2022	595	2	None	21675:21743	bigDeletion
Croatia/30548/2022	595	2	None	21675:21743	bigDeletion
Georgia/Tb-sNGS4533/2022	596	2	None	22762:22974	bigDeletion
Romania/TR_517631/2022	597	2	None	21674:21705	bigDeletion
USA/IA-SHL-2111305/2022	598	3	None	20676:21562	bigDeletion
USA/IA-SHL-2118754/2022	598	3	None	20676:21562	bigDeletion
USA/IA-SHL-2106117/2022	598	3	None	20676:21562	bigDeletion
USA/IA-SHL-2098792/2022	598	3	None	20676:21562	bigDeletion
USA/IA-SHL-2100197/2022	598	3	None	20676:21562	bigDeletion
India/KA-SLS-32252/2022	599	2	None	22543:22587	bigDeletion
USA/MN-MDH-26753/2022	600	2	None	22785:22974	bigDeletion
Ukraine/70864/2022	601	2	None	22834:22876	bigDeletion
Bulgaria/22BG-EU_020970_Pl198/2022	602	2	None	21675:21743	bigDeletion
USA/ME-Broad-CRSP_JBBOAHKRAEWEUFZC/2022	603	2	None	22870:22988	bigDeletion
Chile/RM-PUC_MVL_2396/2022	604	2	None	22785:22974	bigDeletion
USA/WI-UW-10637/2022	605	2	None	20750:21562	bigDeletion
Jamaica/UWI-2017/2022	606	3	None	22878:22954	bigDeletion
USA/MA-Broad-CRSP_WMSNDWAVVO5TQUAQ/2022	606	3	None	22878:22954	bigDeletion
USA/MA-Broad-CRSP_UIOHTODKJFIEUDMY/2022	606	3	None	22878:22954	bigDeletion
USA/MD-HP31482-PIDUBCEHTP/2022	607	2	None	25331:25548	bigDeletion
USA/MN-MDH-27009/2022	608	2	None	22247:22428	bigDeletion
USA/HI-H2211621/2022	609	2	None	20676:21562	bigDeletion
USA/WA-S20112/2022	610	2	None	21928:22098	bigDeletion
Sweden/37975124XXP/2022	611	2	None	22688:22793	bigDeletion
USA/FL-CDC-STM-FGWUMRPMT/2022	612	2	None	22680:22737	bigDeletion
SouthAfrica/NICD-N38034/2022	613	2	None	22796:22949	bigDeletion
USA/LA-BIE-LSUH003041/2022	614	2	None	22790:22958	bigDeletion
USA/CA-CDPH-2000072832/2022	615	2	None	21675:21741	bigDeletion
Slovenia/168416/2022	616	2	None	21675:21743	bigDeletion
Croatia/37509/2022	617	2	None	21675:21743	bigDeletion
Peru/LIM-INS-18061/2022	618	2	None	22865:22917	bigDeletion
Indonesia/JK-GSILab-1076806/2022	619	2	None	22834:22876	bigDeletion
Bangladesh/IEDCR-GSB08-145/2022	619	2	None	22834:22876	bigDeletion
USA/LA-TUSOM-220708-S05/2022	620	2	None	22808:22850	bigDeletion
USA/CO-CDPHE-2103360767/2022	621	2	None	22915:22997	bigDeletion
USA/CO-CDPHE-2103248003/2022	622	2	None	22877:23042	bigDeletion
USA/NY-UB-KSL-06227/2022	623	2	None	22878:23121	bigDeletion
USA/WA-UW-22052452977/2022	624	2	None	22517:22609	bigDeletion
Thailand/NIC_CMI_718/2023	625	2	None	22014:22314	bigDeletion
Greece/37130/2022	626	2	None	21675:21737	bigDeletion
Bulgaria/22BG-EU_022241_Pl208/2022	627	2	None	21675:21737	bigDeletion
USA/MD-HP40306-PIDIHIDSLL/2022	628	2	None	22091:22373	bigDeletion
CzechRepublic/CSQ10519/2022	629	2	None	21672:21757	bigDeletion
USA/IA-SHL-2165478/2022	630	2	None	20676:21562	bigDeletion
Ireland/LM-NVRL-ecS22IRL00455086/2022	631	2	None	21675:21848	bigDeletion
USA/DE-DHSS-B1226355/2022	632	2	None	20676:21562	bigDeletion
USA/WY-WYPHL-22067721/2022	633	2	None	22011:22061	bigDeletion
USA/WY-WYPHL-22066646/2022	633	2	None	22011:22061	bigDeletion
USA/KY-ASC-210830647/2022	634	2	None	22799:22871	bigDeletion
USA/CA-CDPH-A4055660381/2022	634	2	None	22799:22871	bigDeletion
Romania/MS-21553/2022	635	2	None	22722:22949	bigDeletion
Switzerland/ZH-UZH-IMV-46b310a7/2022	636	2	None	25077:25140	bigDeletion
CzechRepublic/FNHK-Ps-005893/2022	637	2	None	22670:22714	bigDeletion
Slovakia/BB_22_00002313/2022	637	2	None	22670:22714	bigDeletion
Italy/EMR-IZSLER-2022-253193-015-01/2022	638	2	None	21697:21727	bigDeletion
CzechRepublic/CSQ9250/2022	639	2	None	21671:21757	bigDeletion
Ukraine/72853/2022	640	2	None	21802:21842	bigDeletion
Vietnam/PIHCM_1963/2022	641	2	None	22853:23144	bigDeletion
Ireland/CO-NVRL-ecS22IRL00436366/2022	642	2	None	21675:21848	bigDeletion
Slovenia/23-042611-MB/2022	643	2	None	22557:22774	bigDeletion
USA/MA-CDCBI-CRSP_XBGA4CLIKGYAJ3EL/2022	644	2	None	24518:24811	bigDeletion
Netherlands/ZH-NMDL-02288/2022	645	2	None	21675:21737	bigDeletion
USA/IL-RIPHL_31824_G/2022	646	2	None	23979:24022	bigDeletion
CzechRepublic/CSQ8258/2022	647	2	None	22916:23012	bigDeletion
Serbia/K525391-09/2022	648	2	None	21923:22021	bigDeletion
Slovakia/BA_22_00039779/2022	649	2	None	22902:22932	bigDeletion
Spain/GA-SCQ_22-299247/2022	650	2	None	22339:22414	bigDeletion
USA/VT-024709/2022	651	2	None	22247:22428	bigDeletion
USA/VT-BSR-024709/2022	651	2	None	22247:22428	bigDeletion
Belgium/rega-44038/2022	652	2	None	21426:21562	bigDeletion
Netherlands/ZH-NMDL-02531/2022	653	2	None	21675:21737	bigDeletion
Latvia/22882985/2022	654	2	None	21675:21737	bigDeletion
Latvia/8074965/2022	655	2	None	21675:21737	bigDeletion
Italy/EMR_AUSLRomagna_C088-22-04/2022	656	2	None	21673:21755	bigDeletion
USA/RI-RISHL-E05897/2022	657	2	None	22265:22414	bigDeletion
Croatia/39741/2022	658	2	None	21675:21737	bigDeletion
Estonia/RC0712226/2022	658	2	None	21675:21737	bigDeletion
Croatia/41175/2022	659	2	None	21675:21737	bigDeletion
Ukraine/71948/2022	660	2	None	21549:21582	bigDeletion
Croatia/38988/2022	661	2	None	21675:21737	bigDeletion
Croatia/43407/2022	661	2	None	21675:21737	bigDeletion
Slovenia/23-035736-MB/2022	662	2	None	22474:22774	bigDeletion
Vietnam/BMH-230922-sample50/2022	663	2	None	22878:23121	bigDeletion
Poland/2208-004_wsselodz/2022	664	2	None	22878:22929	bigDeletion
CzechRepublic/NRL_s5968/2022	665	2	None	21675:21737	bigDeletion
USA/CT-UW-3100/2020	666	2	None	22104:22146	bigDeletion
EquatorialGuinea/1862/2020	667	2	None	22359:22410	bigDeletion
USA/CT-Yale-1048/2020	667	2	None	22359:22410	bigDeletion
env/USA/MT-BWRF-0327/2020	667	2	None	22359:22410	bigDeletion
USA/RI_RKL_001_19925_AM625/2020	667	2	None	22359:22410	bigDeletion
USA/NE-CUMC_20189A003/2020	668	2	None	21456:21682	bigDeletion
USA/TX-DSHS-1119/2020	669	2	None	21315:21665	bigDeletion
Cameroon/CV416/2020	670	2	None	22212:22263	bigDeletion
BurkinaFaso/CV1893/2021	671	2	None	22389:22466	bigDeletion
Ethiopia/CERI-KRISP-K025629/2021	672	2	None	21448:21591	bigDeletion
USA/RI-RISHL-030270/2020	673	2	None	22247:22409	bigDeletion
USA/NM-UNM-00102/2020	674	2	None	22932:22983	bigDeletion
USA/CA-SCCPHD-UC105/2020	674	2	None	22932:22983	bigDeletion
USA/NM-UNM-00114/2020	674	2	None	22932:22983	bigDeletion
Colombia/SAN-INS-VG-2183/2021	675	2	None	22324:22542	bigDeletion
USA/FL-BPHL-0429/2020	676	2	None	22333:22537	bigDeletion
Kuwait/SKS00101-JAH/2020	677	2	None	22840:22893	bigDeletion
SaudiArabia/KAIMRC-S135/2020	678	2	None	24116:24155	bigDeletion
Belarus/MI-RII-MH11337S/2020	679	2	None	22626:22661	bigDeletion
USA/WA-S1149/2020	680	2	None	24544:24654	bigDeletion
Colombia/CES-INS-VG-248/2020	681	2	None	22324:22542	bigDeletion
Panama/GMI-PA572717/2020	682	2	None	22321:22449	bigDeletion
Guyana/50822/2020	683	6	None	23500:23812	bigDeletion
TrinidadandTobago/TT2238/2020	683	6	None	23500:23812	bigDeletion
TrinidadandTobago/TT6949/2020	683	6	None	23500:23812	bigDeletion
TrinidadandTobago/5338/2021	683	6	None	23500:23812	bigDeletion
TrinidadandTobago/59222/2021	683	6	None	23500:23812	bigDeletion
TrinidadandTobago/0897/2020	683	6	None	23500:23812	bigDeletion
Nepal/70N/2020	684	2	None	21370:21669	bigDeletion
Tunisia/M-1522/2021	685	2	None	22341:22521	bigDeletion
Tunisia/U-3636/2021	686	2	None	21743:21961	bigDeletion
Malta/MDxMDH399/2021	687	2	None	21813:22020	bigDeletion
Austria/CeMM3251/2020	688	2	None	22324:22542	bigDeletion
Vietnam/HCM-V63/2021	689	2	None	22134:22431	bigDeletion
Indonesia/NB-NIHRD-WGS12834/2021	690	2	None	22324:22423	bigDeletion
Indonesia/BE-NIHRD-WGS12807/2021	691	2	None	22626:22821	bigDeletion
SolomonIslands/SOL011/2021	692	2	None	22913:22996	bigDeletion
Timor-Leste/TL537/2021	693	3	None	23065:23139	bigDeletion
Timor-Leste/TL819/2021	693	3	None	23065:23139	bigDeletion
Timor-Leste/TL833/2021	694	2	None	22877:23139	bigDeletion
Timor-Leste/TL1019/2021	695	2	None	22247:22428	bigDeletion
Iran/GRC-14138-Tehran-LaB/2021	696	2	None	22664:22705	bigDeletion
Iran/GRC-R10119-Tehran-LaB/2020	697	2	None	22664:22705	bigDeletion
India/GJ-INSACOG-GBRC2629/2021	698	2	None	21680:21729	bigDeletion
USA/WA-ASU15683/2021	699	2	None	23047:23227	bigDeletion
Yunnan/03/2020	700	2	None	22337:22379	bigDeletion
Thailand/Tak-CONI-0821/2021	700	2	None	22337:22379	bigDeletion
Thailand/AngThong-CONI-0447/2021	701	2	None	22337:22526	bigDeletion
Thailand/SamutSakhon-CONI-0392/2020	701	2	None	22337:22526	bigDeletion
Thailand/Bangkok-CONI-0585/2021	701	2	None	22337:22526	bigDeletion
NewZealand/20CV0065/2020	702	2	None	23619:23780	bigDeletion
NewZealand/20CV0332/2020	703	2	None	22324:22542	bigDeletion
HongKong/HKPU-10613/2021	704	2	None	22324:22542	bigDeletion
NewZealand/20VR3112/2020	705	2	None	22432:22467	bigDeletion
USA/MS-UT2044/2020	705	2	None	22432:22467	bigDeletion
USA/NH-Yale-1100/2020	705	2	None	22432:22467	bigDeletion
USA/WV-WV118941/2020	705	2	None	22432:22467	bigDeletion
USA/MI-MDHHS-SC21238/2020	705	2	None	22432:22467	bigDeletion
USA/MI-MDHHS-SC21220/2020	705	2	None	22432:22467	bigDeletion
USA/MD-HP00106/2020	705	2	None	22432:22467	bigDeletion
PuertoRico/PR-CDC-S18/2020	706	2	None	22330:22507	bigDeletion
Fiji/FJ016/2020	707	2	None	23101:23140	bigDeletion
USA/OR-OHSU-2775/2020	708	2	None	21531:21562	bigDeletion
USA/IL-IDPH-KAN-C-001476/2020	709	2	None	21427:21682	bigDeletion
USA/WY-WYPHL-00097/2020	710	2	None	22903:23122	bigDeletion
USA/CO-CDPHE-2009290004/2020	711	2	None	22498:22542	bigDeletion
USA/MD-HP08178-PIDQPGMQBM/2020	712	2	None	22877:23144	bigDeletion
Kenya/ILRI_COVC17354/2020	713	2	None	21427:21682	bigDeletion
USA/WA-UW-30920/2020	714	2	None	22100:22194	bigDeletion
USA/SC-DHEC-0075/2020	715	2	None	22031:22130	bigDeletion
USA/WA-S408/2020	716	2	None	22734:22766	bigDeletion
USA/WA-UW-67070/2021	717	2	None	22338:22531	bigDeletion
USA/NE-CUMC_20244031/2020	718	2	None	21427:21591	bigDeletion
USA/NE-CUMC_20185010/2020	718	2	None	21427:21591	bigDeletion
USA/WA-UW-8601/2020	719	2	None	24144:24217	bigDeletion
USA/CO-CDPHE-2007130454/2020	720	2	None	22877:22908	bigDeletion
USA/MN-Mayo5407/2020	721	2	None	21733:21968	bigDeletion
USA/NY-UB-00120/2020	722	2	None	23107:23144	bigDeletion
USA/NM-UNM-00169/2020	723	2	None	22877:23144	bigDeletion
Ghana/WACCBIP-GS369/2020	724	3	None	22324:22542	bigDeletion
Coted-Ivoire/COV-BKE1145-bc61/2020	724	3	None	22324:22542	bigDeletion
Coted-Ivoire/BKE0992/2020	725	2	None	22324:22542	bigDeletion
Angola/KRISP-K009747/2021	726	2	None	21438:21592	bigDeletion
USA/IL-IDPH-COO-C-000691/2020	727	2	None	21427:21682	bigDeletion
Guatemala/ASI01013/2020	728	2	None	22555:22720	bigDeletion
USA/WA-S5265/2020	729	2	None	22341:22426	bigDeletion
USA/WA-S5252/2020	730	2	None	22339:22523	bigDeletion
USA/WA-UW-6495/2020	731	2	None	22109:22172	bigDeletion
Somalia/CV1161/2020	732	2	None	22089:22189	bigDeletion
Djibouti/NAMRU3_004/2020	733	2	None	22877:23144	bigDeletion
USA/UT-UPHL-03286/2020	734	2	None	21146:21682	bigDeletion
USA/WV-WVU-WV001296/2020	735	2	None	22899:23059	bigDeletion
USA/MI-MDHHS-SC21813/2020	736	2	None	22338:22523	bigDeletion
USA/CO-CDPHE-2008271116/2020	737	2	None	22324:22374	bigDeletion
USA/OR-OHSU-2419/2020	738	2	None	21531:21562	bigDeletion
USA/WA-S5247/2020	739	2	None	22339:22523	bigDeletion
USA/WA-UW-6817/2020	740	2	None	21868:22057	bigDeletion
USA/WA-UW-5717/2020	741	2	None	21933:22066	bigDeletion
Algeria/10803/2020	742	2	None	21907:22313	bigDeletion
Niger/8084/2020	743	2	None	22341:22520	bigDeletion
USA/WA-S1828/2020	744	2	None	22681:22712	bigDeletion
USA/MI-MDHHS-SC21708/2020	745	2	None	22338:22523	bigDeletion
USA/OH-USAFSAM-S486/2020	746	2	None	22896:23129	bigDeletion
USA/TN-2-20297-5/2020	747	2	None	22896:23129	bigDeletion
USA/MI-MDHHS-SC21494/2020	748	2	None	22339:22523	bigDeletion
USA/WA-OHSU-5737/2020	749	2	None	25056:25136	bigDeletion
USA/TN-UTMG-19689/2020	750	2	None	22343:22412	bigDeletion
USA/ID-IBL-620448/2020	751	2	None	22517:22609	bigDeletion
USA/WA-S180/2020	752	2	None	22809:22849	bigDeletion
USA/WA-S782/2020	753	2	None	25009:25050	bigDeletion
USA/IN-Mayo22465/2020	754	2	None	22429:22523	bigDeletion
USA/FL-BPHL-1369/2020	755	2	None	22338:22526	bigDeletion
USA/IL-IDPH-I-000522/2020	755	2	None	22338:22526	bigDeletion
USA/NY-UB-KSL-00097/2020	756	3	None	21747:21956	bigDeletion
USA/NY-UB-KSL-00132/2020	756	3	None	21747:21956	bigDeletion
USA/OK-USAFSAM-S242/2020	757	2	None	22896:23129	bigDeletion
USA/OH-USAFSAM-S264/2020	758	2	None	22896:23129	bigDeletion
USA/WA-OHSU-2201/2020	759	2	None	22122:22169	bigDeletion
Argentina/PAIS-A0333/2020	760	2	None	22891:23136	bigDeletion
USA/WA-S2841/2020	761	2	None	22735:22846	bigDeletion
SriLanka/C28324/2020	762	2	None	21535:21582	bigDeletion
SriLanka/MIN01/2020	763	2	None	22700:22777	bigDeletion
Qatar/QA-QU_07-1-B8/2020	764	2	None	22955:22990	bigDeletion
Qatar/QA-WCMQ_FD18163107/2020	765	2	None	22669:22717	bigDeletion
Qatar/QA-WCMQ_FD18189999/2020	766	2	None	22639:22721	bigDeletion
Qatar/QA-WCMQ_FD17571364/2020	767	2	None	22642:22724	bigDeletion
USA/NV-CDC-ASC210025039/2021	768	2	None	22341:22521	bigDeletion
USA/CT-Yale-15439/2021	769	4	None	22247:22279	bigDeletion
USA/CT-Yale-17881/2022	769	4	None	22247:22279	bigDeletion
USA/CT-Yale-17291/2022	769	4	None	22247:22279	bigDeletion
USA/WA-S3022/2020	770	2	None	22836:22882	bigDeletion
USA/WA-UW-5501/2020	771	2	None	21514:21698	bigDeletion
USA/WA-S1646/2020	772	2	None	21804:21847	bigDeletion
USA/TX-HMH-4558/2020	773	2	None	22324:22542	bigDeletion
USA/IL-IDPH-DEK-S-0001461/2020	774	2	None	22324:22542	bigDeletion
USA/WA-OHSU-4071/2020	775	2	None	21531:21562	bigDeletion
USA/NJ-CDC-STM-000002455/2021	776	2	None	22345:22497	bigDeletion
USA/SC-MUSC-0423/2020	777	2	None	21817:21853	bigDeletion
USA/MO-MSPHL-000274/2020	777	2	None	21817:21853	bigDeletion
USA/WA-S5264/2020	778	2	None	22339:22523	bigDeletion
USA/MN-Mayo5953/2020	779	2	None	22419:22522	bigDeletion
USA/WA-S9146/2020	780	2	None	22389:22423	bigDeletion
NorthernMarianaIslands/CDC-2-3831038/2020	781	2	None	23814:23875	bigDeletion
USA/WI-UW-4555/2020	782	2	None	23836:23875	bigDeletion
USA/KY-KSPHL-100200/2020	783	2	None	24339:24386	bigDeletion
SaintLucia/47891/2020	784	2	None	23500:23812	bigDeletion
USA/OR-OHSU-6538/2020	785	2	None	21958:21995	bigDeletion
USA/WA-S3346/2020	786	2	None	21488:21593	bigDeletion
USA/WA-S3363/2020	787	2	None	21524:21591	bigDeletion
USA/WA-S5058/2020	788	2	None	23516:23794	bigDeletion
USA/WA-S3012/2020	789	2	None	22147:22200	bigDeletion
USA/WA-OHSU-3603/2020	790	2	None	21531:21562	bigDeletion
USA/WA-S2973/2020	791	2	None	22130:22172	bigDeletion
USA/TX-HMH-MCoV-11665/2020	792	2	None	22350:22511	bigDeletion
USA/WI-UW-853/2020	793	2	None	22324:22542	bigDeletion
Botswana/R14B25_BHP_b59_121047451/2021	794	2	None	22346:22515	bigDeletion
SouthAfrica/VIDA-KRISP-K011317/2020	795	2	None	21441:21589	bigDeletion
Coted-Ivoire/211138-cv262/2021	796	2	None	22341:22523	bigDeletion
Botswana/R17B41_BHP_000470708/2021	797	2	None	22346:22515	bigDeletion
Botswana/R22B4_BHP_AAB83500/2021	797	2	None	22346:22515	bigDeletion
Malawi/CERI-KRISP-K020958/2021	798	2	None	22576:22658	bigDeletion
Malawi/KRISP-K010247/2021	798	2	None	22576:22658	bigDeletion
Namibia/CERI-KRISP-K022506/2021	799	2	None	21448:21591	bigDeletion
Angola/CERI-KRISP-K023611/2021	800	2	None	22340:22522	bigDeletion
Zimbabwe/CERI-KRISP-K011654/2021	801	2	None	21423:21591	bigDeletion
Guadeloupe/IPP06962/2021	802	2	None	22337:22523	bigDeletion
SouthAfrica/Tygerberg_642/2021	802	2	None	22337:22523	bigDeletion
USA/SC-1AB4E63D750/2021	803	3	None	22341:22521	bigDeletion
USA/TN-CDC-ASC210047047/2021	803	3	None	22341:22521	bigDeletion
Finland/THL-202112254/2021	804	2	None	22346:22502	bigDeletion
USA/FL-CDC-LC0037236/2021	805	2	None	23609:24658	bigDeletion
Qatar/QA-QU_18-10-D7/2021	806	2	None	22324:22542	bigDeletion
Qatar/QA-QU_18-10-C5/2021	806	2	None	22324:22542	bigDeletion
Qatar/QA-QU_18-C8/2021	806	2	None	22324:22542	bigDeletion
Greece/126734/2021	807	2	None	22948:22997	bigDeletion
Philippines/PH-PGC-59829/2021	808	2	None	22341:22522	bigDeletion
HongKong/HKPU-11543/2021	809	2	None	23085:23144	bigDeletion
USA/WA-CDC-UW21062839315/2021	810	2	None	22339:22522	bigDeletion
Philippines/PH-PGC-44814/2021	810	2	None	22339:22522	bigDeletion
HongKong/VM21024378/2021	811	2	None	22324:22542	bigDeletion
HongKong/CM21000379/2021	811	2	None	22324:22542	bigDeletion
Philippines/PH-RITM-166/2021	812	2	None	22324:22542	bigDeletion
Philippines/PH-RITM-319/2021	813	3	None	22437:22505	bigDeletion
Philippines/PH-PGCMIN23/2021	813	3	None	22437:22505	bigDeletion
USA/WA-S9025/2021	813	3	None	22437:22505	bigDeletion
USA/WA-S9024/2021	813	3	None	22437:22505	bigDeletion
HongKong/VM21018397/2021	814	2	None	22341:22423	bigDeletion
Philippines/PH-PGC-49217/2021	814	2	None	22341:22423	bigDeletion
NewZealand/21MV0534/2021	814	2	None	22341:22423	bigDeletion
USA/CA-SC-210665_2/2021	814	2	None	22341:22423	bigDeletion
Zimbabwe/CERI-KRISP-K021539/2021	815	3	None	22367:22523	bigDeletion
Malawi/CERI-KRISP-K015835/2021	815	3	None	22367:22523	bigDeletion
Malawi/CERI-KRISP-K015221/2021	815	3	None	22367:22523	bigDeletion
Zimbabwe/CERI-KRISP-K011589/2021	815	3	None	22367:22523	bigDeletion
SouthAfrica/VIDA-KRISP-K012979/2020	815	3	None	22367:22523	bigDeletion
Botswana/R27B25_BHP_000697871/2021	816	2	None	22346:22515	bigDeletion
Spain/CT-HUGTiPM013OD1C10/2021	817	2	None	22339:22523	bigDeletion
EquatorialGuinea/94496/2021	818	2	None	21426:21682	bigDeletion
Italy/LAZ-FPG-245/2021	819	2	None	22324:22542	bigDeletion
SouthAfrica/NICD-N8340/2021	820	2	None	22317:22529	bigDeletion
DRC/RDC-104/2021	821	2	None	22498:22542	bigDeletion
Tunisia/S-0427/2021	822	3	None	22354:22384	bigDeletion
Guadeloupe/IPP13835/2021	822	3	None	22354:22384	bigDeletion
France/IDF-HMN-21052270044/2021	822	3	None	22354:22384	bigDeletion
Spain/NC-CHN-01003900/2021	822	3	None	22354:22384	bigDeletion
USA/WA-PHL-000525/2021	823	2	None	22378:22497	bigDeletion
USA/WA-S5834/2021	823	2	None	22378:22497	bigDeletion
USA/WA-PHL-000751/2021	824	2	None	22341:22517	bigDeletion
USA/WA-PHL-000426/2021	825	2	None	22346:22415	bigDeletion
USA/WA-Altius-ALTCOV-F2OUZWLKTCDRDCCT/2021	826	3	None	22341:22516	bigDeletion
USA/WA-UW-21051010199/2021	826	3	None	22341:22516	bigDeletion
USA/WA-PHL-000863/2021	826	3	None	22341:22516	bigDeletion
USA/WA-PHL-000640/2021	827	2	None	22341:22502	bigDeletion
USA/WA-PHL-000641/2021	827	2	None	22341:22502	bigDeletion
Mozambique/COV-2306-A1954/2021	828	2	None	22013:22290	bigDeletion
France/IDF-HMN-21032080688/2021	829	2	None	22366:22524	bigDeletion
Bahrain/342427939/2021	830	2	None	22346:22516	bigDeletion
USA/WA-Altius-ALTCOV-GXU7LR3RTKFFCIUL/2021	831	2	None	22341:22523	bigDeletion
USA/WA-PHL-000706/2021	832	2	None	22341:22520	bigDeletion
Qatar/QA.QU_18.19.A3/2021	833	2	None	22324:22542	bigDeletion
USA/MS-UMMC-X3C9-210927000299/2021	834	2	None	22341:22522	bigDeletion
Pakistan/NIH-B9-S11/2021	835	2	None	22338:22412	bigDeletion
Pakistan/KRISS0065/2021	836	2	None	22324:22515	bigDeletion
Pakistan/IDRL-AKU-KHI-151233-S2/2021	836	2	None	22324:22515	bigDeletion
Pakistan/KRISS0113/2021	836	2	None	22324:22515	bigDeletion
Malawi/CERI-KRISP-K015356/2020	837	4	None	22339:22528	bigDeletion
Lesotho/N4811/2021	837	4	None	22339:22528	bigDeletion
Seychelles/SS493/2021	837	4	None	22339:22528	bigDeletion
Seychelles/G40372/2021	837	4	None	22339:22528	bigDeletion
Seychelles/SS461/2021	837	4	None	22339:22528	bigDeletion
Angola/CERI-KRISP-K021749/2021	838	2	None	21448:21591	bigDeletion
Lesotho/N4818/2020	839	2	None	22317:22520	bigDeletion
Lesotho/N7131/2021	839	2	None	22317:22520	bigDeletion
Malawi/CERI-KRISP-K020966/2021	840	2	None	21441:21591	bigDeletion
Thailand/DMSc-00525/2021	841	2	None	22339:22521	bigDeletion
Vietnam/Vinh_long-V72/2021	842	2	None	24186:24323	bigDeletion
Eswatini/N10424/2021	843	2	None	22317:22520	bigDeletion
Madagascar/IPM-06830/2021	844	2	None	22346:22514	bigDeletion
Madagascar/IPM-01791/2021	845	2	None	22347:22513	bigDeletion
Reunion/HCL021127108301/2021	846	2	None	22324:22542	bigDeletion
Bangladesh/CHRF-0333/2021	847	3	None	22324:22542	bigDeletion
Bangladesh/CHRF-0514_Pr/2021	847	3	None	22324:22542	bigDeletion
Bahrain/341855799_S99_L001/2021	848	2	None	22336:22526	bigDeletion
CzechRepublic/NRL_8026/2021	849	2	None	21563:21597	bigDeletion
SouthAfrica/NICD-N10072/2021	850	2	None	22318:22527	bigDeletion
SouthAfrica/NHLS-UCT-GP-6460/2021	851	2	None	22339:22523	bigDeletion
EquatorialGuinea/68358/2021	852	2	None	21427:21682	bigDeletion
Spain/VC-IBV-98033483/2021	853	2	None	22339:22399	bigDeletion
Austria/CeMM16209/2021	853	2	None	22339:22399	bigDeletion
Spain/CL-COV10427/2021	854	2	None	22324:22542	bigDeletion
USA/MI-UM-10040737392/2021	855	2	None	22324:22542	bigDeletion
Djibouti/NAMRU3_MM/2021	856	2	None	22324:22542	bigDeletion
Djibouti/NAMRU3_B370/2021	857	2	None	22324:22542	bigDeletion
Eswatini/N4805/2021	858	2	None	22327:22399	bigDeletion
Kenya/C92881/2021	858	2	None	22327:22399	bigDeletion
SouthAfrica/N6443/2021	858	2	None	22327:22399	bigDeletion
Austria/CeMM6392/2021	858	2	None	22327:22399	bigDeletion
Eswatini/N4797/2021	859	2	None	22281:22316	bigDeletion
SouthAfrica/NICD-N20507/2021	860	2	None	22323:22523	bigDeletion
Pakistan/NIH-PAK-NC466/2021	861	2	None	21598:21698	bigDeletion
Malawi/CERI-KRISP-K015134/2021	862	2	None	22333:22523	bigDeletion
Mozambique/CERI-KRISP-K016005/2021	863	2	None	22339:22476	bigDeletion
Rwanda/CV2251/2021	864	2	None	22341:22523	bigDeletion
Mozambique/CERI-KRISP-K016000/2021	865	2	None	21448:21591	bigDeletion
Somalia/NAMRU3_Mog_42/2021	866	2	None	22324:22542	bigDeletion
USA/WA-S5133/2021	867	2	None	22339:22371	bigDeletion
USA/WA-S7825/2021	868	2	None	22352:22423	bigDeletion
Austria/CeMM4743/2021	869	2	None	22324:22542	bigDeletion
Kyrgyzstan/NRL-60763/2021	870	2	None	22252:22339	bigDeletion
USA/WA-OHSU-11359/2021	871	2	None	24714:25495	bigDeletion
USA/WA-CDC-UW21052492589/2021	872	2	None	22383:22423	bigDeletion
USA/WA-S8631/2021	872	2	None	22383:22423	bigDeletion
Colombia/MET-INS-VG-1463/2021	873	2	None	22324:22542	bigDeletion
USA/VA-DCLS-6646/2021	874	2	None	22338:22524	bigDeletion
USA/WA-Curative-072407/2021	875	2	None	21732:21968	bigDeletion
USA/VT-CDCBI-CRSP_WEETWKHXFGW6CXXX/2021	876	2	None	24145:24416	bigDeletion
USA/AZ-ASU6197/2021	877	2	None	22338:22523	bigDeletion
USA/WI-CDC-ASC210075468/2021	878	2	None	22340:22522	bigDeletion
USA/ID-IBL-744646/2021	879	2	None	25039:25082	bigDeletion
USA/GA-CDC-LC0041313/2021	880	2	None	23609:24658	bigDeletion
USA/NY-MSK-931/2021	881	2	None	21439:21656	bigDeletion
USA/WA-OHSU-11998/2021	882	2	None	21532:21562	bigDeletion
USA/WA-OHSU-11986/2021	882	2	None	21532:21562	bigDeletion
USA/WA-UW-21051418121/2021	883	2	None	22339:22522	bigDeletion
USA/NV-NSPHL-376979/2021	884	2	None	21716:21993	bigDeletion
USA/NY-NYULH5210/2022	885	2	None	22075:22159	bigDeletion
USA/NH-CDCBI-CRSP_SZSDHRVVQVWDZKCK/2021	886	2	None	21744:21960	bigDeletion
USA/VT-CDCBI-CRSP_EDPIN2D7QZNUURTD/2021	887	2	None	21743:21993	bigDeletion
USA/NH-CDCBI-CRSP_YNYF5TU4SXTO5GJB/2021	888	2	None	21777:21960	bigDeletion
USA/VT-CDCBI-CRSP_BLVHE5D7WJAPLJVL/2021	889	2	None	21716:21993	bigDeletion
USA/NJ-PHEL-21-12182/2021	890	2	None	23096:23144	bigDeletion
PuertoRico/PR-UPRRP-2347/2021	891	2	None	21448:21596	bigDeletion
USA/NM-NMDOH-2021083768/2021	892	2	None	22337:22469	bigDeletion
USA/MS-CDC-ASC210059036/2021	893	2	None	22401:22436	bigDeletion
USA/NE-CDC-ASC210061626/2021	894	2	None	22344:22522	bigDeletion
USA/WI-UW-5372/2021	895	2	None	21732:21978	bigDeletion
USA/MI-MDHHS-SC31101/2021	895	2	None	21732:21978	bigDeletion
USA/MI-MDHHS-SC25301/2021	896	2	None	21922:21978	bigDeletion
PuertoRico/PR-Yale-6303/2021	897	2	None	21716:21993	bigDeletion
USA/MD-IGS-52110411056A/2021	898	2	None	21743:21960	bigDeletion
USA/MD-CDC-ASC210075972/2021	898	2	None	21743:21960	bigDeletion
USA/MD-IGS-042111500430A/2021	898	2	None	21743:21960	bigDeletion
USA/WA-S6760/2021	899	2	None	21936:21968	bigDeletion
USA/WA-S9350/2021	900	2	None	22339:22423	bigDeletion
USA/WA-PHL-001005/2021	901	2	None	21500:21682	bigDeletion
USA/WA-PHL-001060/2021	902	2	None	22490:22542	bigDeletion
USA/WA-PHL-001073/2021	903	2	None	22324:22481	bigDeletion
USA/WA-PHL-000935/2021	904	2	None	22324:22368	bigDeletion
USA/WA-S10875/2021	905	2	None	21448:21665	bigDeletion
USA/WA-S9261/2021	906	2	None	22343:22497	bigDeletion
USA/WA-S9614/2021	906	2	None	22343:22497	bigDeletion
USA/OK-QDX-3330/2020	907	2	None	21716:21990	bigDeletion
USA/WA-OHSU-2719/2020	908	2	None	21531:21562	bigDeletion
USA/NM-DOH-2020419588/2020	909	2	None	22337:22524	bigDeletion
USA/WA-S5671/2020	910	2	None	22378:22423	bigDeletion
CaboVerde/Santiago_25222/2021	911	2	None	22236:22270	bigDeletion
PuertoRico/PR-CDC-ASC210097809/2021	912	2	None	22033:22135	bigDeletion
USA/MI-CDC-ASC210073929/2021	913	2	None	22409:22440	bigDeletion
USA/OH-GD-051821-21050405789/2021	914	2	None	22427:22514	bigDeletion
USA/OH-CDC-ASC210023813/2021	914	2	None	22427:22514	bigDeletion
CentralAfricanRepublic/RCA-025/2022	915	2	None	21620:21772	bigDeletion
CentralAfricanRepublic/LNBCSP068/2021	916	2	None	21620:22000	bigDeletion
CentralAfricanRepublic/LNBCSP072/2021	916	2	None	21620:22000	bigDeletion
CzechRepublic/FNHK-Ps-002207/2021	917	2	None	22033:22095	bigDeletion
France/HDF-ERFB-2071030885/2021	917	2	None	22033:22095	bigDeletion
Italy/LAZ-AMC-2112201624-DS/2021	918	2	None	22033:22190	bigDeletion
DRC/RDC-577/2021	919	2	None	21620:21665	bigDeletion
USA/CA-LACPHL-AF05964/2021	920	2	None	22921:22974	bigDeletion
Canada/ON-PHL-22-02914/2022	920	2	None	22921:22974	bigDeletion
Panama/GMI-PAM89603/2021	921	2	None	22324:22542	bigDeletion
USA/NC-CDC-ASC210085212/2021	922	2	None	22339:22521	bigDeletion
Ecuador/NIC-INSPI-351715/2021	923	2	None	22899:23128	bigDeletion
USA/GA-CDC-MMB10436180/2021	924	2	None	21973:22025	bigDeletion
USA/MN-CDC-IBX223084919904/2021	925	2	None	22352:22395	bigDeletion
USA/WA-S13599/2021	926	2	None	21420:21664	bigDeletion
USA/CO-CDPHE-2101643258/2021	927	2	None	22506:22542	bigDeletion
USA/AZ-ASU9001/2021	928	2	None	22366:22523	bigDeletion
USA/UT-IVY-ZZX9KU8D/2021	928	2	None	22366:22523	bigDeletion
USA/WA-S10024/2021	929	2	None	22372:22412	bigDeletion
USA/MT-MTPHL-3847822/2021	930	2	None	22877:23144	bigDeletion
Portugal/PT13849/2021	931	2	None	24456:24703	bigDeletion
USA/WA-S9048/2021	932	2	None	22373:22497	bigDeletion
USA/WY-UNM-WY651/2021	933	2	None	22343:22378	bigDeletion
USA/WY-CDC-IBX553987573475/2021	933	2	None	22343:22378	bigDeletion
USA/IA-CDC-ASC210085490/2021	933	2	None	22343:22378	bigDeletion
Bolivia/INLASA-Pt16289/2021	934	2	None	22748:22801	bigDeletion
USA/WA-CDC-UW21090783458/2021	935	2	None	22906:23048	bigDeletion
USA/WA-S9169/2021	936	2	None	22339:22523	bigDeletion
USA/OR-OHSU-13668/2021	937	2	None	21620:22537	bigDeletion
USA/WA-PHL-001670/2021	938	2	None	22380:22465	bigDeletion
Chile/RM-119271/2021	939	2	None	22051:22110	bigDeletion
USA/AR-CDC-ASC210109197/2021	940	2	None	22341:22521	bigDeletion
Colombia/SUC-INS-VG-7948/2021	941	2	None	22324:22542	bigDeletion
Chile/AN-161484/2021	942	2	None	22033:22523	bigDeletion
USA/FL-CDC-ASC210243146/2021	943	2	None	22490:22521	bigDeletion
USA/WI-WSLH-217211/2021	944	2	None	22324:22370	bigDeletion
USA/MI-CDC-ASC210106476/2021	945	2	None	22341:22521	bigDeletion
USA/WA-S10816/2021	946	2	None	22389:22467	bigDeletion
USA/NV-NSPHL-NV2065807/2021	947	2	None	21716:21990	bigDeletion
USA/UT-CDC-ASC210047068/2021	948	2	None	21779:21818	bigDeletion
USA/ID-IBL-726957/2021	949	2	None	21716:21990	bigDeletion
USA/CA-CDPH-1002005753/2021	949	2	None	21716:21990	bigDeletion
USA/NV-NSPHL-345659/2021	950	3	None	21716:21990	bigDeletion
USA/NV-CDC-QDX22395987/2021	950	3	None	21716:21990	bigDeletion
USA/WA-UW-62621/2021	951	2	None	21732:21968	bigDeletion
USA/WA-S4785/2021	952	2	None	21853:21968	bigDeletion
USA/WA-S5409/2021	953	2	None	22432:22523	bigDeletion
USA/WA-CDC-UW21051775967/2021	954	2	None	22432:22522	bigDeletion
USA/WA-S6285/2021	955	2	None	21938:21968	bigDeletion
USA/WA-S6364/2021	955	2	None	21938:21968	bigDeletion
USA/WA-S6682/2021	956	2	None	21732:21968	bigDeletion
USA/WA-S4905/2021	957	2	None	21732:21968	bigDeletion
USA/WA-S7169/2021	958	2	None	21817:21848	bigDeletion
USA/WA-S7185/2021	958	2	None	21817:21848	bigDeletion
USA/WA-S7081/2021	958	2	None	21817:21848	bigDeletion
USA/MT-UMGC-00421/2021	959	2	None	21743:21961	bigDeletion
USA/MT-UMGC-00403/2021	960	2	None	21743:21961	bigDeletion
USA/MN-MDH-7718/2021	961	2	None	21716:21990	bigDeletion
USA/WA-CDC-UW21051133355/2021	962	2	None	22020:22095	bigDeletion
USA/WA-S4874/2021	963	2	None	21732:21973	bigDeletion
USA/WA-S6239/2021	963	2	None	21732:21973	bigDeletion
USA/WA-S4817/2021	964	2	None	21719:21988	bigDeletion
USA/FL-CDC-QDX22677483/2021	965	2	None	21716:21990	bigDeletion
USA/CO-CDPHE-2100518606/2021	966	2	None	22022:22272	bigDeletion
USA/WA-S5763/2021	967	2	None	21896:21973	bigDeletion
USA/WA-PHL-000542/2021	968	2	None	22405:22469	bigDeletion
USA/WA-S6274/2021	968	2	None	22405:22469	bigDeletion
USA/WA-S6633/2021	969	3	None	21807:21837	bigDeletion
USA/WA-S4788/2021	969	3	None	21807:21837	bigDeletion
USA/WA-S5090/2021	969	3	None	21807:21837	bigDeletion
USA/NV-CDC-LC0044474/2021	970	2	None	21620:22537	bigDeletion
USA/WA-S6675/2021	971	2	None	21732:21973	bigDeletion
USA/WA-S6611/2021	971	2	None	21732:21973	bigDeletion
USA/WA-S6674/2021	971	2	None	21732:21973	bigDeletion
USA/TN-CDC-ASC210016221/2021	972	2	None	21736:21960	bigDeletion
USA/WA-S5688/2020	973	2	None	21938:21968	bigDeletion
USA/WI-WSLH-212769/2021	974	2	None	21938:21990	bigDeletion
USA/WA-PHL-000136/2021	975	2	None	21736:21968	bigDeletion
U.S.VirginIslands/VI-Yale-5850/2021	976	2	None	21886:21968	bigDeletion
USA/WA-S6155/2021	976	2	None	21886:21968	bigDeletion
USA/WA-S6176/2021	976	2	None	21886:21968	bigDeletion
USA/WA-S6271/2021	976	2	None	21886:21968	bigDeletion
USA/WA-S5796/2021	977	3	None	21795:21929	bigDeletion
USA/WA-S6209/2021	977	3	None	21795:21929	bigDeletion
USA/WA-S6652/2021	978	2	None	21721:21968	bigDeletion
USA/MA-CDCBI-CRSP_NXZRJ2TCD7FNBA6S/2021	979	2	None	21716:21990	bigDeletion
USA/WA-S5813/2021	980	2	None	21801:21847	bigDeletion
USA/WA-S5407/2021	981	2	None	22377:22415	bigDeletion
USA/WA-S5095/2021	982	2	None	21915:21968	bigDeletion
USA/WA-S5406/2021	983	2	None	22432:22501	bigDeletion
USA/NV-NSPHL-320785/2021	984	2	None	21716:21990	bigDeletion
USA/MI-CDC-ASC210010150/2021	985	2	None	21834:21964	bigDeletion
USA/WA-S6609/2021	986	2	None	21732:21968	bigDeletion
USA/WA-S8594/2021	987	2	None	21824:21860	bigDeletion
USA/WA-S6808/2021	988	2	None	21772:21940	bigDeletion
USA/WA-S6372/2021	989	2	None	21732:21968	bigDeletion
USA/WA-S6549/2021	989	2	None	21732:21968	bigDeletion
USA/WA-S7012/2021	990	2	None	21938:21968	bigDeletion
USA/WA-S5534/2021	990	2	None	21938:21968	bigDeletion
USA/WA-PHL-000377/2021	991	2	None	21854:21961	bigDeletion
USA/WA-PHL-000384/2021	991	2	None	21854:21961	bigDeletion
USA/WA-OHSU-10004/2021	992	2	None	21868:21944	bigDeletion
USA/CO-CDC-ASC210040614/2021	992	2	None	21868:21944	bigDeletion
USA/UT-UPHL-2105533214/2021	993	2	None	21821:21872	bigDeletion
USA/WA-S6008/2021	994	2	None	22339:22423	bigDeletion
USA/WA-S5522/2021	995	2	None	21732:21968	bigDeletion
USA/WA-OHSU-9371/2021	996	2	None	21531:21562	bigDeletion
USA/NM-DOH-2021084642/2021	997	2	None	21725:21905	bigDeletion
USA/WA-S6244/2021	998	2	None	21780:21814	bigDeletion
USA/ND-CDC-IBX842673473958/2021	998	2	None	21780:21814	bigDeletion
USA/WA-S6326/2021	999	2	None	21780:21968	bigDeletion
USA/WA-S5550/2021	1000	2	None	21938:21968	bigDeletion
USA/WA-UW-2021032908246/2021	1001	2	None	21772:21932	bigDeletion
USA/WA-S6295/2021	1001	2	None	21772:21932	bigDeletion
USA/WA-S6898/2021	1001	2	None	21772:21932	bigDeletion
USA/WA-S6899/2021	1001	2	None	21772:21932	bigDeletion
USA/WA-S6582/2021	1001	2	None	21772:21932	bigDeletion
USA/NM-UNM-EDB00209/2021	1002	2	None	21919:21990	bigDeletion
USA/ND-NDDH-0808/2021	1002	2	None	21919:21990	bigDeletion
USA/WA-S5092/2021	1003	2	None	21765:21937	bigDeletion
USA/WA-S6090/2021	1004	2	None	21729:21973	bigDeletion
USA/CA-CDPH-3000003271/2021	1005	2	None	21691:22006	bigDeletion
USA/WA-S6684/2021	1006	3	None	21732:21968	bigDeletion
USA/WA-S6605/2021	1006	3	None	21732:21968	bigDeletion
USA/WA-S6663/2021	1006	3	None	21732:21968	bigDeletion
USA/WA-S6683/2021	1006	3	None	21732:21968	bigDeletion
USA/WA-S6657/2021	1006	3	None	21732:21968	bigDeletion
USA/WA-S5684/2021	1007	2	None	21732:21799	bigDeletion
USA/WA-S6681/2021	1008	2	None	21736:21968	bigDeletion
USA/WA-S6375/2021	1009	2	None	21770:21968	bigDeletion
USA/WA-UW-65330/2021	1010	2	None	21737:22226	bigDeletion
USA/WA-UW-65883/2021	1011	2	None	22030:22271	bigDeletion
USA/WA-S6157/2021	1012	2	None	22363:22523	bigDeletion
USA/WA-PHL-000897/2021	1013	2	None	22013:22320	bigDeletion
USA/WA-S6554/2021	1014	2	None	22378:22523	bigDeletion
USA/NV-CDC-QDX22396227/2021	1015	2	None	21716:21990	bigDeletion
USA/WA-UW-62335/2021	1016	2	None	21867:21966	bigDeletion
USA/WA-S5194/2021	1017	2	None	21732:21968	bigDeletion
USA/WA-PHL-000315/2021	1018	2	None	21740:21966	bigDeletion
USA/WA-S6246/2021	1019	2	None	21894:21968	bigDeletion
USA/WA-S6408/2021	1020	2	None	23516:23795	bigDeletion
USA/WA-S6716/2021	1021	3	None	21861:21932	bigDeletion
USA/WA-S6696/2021	1021	3	None	21861:21932	bigDeletion
USA/AZ-ASU9918/2021	1022	2	None	21861:21973	bigDeletion
USA/ND-NDDH-01534/2021	1022	2	None	21861:21973	bigDeletion
USA/OR-CDC-ASC210050005/2021	1023	2	None	21838:21945	bigDeletion
USA/WA-UW-21051434581/2021	1024	2	None	22135:22271	bigDeletion
USA/WA-S8089/2021	1025	2	None	21885:21929	bigDeletion
USA/WA-S8040/2021	1025	2	None	21885:21929	bigDeletion
USA/WA-S6621/2021	1026	2	None	21792:21830	bigDeletion
USA/WA-OHSU-212050242/2021	1026	2	None	21792:21830	bigDeletion
USA/WA-S6720/2021	1026	2	None	21792:21830	bigDeletion
USA/FL-CDC-STM-000011237/2021	1027	3	None	21745:21787	bigDeletion
USA/NM-DOH-2021080110/2021	1027	3	None	21745:21787	bigDeletion
USA/WY-WPHL-21025076/2021	1027	3	None	21745:21787	bigDeletion
Belize/CML-56/2021	1027	3	None	21745:21787	bigDeletion
USA/MI-MDHHS-SC25773/2021	1027	3	None	21745:21787	bigDeletion
USA/TN-5-54966-3/2021	1027	3	None	21745:21787	bigDeletion
USA/RI-CDC-22026786/2021	1027	3	None	21745:21787	bigDeletion
USA/FL-CDC-STM-000019363/2021	1027	3	None	21745:21787	bigDeletion
USA/MA-UMASSMED-P009G05/2021	1027	3	None	21745:21787	bigDeletion
USA/UT-UPHL-210602422731/2021	1028	2	None	21770:21804	bigDeletion
USA/WA-S5132/2021	1029	2	None	21732:21968	bigDeletion
USA/WA-S5703/2021	1030	2	None	21732:21968	bigDeletion
USA/WA-PHL-000434/2021	1031	2	None	21733:21968	bigDeletion
USA/WA-S6371/2021	1032	2	None	21732:21968	bigDeletion
USA/WA-PHL-000509/2021	1033	2	None	21737:21780	bigDeletion
USA/WA-PHL-000513/2021	1033	2	None	21737:21780	bigDeletion
USA/WA-UW-21042762295/2021	1034	2	None	21765:21798	bigDeletion
USA/WA-S6718/2021	1034	2	None	21765:21798	bigDeletion
USA/WA-S8795/2021	1035	2	None	22373:22453	bigDeletion
USA/WA-S5470/2021	1036	2	None	22340:22374	bigDeletion
USA/WA-S6781/2021	1037	2	None	21736:21852	bigDeletion
USA/WA-S6174/2021	1038	2	None	21744:21822	bigDeletion
USA/WA-S8124/2021	1039	2	None	21910:21941	bigDeletion
USA/WA-S5623/2021	1039	2	None	21910:21941	bigDeletion
USA/WA-S6376/2021	1040	2	None	21766:21968	bigDeletion
USA/WA-PHL-000184/2021	1041	2	None	21735:21968	bigDeletion
USA/WA-PHL-000688/2021	1042	2	None	21739:21966	bigDeletion
USA/WA-S3742/2020	1043	2	None	21861:21901	bigDeletion
USA/MT-UMGC-00289/2021	1043	2	None	21861:21901	bigDeletion
USA/WA-S6352/2021	1043	2	None	21861:21901	bigDeletion
USA/WA-S6506/2021	1044	2	None	21732:21968	bigDeletion
USA/NJ-PHEL-P21-7156/2021	1045	2	None	21910:21961	bigDeletion
USA/UT-CDC-ASC210015600/2021	1045	2	None	21910:21961	bigDeletion
USA/WA-S4566/2021	1046	2	None	22339:22374	bigDeletion
USA/WA-S4891/2021	1047	2	None	21938:21968	bigDeletion
USA/WA-S5188/2021	1047	2	None	21938:21968	bigDeletion
USA/WA-S7498/2021	1048	2	None	21864:21944	bigDeletion
USA/WA-S6516/2021	1048	2	None	21864:21944	bigDeletion
USA/WA-S4853/2021	1049	2	None	21736:21808	bigDeletion
USA/WA-S5525/2021	1049	2	None	21736:21808	bigDeletion
USA/WA-S5509/2021	1049	2	None	21736:21808	bigDeletion
USA/WA-S5104/2021	1049	2	None	21736:21808	bigDeletion
USA/WA-S7163/2021	1049	2	None	21736:21808	bigDeletion
USA/WA-S5130/2021	1049	2	None	21736:21808	bigDeletion
USA/WA-S5111/2021	1049	2	None	21736:21808	bigDeletion
USA/WA-S5513/2021	1049	2	None	21736:21808	bigDeletion
USA/WA-UW-68464/2021	1050	2	None	21764:21816	bigDeletion
USA/WA-S5554/2021	1051	2	None	21793:21968	bigDeletion
USA/WA-UW-66763/2021	1052	2	None	21862:21932	bigDeletion
USA/WA-UW-62781/2021	1052	2	None	21862:21932	bigDeletion
USA/WA-S6272/2021	1053	2	None	21736:21854	bigDeletion
USA/WA-S6220/2021	1054	2	None	21938:21968	bigDeletion
USA/WA-S6975/2021	1054	2	None	21938:21968	bigDeletion
USA/WA-S8175/2021	1055	2	None	21867:21968	bigDeletion
USA/WA-S7890/2021	1056	2	None	21736:21840	bigDeletion
USA/WA-PHL-000763/2021	1057	2	None	21736:21820	bigDeletion
USA/WA-PHL-000738/2021	1057	2	None	21736:21820	bigDeletion
USA/WA-S2916/2020	1058	2	None	22339:22423	bigDeletion
USA/WA-UW-4726/2020	1059	2	None	21920:22008	bigDeletion
USA/WA-UW-9578/2020	1060	2	None	21697:21762	bigDeletion
USA/WA-UW-6688/2020	1061	2	None	21697:22019	bigDeletion
USA/WA-UW-7670/2020	1062	2	None	21697:21766	bigDeletion
USA/WA-OHSU-9325/2021	1063	2	None	21531:21562	bigDeletion
USA/MS-UT-1760/2020	1064	2	None	22895:23129	bigDeletion
USA/ID-IBL-615471/2020	1065	2	None	22543:22584	bigDeletion
USA/ID-IBL-612199/2020	1065	2	None	22543:22584	bigDeletion
USA/ID-IBL-612216/2020	1065	2	None	22543:22584	bigDeletion
USA/WA-OHSU-2501/2020	1066	2	None	21531:21562	bigDeletion
USA/WA-OHSU-4061/2020	1067	2	None	21531:21562	bigDeletion
USA/WA-OHSU-3969/2020	1068	2	None	21532:21562	bigDeletion
USA/WA-S2717/2020	1069	2	None	22706:22900	bigDeletion
USA/WA-S3139/2020	1070	2	None	22432:22483	bigDeletion
USA/MI-UM-10036989527/2020	1071	2	None	22324:22399	bigDeletion
USA/TN-2-15820-5/2020	1072	2	None	21427:21667	bigDeletion
USA/WA-S2778/2020	1073	2	None	22835:22882	bigDeletion
USA/IL-IDPH-PUT-S-0001421/2020	1074	2	None	22324:22542	bigDeletion
USA/MS-UT-1764/2020	1075	2	None	23812:23845	bigDeletion
USA/WA-S5017/2020	1076	2	None	22340:22520	bigDeletion
USA/WA-S9108/2020	1076	2	None	22340:22520	bigDeletion
USA/NY-UB-ECPHL-01176/2020	1077	2	None	24447:24698	bigDeletion
USA/NE-CUMC_20328583/2020	1078	3	None	22139:22290	bigDeletion
USA/NE-CUMC_20328565/2020	1078	3	None	22139:22290	bigDeletion
USA/WA-S5392/2020	1079	2	None	22339:22423	bigDeletion
USA/OR-OHSU-10318/2021	1080	2	None	22490:22537	bigDeletion
USA/WA-OHSU-4411/2020	1080	2	None	22490:22537	bigDeletion
USA/WA-S5084/2021	1081	2	None	21438:21609	bigDeletion
USA/MS-UT2043/2020	1082	2	None	22339:22523	bigDeletion
USA/IL-IDPH-I-000125/2020	1083	2	None	22324:22542	bigDeletion
USA/WI-CDC-ASC210047527/2021	1084	2	None	22341:22522	bigDeletion
USA/TX-HMH-MCoV-29260/2021	1085	2	None	22341:22521	bigDeletion
USA/TN-2-20289-5/2020	1086	2	None	22895:23129	bigDeletion
USA/TN-5-61590-3/2021	1087	2	None	22329:22523	bigDeletion
USA/FL-BPHL-1165/2020	1088	2	None	22436:22469	bigDeletion
USA/MN-MDH-2454/2020	1089	2	None	22477:22523	bigDeletion
USA/CO-CDPHE-2101395405/2021	1090	2	None	22877:23144	bigDeletion
SaintVincentandtheGrenadines/53389/2021	1091	3	None	23500:23812	bigDeletion
SaintVincentandtheGrenadines/71769/2021	1091	3	None	23500:23812	bigDeletion
USA/WA-S5159/2021	1092	2	None	22638:22734	bigDeletion
USA/KY-KSPHL-100064/2020	1093	2	None	21623:21674	bigDeletion
USA/WA-S5227/2021	1094	3	None	22388:22423	bigDeletion
USA/WA-S4757/2021	1094	3	None	22388:22423	bigDeletion
USA/IL-IDPH-WAS-C-001717/2020	1095	2	None	22324:22542	bigDeletion
USA/WA-S3190/2020	1096	2	None	22339:22423	bigDeletion
USA/WA-S4760/2021	1097	2	None	22339:22523	bigDeletion
USA/WA-S4761/2021	1097	2	None	22339:22523	bigDeletion
USA/WA-S4799/2021	1097	2	None	22339:22523	bigDeletion
USA/TN-CDC-3981243-001/2020	1098	2	None	24996:25223	bigDeletion
USA/DE-USAFSAM-S537/2020	1099	2	None	22896:23129	bigDeletion
USA/AR-CDC-2-3769355/2020	1100	2	None	21626:21673	bigDeletion
USA/WA-S10394/2020	1101	2	None	22341:22520	bigDeletion
USA/AL-CDC-ASC210008733/2021	1101	2	None	22341:22520	bigDeletion
USA/WA-S6466/2021	1102	2	None	22432:22523	bigDeletion
USA/NM-CDC-LC0052904/2021	1103	2	None	22590:23544	bigDeletion
USA/OK-CDC-STM-A100254/2020	1104	2	None	22340:22520	bigDeletion
USA/MA-Broad_CRSP-01221/2020	1105	2	None	22877:23144	bigDeletion
USA/NE-COPH-001712/2021	1106	2	None	24144:24217	bigDeletion
USA/WA-S4948/2021	1107	2	None	22341:22429	bigDeletion
USA/GA-CDC-LC00001240/2020	1108	2	None	23609:24658	bigDeletion
USA/WA-S4036/2021	1109	2	None	22341:22427	bigDeletion
USA/WA-S4781/2021	1110	2	None	22432:22523	bigDeletion
USA/WA-S6686/2021	1111	2	None	22373:22520	bigDeletion
USA/WA-S4326/2021	1112	2	None	22432:22502	bigDeletion
USA/WA-S4694/2021	1113	2	None	22373:22423	bigDeletion
USA/WA-S4695/2021	1113	2	None	22373:22423	bigDeletion
USA/WA-PHL-000386/2021	1114	2	None	22339:22516	bigDeletion
USA/WA-CDC-UW21052199435/2021	1115	2	None	22033:22164	bigDeletion
USA/WA-UW-21042123352/2021	1116	2	None	22135:22268	bigDeletion
USA/WA-UW-21041903422/2021	1117	2	None	22899:22996	bigDeletion
USA/MT-BHDH-151/2021	1118	2	None	22896:23129	bigDeletion
USA/OH-USAFSAM-S408/2020	1118	2	None	22896:23129	bigDeletion
USA/IL-IDPH-I-000122/2020	1119	2	None	22324:22542	bigDeletion
USA/ME-HETL-J0148/2020	1120	2	None	22361:22542	bigDeletion
Guatemala/ASI02017/2021	1121	2	None	22670:22714	bigDeletion
USA/IN-INSPHL-02740/2021	1122	2	None	22877:23144	bigDeletion
USA/CA-UCSF-UC826/2020	1123	2	None	22444:22501	bigDeletion
USA/ME-HETL-J13280/2020	1124	2	None	22785:22819	bigDeletion
USA/WA-S3476/2020	1125	2	None	22432:22483	bigDeletion
USA/KS-CDC-ASC210002334/2021	1126	2	None	22340:22422	bigDeletion
USA/SD-CDC-LC0043516/2021	1127	2	None	23609:24658	bigDeletion
USA/WA-OHSU-9546/2021	1128	2	None	21793:21888	bigDeletion
USA/WA-S5678/2020	1129	2	None	22432:22466	bigDeletion
USA/WA-S5038/2020	1130	2	None	22339:22423	bigDeletion
USA/WA-S4907/2021	1131	2	None	22393:22423	bigDeletion
USA/WA-S8139/2020	1132	2	None	22376:22422	bigDeletion
USA/WA-S11469/2020	1133	2	None	22339:22506	bigDeletion
USA/WA-PHL-000293/2021	1134	2	None	22340:22522	bigDeletion
USA/WA-S5102/2021	1135	2	None	22338:22423	bigDeletion
USA/WA-S4754/2021	1136	2	None	22339:22523	bigDeletion
USA/OR-OHSU-2886/2020	1137	2	None	20675:21562	bigDeletion
USA/WA-USAFSAM-S534/2020	1138	2	None	22896:23129	bigDeletion
USA/WA-OHSU-10170/2021	1139	2	None	22437:22537	bigDeletion
USA/WV-WVU-WV005964/2020	1140	2	None	22344:22382	bigDeletion
USA/OK-CDC-STM-000012183/2021	1141	2	None	21449:21665	bigDeletion
USA/ME-HETL-J9286/2021	1142	2	None	22497:22542	bigDeletion
USA/NH-CDC-LC0049937/2021	1143	2	None	23609:24632	bigDeletion
USA/WA-UW-67783/2021	1144	2	None	22339:22433	bigDeletion
USA/WA-S5203/2021	1145	2	None	23516:23794	bigDeletion
USA/WA-UW-47072/2020	1146	2	None	22628:22661	bigDeletion
USA/WA-S11491/2020	1147	2	None	22450:22523	bigDeletion
USA/WA-S4343/2021	1148	2	None	23649:23723	bigDeletion
USA/WY-WYPHL-20071220/2020	1149	2	None	21904:22428	bigDeletion
USA/WA-PHL-028405/2020	1150	2	None	22432:22523	bigDeletion
USA/ID-IVREF-809790/2020	1151	2	None	23067:23115	bigDeletion
USA/WA-OHSU-2603/2020	1152	2	None	21531:21562	bigDeletion
USA/WA-OHSU-1661/2020	1153	2	None	21692:21723	bigDeletion
USA/WA-S9082/2020	1154	2	None	22340:22523	bigDeletion
USA/MI-UM-10038056264/2021	1155	2	None	22324:22542	bigDeletion
USA/WA-S5036/2020	1156	2	None	21428:21596	bigDeletion
USA/WA-S5553/2021	1157	2	None	22339:22449	bigDeletion
USA/WA-OHSU-5847/2020	1158	2	None	22497:22537	bigDeletion
USA/WA-S3127/2020	1159	2	None	22339:22376	bigDeletion
USA/WA-S4601/2021	1160	2	None	22339:22479	bigDeletion
USA/WA-UW-3600698/2020	1161	2	None	22980:23070	bigDeletion
USA/WA-UW-65349/2021	1162	2	None	22386:22521	bigDeletion
USA/WA-OHSU-10051/2021	1163	2	None	21531:21562	bigDeletion
USA/WA-S9682/2021	1164	2	None	22340:22423	bigDeletion
USA/MI-UM-MHM1060/2020	1165	2	None	22324:22542	bigDeletion
USA/WA-S5060/2020	1166	2	None	23659:23794	bigDeletion
USA/WA-S5059/2020	1166	2	None	23659:23794	bigDeletion
USA/WA-S5061/2020	1167	2	None	23517:23732	bigDeletion
USA/WA-OHSU-9282/2021	1168	2	None	21531:21562	bigDeletion
USA/WA-OHSU-9280/2021	1168	2	None	21531:21562	bigDeletion
USA/WA-S5387/2020	1169	2	None	22339:22382	bigDeletion
USA/WA-S5385/2020	1169	2	None	22339:22382	bigDeletion
USA/WA-S3086/2020	1170	2	None	22338:22374	bigDeletion
USA/WA-S5334/2020	1171	2	None	22339:22523	bigDeletion
USA/WA-PHL-028413/2020	1171	2	None	22339:22523	bigDeletion
USA/WA-S5347/2020	1171	2	None	22339:22523	bigDeletion
USA/WA-S5345/2020	1172	2	None	22340:22426	bigDeletion
USA/WA-S3133/2020	1173	2	None	22339:22523	bigDeletion
USA/WA-S2898/2020	1174	2	None	21701:21760	bigDeletion
USA/WA-S3109/2020	1175	2	None	21468:21591	bigDeletion
USA/WA-S3116/2020	1176	2	None	21232:21562	bigDeletion
USA/WA-S5360/2020	1177	2	None	22348:22423	bigDeletion
USA/ME-HETL-J14820/2020	1178	2	None	22785:22974	bigDeletion
USA/WA-CDC-ASC210027837/2021	1179	2	None	22352:22399	bigDeletion
USA/WA-S5063/2020	1180	2	None	23517:23794	bigDeletion
USA/WA-S5423/2021	1181	2	None	23516:23546	bigDeletion
