strain	cluster	depth	ORF7a_misStops	ORF7a_deletions	ORF7a_koType
USA/KY-KSPHL-100840/2021	1	2	27633-27635:TCA>TAA	None	earlyStop
USA/NH-CDC-QDX24155304/2021	2	3	27534-27536:CCT>TGA	None	earlyStop
USA/RI-RISHL-E00834/2021	2	3	27534-27536:CCT>TGA	None	earlyStop
PuertoRico/PR-Yale-6316/2021	3	4	27552-27554:TTT>TAG	None	earlyStop
PuertoRico/PR-Yale-6319/2021	3	4	27552-27554:TTT>TAG	None	earlyStop
USA/NC-CDC-ASC210074325/2021	4	2	27591-27593:TGT>TAA	None	earlyStop
USA/WA-S13302/2021	5	2	27672-27674:CAA>TAA	None	earlyStop
USA/WA-CDC-LC0265350/2021	6	2	27711-27713:ATA>TAG	None	earlyStop
USA/WA-CDC-LC0265346/2021	6	2	27711-27713:ATA>TAG	None	earlyStop
USA/WA-S9037/2021	7	2	27504-27506:GGA>TGA	None	earlyStop
USA/WA-S10493/2021	8	2	27663-27665:GAG>TAG	None	earlyStop
USA/WA-Altius-ALTCOV-AFC7L67BRMXHGRRD/2021	9	2	27456-27458:GAG>TAG	None	earlyStop
Shenzhen/IVDC-0610-04/2021	10	3	27585-27587:TTT>TGA	None	earlyStop
UnitedArabEmirates/BTC-9234/2021	11	2	27603-27605:GTA>TAA	None	earlyStop
USA/WA-CDC-LC0397536/2021	12	2	27702-27704:GTT>TAG	None	earlyStop
NewZealand/21CV0234/2021	13	2	27429-27431:GCT>TGA	None	earlyStop
Vietnam/NHTD-OUCRU2725/2022	14	2	27639-27641:TCA>TAA	None	earlyStop
Vietnam/18148/2022	15	2	27624-27626:CGT>TAA	None	earlyStop
Sweden/10106595/2021	16	2	27675-27677:GAA>TAA	None	earlyStop
Jamaica/JPL1511468/2021	17	2	27576-27578:CAA>TAA	None	earlyStop
Latvia/3882144/2022	18	2	27603-27605:GTA>TAA	None	earlyStop
Curacao/CW-RIVM-69758/2021	19	2	27567-27569:TTT>TGA	None	earlyStop
Netherlands/GL-RIVM-63217/2021	20	2	27687-27689:CCA>TAG	None	earlyStop
USA/VA-DCLS-6803/2021	21	2	27585-27587:TTT>TAA	None	earlyStop
USA/TN-SPHL-1207/2021	22	2	27672-27674:CAA>TAA	None	earlyStop
USA/WA-UW-21091336261/2021	23	2	27600-27602:GGC>TAA	None	earlyStop
USA/ME-HETL-J9005/2021	24	2	27594-27596:CCT>TGA	None	earlyStop
USA/KY-GD_02191/2021	25	2	27615-27617:TAT>TAA	None	earlyStop
CostaRica/INC-0755/2021	26	2	27705-27707:GCG>TAG	None	earlyStop
USA/VA-Noblis-S558B57/2021	27	4	27579-27581:TTT>TGA	None	earlyStop
USA/VA-Noblis-S557B16/2021	27	4	27579-27581:TTT>TGA	None	earlyStop
USA/VA-Noblis-S556B49/2021	27	4	27579-27581:TTT>TGA	None	earlyStop
India/DL-NCDC-7409178/2021	28	3	27618-27620:CAG>TAG	None	earlyStop
USA/OK-OKPHL0013193/2022	29	4	27513-27515:GAG>TAG	None	earlyStop
USA/OK-PHL-0022247/2022	29	4	27513-27515:GAG>TAG	None	earlyStop
Palestine/QIBPS-JNC69974/2021	30	3	27591-27593:TGT>TAA	None	earlyStop
Portugal/PT7160/2021	31	2	27537-27539:CTA>TGA	None	earlyStop
Sweden/2419281692/2021	32	2	27483-27485:TTA>TAA	None	earlyStop
Georgia/Tb-sNGS4779/2022	33	4	27558-27560:CTG>TGA	None	earlyStop
Bahrain/342424454/2021	34	3	27594-27596:CCT>TGA	None	earlyStop
Pakistan/NIH-B26-S7/2021	35	2	27582-27584:GCT>TGA	None	earlyStop
India/OR-ILSGS17530/2022	36	2	27711-27713:ATA>TAG	None	earlyStop
USA/MI-CDC-QDX27272338/2021	37	2	27552-27554:TTT>TGA	None	earlyStop
Germany/BY-LGL-26d4add9-3714-4a8f-9445-ff6fde39a1c2/2022	38	2	27576-27578:CAA>TGA	None	earlyStop
Cameroon/C174/2021	39	2	27513-27515:GAG>TAG	None	earlyStop
Guadeloupe/CERBAHC-1293735/2021	40	2	27588-27590:GCT>TGA	None	earlyStop
Portugal/PT19222/2021	41	2	27648-27650:CTG>TAA	None	earlyStop
USA/CA-CDPH-6000005633/2021	42	2	27618-27620:CAG>TAG	None	earlyStop
Israel/ICH-7605955860/2021	43	2	27576-27578:CAA>TAA	None	earlyStop
USA/ND-NDDH-9589/2022	44	2	27585-27587:TTT>TAA	None	earlyStop
Russia/MOW-PMVL-DZ-38372569235/2022	45	2	27693-27695:TTT>TAG	None	earlyStop
Turkey/HSGM-E19131/2021	46	2	27672-27674:CAA>TAA	None	earlyStop
Andorra/AND-244_213641395901_COV-GC/2021	47	2	27537-27539:CTA>TGA	None	earlyStop
France/ARA-HCL021186933701/2021	48	2	27537-27539:CTA>TGA	None	earlyStop
SouthSudan/UG1085/2021	49	4	27666-27668:GAA>TAA	None	earlyStop
SouthSudan/UG1105/2021	49	4	27666-27668:GAA>TAA	None	earlyStop
SouthSudan/UG1160/2021	49	4	27666-27668:GAA>TAA	None	earlyStop
SouthSudan/UG1103/2021	49	4	27666-27668:GAA>TAA	None	earlyStop
Hungary/mbl_00658/2022	50	2	27600-27602:GGC>TAA	None	earlyStop
USA/WA-S11713/2021	51	3	27513-27515:GAG>TAG	None	earlyStop
CostaRica/INC-0748/2021	51	3	27513-27515:GAG>TAG	None	earlyStop
USA/NY-CDC-FG-173182/2021	51	3	27513-27515:GAG>TAG	None	earlyStop
Nicaragua/MAN-130631/2021	51	3	27513-27515:GAG>TAG	None	earlyStop
Panama/GMI-PASEQ468/2021	51	3	27513-27515:GAG>TAG	None	earlyStop
USA/AZ-CDC-LC0220217/2021	52	3	27618-27620:CAG>TAA	None	earlyStop
England/MILK-2D4479F/2021	53	2	27576-27578:CAA>TAA	None	earlyStop
USA/WA-PHL-004905/2021	54	2	27504-27506:GGA>TGA	None	earlyStop
USA/WA-PHL-007043/2021	55	2	27567-27569:TTT>TAG	None	earlyStop
USA/WA-PHL-003134/2021	56	3	27576-27578:CAA>TGA	None	earlyStop
USA/WA-PHL-006694/2021	56	3	27576-27578:CAA>TGA	None	earlyStop
USA/WA-PHL-006748/2021	56	3	27576-27578:CAA>TGA	None	earlyStop
Benin/MTMC_35_051/2021	57	2	27579-27581:TTT>TGA	None	earlyStop
USA/WA-PHL-004962/2021	58	2	27576-27578:CAA>TAA	None	earlyStop
SierraLeone/CPHRL_SEQ_21_298/2021	59	2	27555-27557:GCA>TGA	None	earlyStop
Portugal/PT24536/2021	60	2	27513-27515:GAG>TAG	None	earlyStop
deer/USA/WV-22-013500-011/2022	61	2	27672-27674:CAA>TAA	None	earlyStop
Australia/NSW-ICPMR-435/2021	62	8	27627-27629:GCC>TAA	None	earlyStop
Australia/NSW-RPAH-1298/2021	62	8	27627-27629:GCC>TAA	None	earlyStop
Australia/NSW1714/2021	62	8	27627-27629:GCC>TAA	None	earlyStop
Australia/NSW-ICPMR-3413/2021	62	8	27627-27629:GCC>TAA	None	earlyStop
Australia/NSW-ICPMR-845/2021	62	8	27627-27629:GCC>TAA	None	earlyStop
Australia/ACT6698/2022	62	8	27627-27629:GCC>TAA	None	earlyStop
Australia/NSW-ICPMR-11990/2021	62	8	27627-27629:GCC>TAA	None	earlyStop
Australia/NSW-ICPMR-12454/2021	62	8	27627-27629:GCC>TAA	None	earlyStop
Australia/NSW-ICPMR-14416/2021	62	8	27627-27629:GCC>TAA	None	earlyStop
Australia/NSW-ICPMR-31056/2021	62	8	27627-27629:GCC>TAA	None	earlyStop
Australia/NSW-ICPMR-20327/2022	62	8	27627-27629:GCC>TAA	None	earlyStop
Australia/NSW-ICPMR-2485/2021	62	8	27627-27629:GCC>TAA	None	earlyStop
Australia/VIC22826/2021	62	8	27627-27629:GCC>TAA	None	earlyStop
Australia/VIC26401/2021	62	8	27627-27629:GCC>TAA	None	earlyStop
Australia/VIC23661/2021	62	8	27627-27629:GCC>TAA	None	earlyStop
Australia/VIC27923/2021	62	8	27627-27629:GCC>TAA	None	earlyStop
Australia/NSW-ICPMR-16393/2021	62	8	27627-27629:GCC>TAA	None	earlyStop
Australia/NSW-ICPMR-20323/2022	62	8	27627-27629:GCC>TAA	None	earlyStop
Australia/NSW-ICPMR-15713/2021	62	8	27627-27629:GCC>TAA	None	earlyStop
Australia/NSW-ICPMR-18956/2022	62	8	27627-27629:GCC>TAA	None	earlyStop
Australia/VIC30290/2021	62	8	27627-27629:GCC>TAA	None	earlyStop
Australia/VIC29668/2021	62	8	27627-27629:GCC>TAA	None	earlyStop
Australia/NSW-ICPMR-20722/2022	62	8	27627-27629:GCC>TAA	None	earlyStop
NewZealand/21CV0539/2021	63	7	27702-27704:GTT>TAG	None	earlyStop
NewZealand/22CV0177/2021	63	7	27702-27704:GTT>TAG	None	earlyStop
NewZealand/21CV3453/2021	63	7	27702-27704:GTT>TAG	None	earlyStop
NewZealand/21CH0390/2021	63	7	27702-27704:GTT>TAG	None	earlyStop
NewZealand/22CV0954/2022	63	7	27702-27704:GTT>TAG	None	earlyStop
NewZealand/21CV0865/2021	63	7	27702-27704:GTT>TAG	None	earlyStop
NewZealand/21CH0764/2021	63	7	27702-27704:GTT>TAG	None	earlyStop
NewZealand/21CV1103/2021	63	7	27702-27704:GTT>TAG	None	earlyStop
NewZealand/22MV0549/2022	63	7	27702-27704:GTT>TAG	None	earlyStop
NewZealand/22CV1528/2022	63	7	27702-27704:GTT>TAG	None	earlyStop
NewZealand/22CH0942/2022	63	7	27702-27704:GTT>TAG	None	earlyStop
NewZealand/22CV1689/2022	63	7	27702-27704:GTT>TAG	None	earlyStop
USA/AL-CDC-FG-067162/2021	64	4	27618-27620:CAG>TAG	None	earlyStop
USA/SC-CDC-ASC210324706/2021	65	3	27708-27710:GCA>TAG	None	earlyStop
USA/MO-MSPHL-005778/2021	66	2	27615-27617:TAT>TAG	None	earlyStop
deer/USA/NJ-22-011177-015/2022	67	2	27576-27578:CAA>TAA	None	earlyStop
USA/TN-3-63318-4/2021	68	2	27564-27566:TGC>TAG	None	earlyStop
USA/IN-INSPHL-16511/2022	69	2	27618-27620:CAG>TAG	None	earlyStop
USA/MN-CDC-IBX351128155633/2022	70	2	27576-27578:CAA>TGA	None	earlyStop
USA/MI-CDC-ASC210381884/2021	71	2	27702-27704:GTT>TAG	None	earlyStop
USA/WI-MCW-000156/2022	72	3	27630-27632:AGA>TAA	None	earlyStop
USA/WI-WSLH-2204873/2022	72	3	27630-27632:AGA>TAA	None	earlyStop
BosniaandHerzegovina/VFS-UNSA-LMGFI1198/2022	73	2	27561-27563:ACT>TAG	None	earlyStop
Belgium/ULG-22291/2021	74	5	27633-27635:TCA>TAA	None	earlyStop
USA/DC-CDC-ASC210574742/2021	75	3	27585-27587:TTT>TGA	None	earlyStop
Netherlands/GE-RIVM-88987/2022	76	3	27657-27659:AGA>TGA	None	earlyStop
Monaco/IPP25971/2021	77	3	27528-27530:TTT>TGA	None	earlyStop
Belgium/UZA-UA-CV1011955732/2021	78	4	27552-27554:TTT>TGA	None	earlyStop
DominicanRepublic/1537097/2021	79	4	27624-27626:CGT>TAA	None	earlyStop
Albania/248135/2021	80	5	27576-27578:CAA>TAA	None	earlyStop
Luxembourg/LNS1964428/2021	81	4	27594-27596:CCT>TGA	None	earlyStop
Israel/ICH-741211999/2022	82	3	27576-27578:CAA>TAA	None	earlyStop
Israel/ICH-741210689/2022	82	3	27576-27578:CAA>TAA	None	earlyStop
Suriname/SR-607/2021	83	2	27675-27677:GAA>TAA	None	earlyStop
USA/GA-CDC-ASC210512149/2021	84	2	27576-27578:CAA>TAA	None	earlyStop
USA/NM-UNM-ED00987/2022	85	3	27576-27578:CAA>TAA	None	earlyStop
USA/WA-PHL-005097/2021	85	3	27576-27578:CAA>TAA	None	earlyStop
USA/WA-S10718/2021	85	3	27576-27578:CAA>TAA	None	earlyStop
USA/WA-PHL-006303/2021	85	3	27576-27578:CAA>TAA	None	earlyStop
Belize/CML-270/2021	86	2	27594-27596:CCT>TGA	None	earlyStop
Bahamas/17733-GMI/2021	87	2	27675-27677:GAA>TAA	None	earlyStop
USA/VA-VTVAS3-GSC31362/2022	88	2	27564-27566:TGC>TAG	None	earlyStop
Tunisia/F-0683/2021	89	2	27603-27605:GTA>TAA	None	earlyStop
Tunisia/F-2729/2021	90	2	27708-27710:GCA>TAG	None	earlyStop
Russia/KOS-CRIE-L219D0450/2021	91	3	27705-27707:GCG>TAG	None	earlyStop
CentralAfricanRepublic/RCA-022/2022	92	2	27660-27662:CAA>TAA	None	earlyStop
Crimea/43-CRIE-L106P1233u/2021	93	3	27573-27575:ACT>TGA	None	earlyStop
Russia/43-CRIE-L189V0725u_7494/2021	93	3	27573-27575:ACT>TGA	None	earlyStop
Russia/MOW-PMVL-DZ-37078852041/2021	94	3	27555-27557:GCA>TGA	None	earlyStop
Russia/VLA-CRIE-L219D0163/2021	95	2	27702-27704:GTT>TAG	None	earlyStop
Russia/MOW-PMVL-DZ-303173388/2021	96	2	27633-27635:TCA>TAA	None	earlyStop
Russia/MOW-CRIE-L219B0028u_5253/2021	97	2	27615-27617:TAT>TAG	None	earlyStop
USA/IL-CDC-LC0141590/2021	98	2	27585-27587:TTT>TGA	None	earlyStop
USA/WA-CDC-UW21091080436/2021	99	3	27510-27512:TAC>TAG	None	earlyStop
USA/WA-UW-21090841170/2021	99	3	27510-27512:TAC>TAG	None	earlyStop
deer/USA/KY-22-013500-006/2022	100	2	27711-27713:ATA>TAG	None	earlyStop
USA/WV-CDC-LC0497974/2022	101	2	27588-27590:GCT>TAA	None	earlyStop
USA/NC-CDC-LC0180518/2021	102	2	27585-27587:TTT>TAA	None	earlyStop
USA/WA-PHL-008432/2021	103	4	27711-27713:ATA>TAG	None	earlyStop
USA/WA-PHL-008419/2021	103	4	27711-27713:ATA>TAG	None	earlyStop
USA/WA-PHL-008418/2021	103	4	27711-27713:ATA>TAG	None	earlyStop
USA/GA-CDC-4314331-001/2021	104	2	27504-27506:GGA>TGA	None	earlyStop
USA/WA-PHL-006750/2021	105	3	27660-27662:CAA>TAA	None	earlyStop
USA/WA-PHL-005852/2021	105	3	27660-27662:CAA>TAA	None	earlyStop
USA/WA-PHL-005884/2021	105	3	27660-27662:CAA>TAA	None	earlyStop
USA/WA-PHL-005827/2021	105	3	27660-27662:CAA>TAA	None	earlyStop
USA/WA-PHL-005832/2021	105	3	27660-27662:CAA>TAA	None	earlyStop
USA/WA-PHL-005828/2021	105	3	27660-27662:CAA>TAA	None	earlyStop
USA/WA-PHL-005826/2021	105	3	27660-27662:CAA>TAA	None	earlyStop
USA/WA-CDC-UW21121028578/2021	106	2	27615-27617:TAT>TAG	None	earlyStop
USA/WA-CDC-UW21120359778/2021	107	3	27576-27578:CAA>TAA	None	earlyStop
USA/WA-CDC-UW21091024554/2021	107	3	27576-27578:CAA>TAA	None	earlyStop
USA/WA-UW-21120387082/2021	108	3	27576-27578:CAA>TAA	None	earlyStop
USA/WA-CDC-UW21121060826/2021	108	3	27576-27578:CAA>TAA	None	earlyStop
USA/WA-PHL-004813/2021	109	3	27618-27620:CAG>TAG	None	earlyStop
USA/WA-PHL-005803/2021	109	3	27618-27620:CAG>TAG	None	earlyStop
USA/DE-DHSS-B1151362/2021	110	2	27603-27605:GTA>TAA	None	earlyStop
USA/WA-PHL-002577/2021	111	5	27528-27530:TTT>TAG	None	earlyStop
USA/WA-S18648/2021	111	5	27528-27530:TTT>TAG	None	earlyStop
USA/WA-CDC-UW21112351319/2021	111	5	27528-27530:TTT>TAG	None	earlyStop
USA/WA-CDC-LC0337790/2021	111	5	27528-27530:TTT>TAG	None	earlyStop
USA/WA-PHL-004669/2021	111	5	27528-27530:TTT>TAG	None	earlyStop
USA/WA-PHL-005880/2021	111	5	27528-27530:TTT>TAG	None	earlyStop
USA/KY-CDC-ASC210589225/2022	112	2	27573-27575:ACT>TGA	None	earlyStop
USA/KS-CDC-LC0506668/2022	113	2	27567-27569:TTT>TAG	None	earlyStop
Colombia/BOL-UNIMOL-VG-150/2021	114	3	27573-27575:ACT>TGA	None	earlyStop
USA/ME-HETL-J6227/2021	115	3	27438-27440:GAG>TAG	None	earlyStop
USA/NY-Wadsworth-22002393-01/2022	116	3	27636-27638:GTT>TAA	None	earlyStop
USA/DE-DHSS-B1115823/2021	117	3	27513-27515:GAG>TAG	None	earlyStop
USA/NY-Wadsworth-22003981-01/2022	118	3	27606-27608:AAA>TAA	None	earlyStop
Canada/ON-PHL-21-45417/2021	119	3	27684-27686:TCT>TAG	None	earlyStop
USA/WA-S13049/2021	120	4	27573-27575:ACT>TGA	None	earlyStop
USA/WA-S12588/2021	120	4	27573-27575:ACT>TGA	None	earlyStop
USA/WA-S12879/2021	120	4	27573-27575:ACT>TGA	None	earlyStop
USA/IL-RIPHL_80543_G/2022	121	2	27600-27602:GGC>TAA	None	earlyStop
USA/WA-S13367/2021	122	3	27567-27569:TTT>TAG	None	earlyStop
USA/GA-CDC-MMB09226330/2021	123	2	27672-27674:CAA>TAA	None	earlyStop
USA/WA-PHL-001448/2021	124	2	27573-27575:ACT>TGA	None	earlyStop
USA/SD-CDC-2-4849832/2021	125	4	27576-27578:CAA>TAA	None	earlyStop
USA/WA-PHL-004868/2021	125	4	27576-27578:CAA>TAA	None	earlyStop
USA/WA-PHL-004890/2021	125	4	27576-27578:CAA>TAA	None	earlyStop
USA/MI-UM-10041490717/2021	126	2	27708-27710:GCA>TAG	None	earlyStop
USA/MT-MTPHL-3956072/2021	127	2	27672-27674:CAA>TAA	None	earlyStop
U.S.VirginIslands/VI-CDC-2-5483007/2022	128	3	27576-27578:CAA>TAA	None	earlyStop
U.S.VirginIslands/VI-CDC-2-5350115/2021	128	3	27576-27578:CAA>TAA	None	earlyStop
U.S.VirginIslands/VI-CDC-2-5384106/2021	128	3	27576-27578:CAA>TAA	None	earlyStop
USA/WY-WYPHL-21121614/2021	129	2	27558-27560:CTG>TGA	None	earlyStop
USA/WA-S15016/2021	130	2	27585-27587:TTT>TGA	None	earlyStop
USA/WA-PHL-008417/2021	131	2	27666-27668:GAA>TAA	None	earlyStop
USA/WA-PHL-008638/2021	131	2	27666-27668:GAA>TAA	None	earlyStop
USA/KS-KHEL-3018/2021	132	2	27564-27566:TGC>TAG	None	earlyStop
USA/KY-CDC-STM-KJ7Q9R9F7/2022	133	4	27660-27662:CAA>TAA	None	earlyStop
USA/PA-CDC-STM-Q7ZXPAMUC/2021	133	4	27660-27662:CAA>TAA	None	earlyStop
USA/WV-WVU-WV129022/2022	133	4	27660-27662:CAA>TAA	None	earlyStop
USA/NY-PRL-2021_1118_00A02/2021	134	2	27561-27563:ACT>TAG	None	earlyStop
USA/WA-PHL-007345/2021	135	4	27495-27497:TGC>TGA	None	earlyStop
USA/WA-PHL-008586/2021	135	4	27495-27497:TGC>TGA	None	earlyStop
USA/WA-PHL-007257/2021	135	4	27495-27497:TGC>TGA	None	earlyStop
USA/WA-PHL-007578/2021	135	4	27495-27497:TGC>TGA	None	earlyStop
USA/WA-PHL-007905/2021	135	4	27495-27497:TGC>TGA	None	earlyStop
USA/WA-PHL-007586/2021	135	4	27495-27497:TGC>TGA	None	earlyStop
USA/WA-PHL-007344/2021	135	4	27495-27497:TGC>TGA	None	earlyStop
USA/KY-CDC-LC0436240/2021	136	2	27594-27596:CCT>TGA	None	earlyStop
USA/VT-CDCBI-CRSP_L3LDTKIJLEAJBHCF/2022	137	2	27573-27575:ACT>TGA	None	earlyStop
Paraguay/370043/2022	138	2	27639-27641:TCA>TAA	None	earlyStop
USA/WI-WSLH-222237/2021	139	2	27600-27602:GGC>TAA	None	earlyStop
USA/WA-PHL-009145/2021	140	3	27660-27662:CAA>TAA	None	earlyStop
USA/WA-PHL-008567/2021	140	3	27660-27662:CAA>TAA	None	earlyStop
USA/ID-IBL-759328/2021	141	2	27711-27713:ATA>TAG	None	earlyStop
USA/TX-HMH-MCoV-58682/2021	142	2	27594-27596:CCT>TGA	None	earlyStop
USA/WA-S14655/2021	143	3	27660-27662:CAA>TAA	None	earlyStop
USA/WA-PHL-006452/2021	143	3	27660-27662:CAA>TAA	None	earlyStop
USA/UT-UPHL-210911352836/2021	144	2	27660-27662:CAA>TAA	None	earlyStop
USA/WA-PHL-004549/2021	145	2	27504-27506:GGA>TGA	None	earlyStop
USA/ID-CDC-LC0417437/2021	146	2	27624-27626:CGT>TAA	None	earlyStop
USA/MO-CDC-LC0419395/2021	147	2	27660-27662:CAA>TAA	None	earlyStop
USA/WA-S11592/2021	148	3	27600-27602:GGC>TAA	None	earlyStop
USA/WA-S11554/2021	148	3	27600-27602:GGC>TAA	None	earlyStop
USA/LA-CDC-STM-000705251/2021	149	5	27693-27695:TTT>TAG	None	earlyStop
USA/AL-ADPH-ADPH_0990/2021	149	5	27693-27695:TTT>TAG	None	earlyStop
USA/NE-USAFSAM-S6987/2021	149	5	27693-27695:TTT>TAG	None	earlyStop
USA/AK-PHL16129/2021	149	5	27693-27695:TTT>TAG	None	earlyStop
USA/AK-CDC-ASC210490037/2021	149	5	27693-27695:TTT>TAG	None	earlyStop
USA/AK-PHL16384/2021	149	5	27693-27695:TTT>TAG	None	earlyStop
USA/AK-PHL16080/2021	149	5	27693-27695:TTT>TAG	None	earlyStop
USA/WA-S12894/2021	150	2	27579-27581:TTT>TAA	None	earlyStop
USA/WA-PHL-006669/2021	151	3	27660-27662:CAA>TAA	None	earlyStop
USA/WA-PHL-006688/2021	151	3	27660-27662:CAA>TAA	None	earlyStop
USA/WA-PHL-006686/2021	151	3	27660-27662:CAA>TAA	None	earlyStop
USA/WA-PHL-006723/2021	151	3	27660-27662:CAA>TAA	None	earlyStop
USA/WA-PHL-005870/2021	151	3	27660-27662:CAA>TAA	None	earlyStop
USA/WA-PHL-006689/2021	151	3	27660-27662:CAA>TAA	None	earlyStop
USA/WA-PHL-006721/2021	151	3	27660-27662:CAA>TAA	None	earlyStop
USA/WA-PHL-006724/2021	151	3	27660-27662:CAA>TAA	None	earlyStop
USA/WA-PHL-005869/2021	151	3	27660-27662:CAA>TAA	None	earlyStop
USA/NM-NMDOH-2021152997/2021	152	3	27615-27617:TAT>TAA	None	earlyStop
USA/OR-OSPHL02743/2021	153	3	27705-27707:GCG>TAG	None	earlyStop
USA/MO-CDC-ASC210311756/2021	154	3	27585-27587:TTT>TGA	None	earlyStop
USA/ME-HETL-J14129/2022	155	4	27591-27593:TGT>TAA	None	earlyStop
USA/WA-PHL-001122/2021	156	2	27660-27662:CAA>TAA	None	earlyStop
USA/WA-OHSU-213422275/2021	157	2	27576-27578:CAA>TAA	None	earlyStop
USA/MI-UM-10042473857/2021	158	2	27591-27593:TGT>TAA	None	earlyStop
USA/SD-CDC-4399745-001/2021	159	2	27573-27575:ACT>TGA	None	earlyStop
Qatar/QA.QU_19.3.E5/2021	160	2	None	27511:27808	bigDeletion
USA/WA-CDC-UW21052553414/2021	161	2	None	27528:27560	bigDeletion
USA/WA-PROV-1354/2021	162	2	None	27552:27626	bigDeletion
USA/MN-CDC-IBX372177990818/2021	163	2	None	27528:27631	bigDeletion
USA/UT-UPHL-210612294744/2021	164	2	None	27622:27664	bigDeletion
USA/MN-CDC-IBX747800485760/2021	165	2	None	27592:27658	bigDeletion
Rwanda/CV2223/2020	166	2	None	27566:27800	bigDeletion
USA/DE-DHSS-B1115256/2021	167	2	None	27611:27642	bigDeletion
USA/DE-DHSS-B1099542/2021	167	2	None	27611:27642	bigDeletion
USA/DE-DHSS-B1099663/2021	167	2	None	27611:27642	bigDeletion
USA/DE-B1099663-6-16/2021	167	2	None	27611:27642	bigDeletion
USA/DE-B1099542-6-14/2021	167	2	None	27611:27642	bigDeletion
USA/DE-DHSS-B1099629/2021	167	2	None	27611:27642	bigDeletion
USA/SD-SDPHL-0414/2021	168	2	None	27527:27791	bigDeletion
USA/TN-VUMC-002197/2021	169	2	None	27611:27671	bigDeletion
USA/HI-CDC-LC0101151/2021	170	2	None	27578:27626	bigDeletion
USA/AZ-ASU10204/2021	170	2	None	27578:27626	bigDeletion
USA/WA-S10141/2021	171	3	None	27565:27621	bigDeletion
USA/WA-S10120/2021	171	3	None	27565:27621	bigDeletion
USA/AZ-TG974160/2021	172	3	None	27527:27653	bigDeletion
USA/WA-S10665/2021	172	3	None	27527:27653	bigDeletion
USA/WA-S10083/2021	172	3	None	27527:27653	bigDeletion
USA/WA-UW-21072218462/2021	173	2	None	27527:27790	bigDeletion
USA/AZ-TG973960/2021	174	2	None	27664:27715	bigDeletion
USA/WA-PHL-001898/2021	175	3	None	27579:27623	bigDeletion
USA/WA-PHL-001895/2021	175	3	None	27579:27623	bigDeletion
USA/WA-PHL-001893/2021	175	3	None	27579:27623	bigDeletion
USA/WA-PHL-001899/2021	175	3	None	27579:27623	bigDeletion
USA/WA-S10153/2021	176	2	None	27639:27669	bigDeletion
USA/WA-S10253/2021	176	2	None	27639:27669	bigDeletion
USA/WA-S10152/2021	176	2	None	27639:27669	bigDeletion
USA/WA-S9810/2021	176	2	None	27639:27669	bigDeletion
USA/WA-S10172/2021	176	2	None	27639:27669	bigDeletion
USA/WA-S10232/2021	176	2	None	27639:27669	bigDeletion
USA/WA-S10180/2021	176	2	None	27639:27669	bigDeletion
USA/WA-S10216/2021	176	2	None	27639:27669	bigDeletion
USA/WA-S13917/2021	177	2	None	27595:27636	bigDeletion
USA/WA-CDC-IBX458002117373/2021	178	3	None	27565:27632	bigDeletion
USA/WA-CDC-IBX544870038286/2021	178	3	None	27565:27632	bigDeletion
USA/WA-PHL-005253/2021	179	2	None	27534:27573	bigDeletion
USA/WA-PHL-002636/2021	180	2	None	27629:27706	bigDeletion
USA/KY-GD-SID-21051328186/2021	181	2	None	27553:27762	bigDeletion
USA/IA-SHL-1664613/2021	182	2	None	27511:27690	bigDeletion
USA/OH-CDC-ASC210038313/2021	183	2	None	27529:27717	bigDeletion
Morocco/nCoV20326490/2021	184	2	None	27655:27808	bigDeletion
Philippines/PH-PGC-44863/2021	185	2	None	27527:27636	bigDeletion
USA/WA-S9544/2021	186	2	None	27528:27791	bigDeletion
Kenya/SS315/2021	187	2	None	27511:27808	bigDeletion
Mauritius/326001/2021	188	4	None	27682:27753	bigDeletion
Mauritius/325999/2021	188	4	None	27682:27753	bigDeletion
Mauritius/326016/2021	188	4	None	27682:27753	bigDeletion
Botswana/R14B3_BHP_AAB39499/2021	189	2	None	27598:27639	bigDeletion
USA/WA-UW-2021040982916/2021	190	2	None	27606:27643	bigDeletion
Rwanda/CV2199/2021	191	2	None	27534:27566	bigDeletion
Guinea/Conakry_22298/2021	192	2	None	27527:27790	bigDeletion
Senegal/7990667/2021	192	2	None	27527:27790	bigDeletion
USA/MN-CDC-IBX714177960686/2021	193	2	None	27541:27585	bigDeletion
Qatar/QA.QU_18.14.C4/2021	193	2	None	27541:27585	bigDeletion
USA/WA-UW-2021041209214/2021	194	2	None	27221:27394	bigDeletion
Spain/CT-BST9960221830/2021	195	2	None	27614:27719	bigDeletion
USA/OR-OHSU-211800329/2021	196	2	None	27541:27581	bigDeletion
USA/WA-S9411/2021	197	2	None	27527:27791	bigDeletion
USA/OR-OHSU-212100472/2021	198	2	None	27527:27789	bigDeletion
CzechRepublic/UKDD-MUNL-U133850/2021	199	2	None	27703:27740	bigDeletion
CzechRepublic/NRL_8507/2021	199	2	None	27703:27740	bigDeletion
CzechRepublic/NRL_8191/2021	199	2	None	27703:27740	bigDeletion
CzechRepublic/NRL_8192/2021	199	2	None	27703:27740	bigDeletion
USA/MN-CDC-IBX921041642417/2021	200	2	None	27538:27665	bigDeletion
Kenya/ILRI_COVC24024/2021	201	2	None	27605:27638	bigDeletion
USA/WA-PHL-001304/2021	202	3	None	27528:27791	bigDeletion
USA/WA-S10168/2021	202	3	None	27528:27791	bigDeletion
USA/WA-PHL-004641/2021	203	2	None	27511:27769	bigDeletion
USA/WA-S9542/2021	204	2	None	27610:27640	bigDeletion
USA/WA-S10299/2021	204	2	None	27610:27640	bigDeletion
USA/WA-S10029/2021	205	2	None	27529:27714	bigDeletion
USA/WA-PHL-001154/2021	206	2	None	27190:27471	bigDeletion
Slovenia/229330/2021	207	3	None	27554:27621	bigDeletion
Slovenia/211591/2021	207	3	None	27554:27621	bigDeletion
USA/WA-PHL-004852/2021	208	2	None	27511:27793	bigDeletion
USA/WA-OHSU-212690263/2021	209	2	None	27527:27789	bigDeletion
USA/WA-PHL-005393/2021	210	2	None	27511:27808	bigDeletion
USA/WA-PHL-001743/2021	211	2	None	27511:27808	bigDeletion
USA/WA-S13158/2021	212	2	None	27528:27790	bigDeletion
USA/WA-S9672/2021	213	2	None	27596:27626	bigDeletion
USA/WA-S10303/2021	213	2	None	27596:27626	bigDeletion
USA/WA-S10265/2021	214	2	None	27529:27741	bigDeletion
USA/WA-PHL-002760/2021	215	2	None	27610:27642	bigDeletion
USA/AL-CDC-ASC210273122/2021	216	2	None	27527:27679	bigDeletion
USA/CT-PHL-1019613001/2021	217	2	None	27511:27808	bigDeletion
USA/WA-S10202/2021	218	2	None	27557:27626	bigDeletion
USA/WA-S13786/2021	219	2	None	27403:27483	bigDeletion
USA/WA-S13930/2021	220	2	None	27529:27593	bigDeletion
USA/WA-PHL-002676/2021	221	2	None	27511:27573	bigDeletion
USA/WA-OHSU-213540804/2021	222	2	None	27527:27808	bigDeletion
India/HR-IGIB-122785/2021	223	2	None	27528:27778	bigDeletion
Zimbabwe/CERI-KRISP-K021555/2021	224	4	None	27702:27741	bigDeletion
SaoTomeandPrincipe/09/2021	224	4	None	27702:27741	bigDeletion
Zimbabwe/CERI-KRISP-K021551/2021	224	4	None	27702:27741	bigDeletion
Zimbabwe/CERI-KRISP-K027238/2021	224	4	None	27702:27741	bigDeletion
Zimbabwe/CERI-KRISP-K027239/2021	224	4	None	27702:27741	bigDeletion
Canada/ON-SHL-21-03141/2021	225	2	None	27511:27761	bigDeletion
USA/AZ-ASU4871/2021	226	2	None	27328:27394	bigDeletion
USA/WA-S8100/2021	227	2	None	27649:27711	bigDeletion
India/TG-CDFD-C-215212/2021	228	2	None	27569:27681	bigDeletion
USA/WI-MHDL-65441/2021	229	2	None	27511:27808	bigDeletion
USA/AZ-TG908085/2021	230	2	None	27528:27621	bigDeletion
USA/WA-S10248/2021	231	2	None	27528:27790	bigDeletion
USA/DC-DFS-PHL-01714/2021	232	2	None	27511:27808	bigDeletion
Brunei/7122008951/2022	233	2	None	27616:27741	bigDeletion
USA/MA-CDC-ASC210106994/2021	234	2	None	27529:27744	bigDeletion
Malawi/SCA1127V1/2021	235	2	None	27535:27603	bigDeletion
CotedIvoire/COV-BKE8607-bc2/2021	236	2	None	27647:27859	bigDeletion
Guinea/IPG-23330/2021	237	2	None	27577:27626	bigDeletion
USA/WA-PHL-000931/2021	238	2	None	27649:27711	bigDeletion
France/PAC-IHU-5636-N1/2021	239	2	None	27540:27779	bigDeletion
USA/WA-OHSU-212320440/2021	240	2	None	27527:27789	bigDeletion
USA/WA-OHSU-212380285/2021	241	2	None	27527:27789	bigDeletion
Sweden/4090519463/2021	242	2	None	27591:27691	bigDeletion
Slovakia/UVZ_PL41_E5_18532/2021	243	2	None	27527:27651	bigDeletion
NewZealand/21MV0414/2021	244	2	None	27511:27808	bigDeletion
USA/NM-UNM-TC240592/2021	245	2	None	27190:27471	bigDeletion
Grenada/83483/2021	246	2	None	27511:27808	bigDeletion
USA/MA-CDCBI-CRSP_HEAEDSTVANEVSWPT/2021	247	2	None	27202:27471	bigDeletion
USA/WA-S15292/2021	248	3	None	27395:28254	bigDeletion
USA/WA-S15281/2021	248	3	None	27395:28254	bigDeletion
NorthernMarianaIslands/CDC-2-4972255/2021	249	2	None	27412:27443	bigDeletion
USA/AK-PHL13326/2021	249	2	None	27412:27443	bigDeletion
USA/TX-HHD-2110183026/2021	249	2	None	27412:27443	bigDeletion
USA/NE-TESTNE_A1P6CVS/2021	250	2	None	27190:27471	bigDeletion
USA/WA-OHSU-212310163/2021	251	2	None	27524:27760	bigDeletion
USA/WA-S10482/2021	252	2	None	27604:27640	bigDeletion
USA/DC-DFS-PHL-01234/2021	252	2	None	27604:27640	bigDeletion
USA/CO-CDPHE-2101493039/2021	253	2	None	27511:27808	bigDeletion
USA/DC-DFS-PHL-01269/2021	254	2	None	27561:27716	bigDeletion
USA/WA-S12857/2021	255	2	None	27528:27621	bigDeletion
USA/ME-HETL-J8634/2021	256	2	None	27635:27678	bigDeletion
USA/WA-S13252/2021	257	2	None	27560:27636	bigDeletion
USA/WA-PHL-005903/2021	258	2	None	27511:27563	bigDeletion
USA/WA-PHL-004423/2021	259	2	None	27511:27766	bigDeletion
Bangladesh/IEDCR-icddrb-GSB01-098/2021	260	2	None	27511:27808	bigDeletion
USA/DE-DHSS-B1115835/2021	261	2	None	27511:27808	bigDeletion
USA/WY-WYPHL-22000087/2022	262	2	None	27752:28061	bigDeletion
USA/WA-S15656/2021	263	7	None	27556:27624	bigDeletion
USA/WA-PHL-004984/2021	263	7	None	27556:27624	bigDeletion
USA/WA-PHL-006807/2021	263	7	None	27556:27624	bigDeletion
USA/WA-PHL-006183/2021	263	7	None	27556:27624	bigDeletion
USA/WA-PHL-003167/2021	263	7	None	27556:27624	bigDeletion
USA/WA-PHL-010484/2022	263	7	None	27556:27624	bigDeletion
USA/WA-PHL-005890/2021	263	7	None	27556:27624	bigDeletion
USA/WA-PHL-006166/2021	263	7	None	27556:27624	bigDeletion
USA/WA-PHL-006756/2021	263	7	None	27556:27624	bigDeletion
USA/WA-PHL-007762/2021	263	7	None	27556:27624	bigDeletion
USA/WA-PHL-007081/2021	263	7	None	27556:27624	bigDeletion
USA/WA-PHL-006148/2021	263	7	None	27556:27624	bigDeletion
USA/WA-PHL-007415/2021	263	7	None	27556:27624	bigDeletion
USA/WA-PHL-007416/2021	263	7	None	27556:27624	bigDeletion
USA/WA-PHL-007711/2021	263	7	None	27556:27624	bigDeletion
USA/WA-PHL-007703/2021	263	7	None	27556:27624	bigDeletion
USA/WA-PHL-007732/2021	263	7	None	27556:27624	bigDeletion
USA/WA-PHL-007766/2021	263	7	None	27556:27624	bigDeletion
USA/WA-PHL-007740/2021	263	7	None	27556:27624	bigDeletion
USA/WA-PHL-008427/2021	263	7	None	27556:27624	bigDeletion
USA/WA-PHL-016434/2022	263	7	None	27556:27624	bigDeletion
USA/WA-PHL-007724/2021	263	7	None	27556:27624	bigDeletion
USA/WA-PHL-006796/2021	263	7	None	27556:27624	bigDeletion
USA/WA-PHL-007727/2021	263	7	None	27556:27624	bigDeletion
USA/WA-PHL-014086/2022	263	7	None	27556:27624	bigDeletion
USA/WA-CDC-QDX33592217/2022	263	7	None	27556:27624	bigDeletion
USA/WA-CDC-QDX33592216/2022	263	7	None	27556:27624	bigDeletion
USA/WA-PHL-002724/2021	264	2	None	27585:27636	bigDeletion
USA/WA-OHSU-212810298/2021	265	2	None	27527:27673	bigDeletion
USA/WA-S13337/2021	266	2	None	27645:27708	bigDeletion
USA/WA-UW-21081175252/2021	266	2	None	27645:27708	bigDeletion
USA/WA-S11165/2021	266	2	None	27645:27708	bigDeletion
USA/WA-PHL-001200/2021	267	2	None	27511:27808	bigDeletion
USA/WA-UW-21042019332/2021	268	2	None	27569:27667	bigDeletion
USA/MA-CDCBI-CRSP_67K6DZVPSCO2EEJ3/2021	269	2	None	27555:27604	bigDeletion
USA/WA-OHSU-212150760/2021	270	2	None	27527:27789	bigDeletion
USA/WA-S12017/2021	271	2	None	27529:27788	bigDeletion
USA/WA-S13163/2021	272	2	None	27528:27699	bigDeletion
USA/WA-S9450/2021	273	2	None	27528:27790	bigDeletion
USA/UT-UPHL-210723175282/2021	274	2	None	27534:27567	bigDeletion
USA/NC-DH-235M091000002531/2021	274	2	None	27534:27567	bigDeletion
USA/WA-PHL-003743/2021	275	2	None	27624:27764	bigDeletion
USA/WA-S15081/2021	276	2	None	27537:27636	bigDeletion
USA/WA-PHL-007038/2021	277	2	None	27531:27640	bigDeletion
USA/DE-DHSS-B1128812/2021	278	2	None	27511:27808	bigDeletion
USA/WA-S11217/2021	279	3	None	27568:27600	bigDeletion
USA/WA-Curative-053770/2021	279	3	None	27568:27600	bigDeletion
USA/CA-Curative-079317/2021	279	3	None	27568:27600	bigDeletion
USA/FL-CDC-ASC210403932/2021	280	2	None	27508:27682	bigDeletion
USA/ME-HETL-J4248/2021	281	2	None	27511:27658	bigDeletion
USA/TN-CDC-ASC210060810/2021	282	3	None	27576:27619	bigDeletion
USA/TN-CDC-ASC210060807/2021	282	3	None	27576:27619	bigDeletion
India/TR-INSACOG-433256035/2021	283	2	None	27542:27584	bigDeletion
Egypt/NRC-1001/2021	284	2	None	27474:27644	bigDeletion
Bahrain/22690022132_S23_L001/2022	285	2	None	27527:27790	bigDeletion
Bahrain/22020059313_S10_L001/2022	285	2	None	27527:27790	bigDeletion
Ghana/NMIMR-NCOV-21-59659/2021	286	2	None	27190:27471	bigDeletion
Malaysia/MKAI-6380998/2021	287	2	None	27034:27727	bigDeletion
Ukraine/68341dpcu/2022	288	2	None	27453:27502	bigDeletion
USA/DE-DHSS-B1099371/2021	289	2	None	27511:27808	bigDeletion
Ukraine/68217om/2021	290	2	None	27710:27740	bigDeletion
Guinea/IPG-24258/2021	291	2	None	27527:27789	bigDeletion
Maldives/MAV85452/2021	292	2	None	27535:27753	bigDeletion
Bangladesh/BSMMU_Laila_983/2022	293	2	None	27605:27653	bigDeletion
USA/ND-NDDH-3204/2021	294	2	None	27511:27688	bigDeletion
USA/ND-NDDH-3199/2021	294	2	None	27511:27688	bigDeletion
Congo/FCRM-55-9674/2021	295	2	None	26835:27808	bigDeletion
Nepal/S-19/2021	296	2	None	27524:27791	bigDeletion
Maldives/MAV93679/2021	297	2	None	27524:27797	bigDeletion
Maldives/MAV95040/2021	298	2	None	27527:27791	bigDeletion
Nepal/S-28/2021	299	2	None	27524:27792	bigDeletion
SaintLucia/80747/2021	300	2	None	27511:27808	bigDeletion
Canada/QC-L00385963001/2021	301	2	None	27511:27566	bigDeletion
Ukraine/71901/2022	302	4	None	27681:27753	bigDeletion
Ukraine/71379/2022	302	4	None	27681:27753	bigDeletion
Ukraine/71376/2022	302	4	None	27681:27753	bigDeletion
Togo/10731/2021	303	2	None	27633:27736	bigDeletion
Maldives/MAV98808/2022	304	2	None	27526:27560	bigDeletion
Jordan/Biolab0392/2021	305	2	None	27533:27607	bigDeletion
Armenia/IMB8-6/2021	306	2	None	27511:27808	bigDeletion
Ukraine/21-62721/2021	307	2	None	27681:27753	bigDeletion
Botswana/R27B77_BHP_000700274/2021	308	2	None	27534:27784	bigDeletion
Armenia/IMB5-24/2021	309	2	None	27511:27808	bigDeletion
Netherlands/GE-RIVM-82437/2022	310	2	None	27577:27623	bigDeletion
Bangladesh/BSMMU_LB_327/2021	311	2	None	27693:27741	bigDeletion
Bangladesh/IEDCR-AFIP-021/2022	312	2	None	27596:27635	bigDeletion
Bangladesh/ideSHi-IR-2107/2022	313	2	None	27511:27808	bigDeletion
env/Bangladesh/icddrb-202080/2020	314	2	None	27534:27785	bigDeletion
Bangladesh/CHRF-GSB17-037/2021	315	2	None	27552:27637	bigDeletion
USA/NY-SUNYQB-61210301705441/2021	316	2	None	27539:27633	bigDeletion
USA/LA-EVTL9053/2021	317	2	None	27534:27752	bigDeletion
Ghana/NMIMR-CT-21-11949/2021	318	3	None	27661:27808	bigDeletion
Ghana/NMIMR-CT-21-11927/2021	318	3	None	27661:27808	bigDeletion
Ghana/WACCBIP-GS1556/2021	319	2	None	27511:27808	bigDeletion
Peru/ARE-INS-1135/2021	320	2	None	27528:27626	bigDeletion
Netherlands/FR-RIVM-99007/2022	321	2	None	27511:27808	bigDeletion
Greece/277384/2021	322	2	None	27511:27693	bigDeletion
Greece/315827/2021	322	2	None	27511:27693	bigDeletion
Greece/4073/2022	322	2	None	27511:27693	bigDeletion
CzechRepublic/NRL_s22/2022	323	2	None	27412:27650	bigDeletion
Italy/VEN-IZSVe-21RS8174-18_VI/2021	324	2	None	27413:27883	bigDeletion
England/PHEC-3N043N00/2021	325	2	None	27511:27808	bigDeletion
Cameroon/CAM-106/2021	326	2	None	27654:27808	bigDeletion
Chad/TCH-59/2021	327	2	None	27416:27808	bigDeletion
USA/WA-PHL-002464/2021	328	2	None	27649:27758	bigDeletion
Latvia/5590/2021	329	2	None	27511:27732	bigDeletion
Netherlands/ZH-NMDL-00168/2021	330	2	None	27510:27720	bigDeletion
Nigeria/NCDC-NR01/2021	331	2	None	27511:27808	bigDeletion
Nigeria/NIMR-99467/2021	332	2	None	26949:27808	bigDeletion
Algeria/D124/2022	333	2	None	27394:28254	bigDeletion
Jordan/Biolab0272/2021	334	2	None	27710:27740	bigDeletion
Jordan/Biolab0207/2021	335	2	None	27569:27648	bigDeletion
CaboVerde/ST19445/2021	336	2	None	27496:27532	bigDeletion
USA/WA-PHL-005358/2021	337	2	None	27579:27624	bigDeletion
USA/NE-CUMC_22038089/2022	337	2	None	27579:27624	bigDeletion
USA/RI-RISHL-E01350/2021	337	2	None	27579:27624	bigDeletion
Armenia/IMB6-6/2021	338	2	None	27511:27808	bigDeletion
Armenia/IMB11-12/2021	338	2	None	27511:27808	bigDeletion
Belarus/HM-CRIE-7735754692/2022	339	2	None	27533:27784	bigDeletion
Armenia/IMB8-2/2021	340	2	None	27511:27808	bigDeletion
Armenia/IMB6-9/2021	341	2	None	27511:27808	bigDeletion
Armenia/IMB8-9/2021	341	2	None	27511:27808	bigDeletion
Ghana/WACCBIP-GS2751/2021	342	2	None	27256:27726	bigDeletion
SaudiArabia/KFSHRC_001R/2021	343	2	None	27367:27498	bigDeletion
Kuwait/Jaber2220010163/2022	344	2	None	27511:27808	bigDeletion
USA/DE-DHSS-B1125330/2021	345	2	None	27511:27808	bigDeletion
USA/RI-RISHL-150503/2021	346	2	None	27536:27739	bigDeletion
USA/CT-Yale-10824/2021	346	2	None	27536:27739	bigDeletion
Thailand/COVPSU-01292/2022	347	2	None	27403:27661	bigDeletion
Thailand/COVPSU-00775/2021	348	2	None	27571:27791	bigDeletion
USA/WA-S10239/2021	349	2	None	27578:27723	bigDeletion
USA/WA-S10236/2021	349	2	None	27578:27723	bigDeletion
Canada/BC-BCCDC-359146/2022	350	2	None	27554:27621	bigDeletion
France/BFC-BFC-386MA12461701/2021	351	2	None	27616:27694	bigDeletion
Croatia/12378/2021	352	2	None	27412:27720	bigDeletion
USA/WA-PHL-007365/2021	353	2	None	27535:27593	bigDeletion
Angola/CERI-KRISP-K027376/2021	354	2	None	27389:28250	bigDeletion
SouthAfrica/Tygerberg_1378/2021	355	2	None	27511:27808	bigDeletion
Maldives/MAV85130/2021	356	3	None	27527:27767	bigDeletion
Maldives/MAV83443/2021	356	3	None	27527:27767	bigDeletion
Maldives/MAV79253/2021	357	2	None	27656:27730	bigDeletion
Maldives/MAV92033/2021	358	2	None	27559:27591	bigDeletion
Maldives/MAV84014/2021	358	2	None	27559:27591	bigDeletion
Maldives/MAV83518/2021	359	2	None	27526:27791	bigDeletion
Maldives/MAV62448/2021	360	2	None	27527:27560	bigDeletion
Maldives/MAV77345/2021	360	2	None	27527:27560	bigDeletion
USA/VT-CDCBI-CRSP_KVQTDF3ED3HTWUKJ/2021	361	3	None	27536:27637	bigDeletion
USA/VT-CDCBI-CRSP_PLSOYJQF7ZYD5KIF/2021	361	3	None	27536:27637	bigDeletion
Congo/RC-261/2021	362	2	None	27654:27808	bigDeletion
USA/OH-CDC-ASC210125697/2021	363	2	None	27530:27689	bigDeletion
Morocco/IPM20386930/2021	364	2	None	27511:27746	bigDeletion
Latvia/2202025501/2022	364	2	None	27511:27746	bigDeletion
USA/WA-S9944/2021	365	2	None	27528:27791	bigDeletion
Morocco/IPM20382542/2021	366	2	None	27511:27808	bigDeletion
Morocco/20356163/2021	367	2	None	27511:27808	bigDeletion
Chad/TCH-36/2021	368	2	None	26835:27808	bigDeletion
Jordan/Biolab0254/2021	369	2	None	27710:27740	bigDeletion
Liechtenstein/FL-Risch-2211202966/2022	369	2	None	27710:27740	bigDeletion
Israel/SMC-7014896/2021	370	2	None	27538:27572	bigDeletion
Iran/Maragheh-NIC-11/2022	371	2	None	27537:27628	bigDeletion
Iran/AM172/2021	372	4	None	27564:27627	bigDeletion
Iran/AK0683NGS/2021	372	4	None	27564:27627	bigDeletion
Iran/AK1025NGS/2021	372	4	None	27564:27627	bigDeletion
Poland/PZH-UMB-7295/2022	372	4	None	27564:27627	bigDeletion
Iran/AF082/2021	372	4	None	27564:27627	bigDeletion
Russia/PRI-RII-MH64857S/2022	372	4	None	27564:27627	bigDeletion
Uzbekistan/Tashkent-CGB-41/2021	372	4	None	27564:27627	bigDeletion
Uzbekistan/Tashkent-CGB-44/2021	372	4	None	27564:27627	bigDeletion
Denmark/DCGC-363386/2022	372	4	None	27564:27627	bigDeletion
Sweden/21-255105/2021	372	4	None	27564:27627	bigDeletion
Iran/AL252/2021	372	4	None	27564:27627	bigDeletion
Canada/BC-BCCDC-320085/2022	372	4	None	27564:27627	bigDeletion
Iran/AL251/2021	372	4	None	27564:27627	bigDeletion
France/BRE-CHUP-8600800473/2022	372	4	None	27564:27627	bigDeletion
Iran/AM1716/2021	372	4	None	27564:27627	bigDeletion
Italy/EMR-IZSLER-2022-150618-004-01/2022	372	4	None	27564:27627	bigDeletion
Iran/AN084/2021	372	4	None	27564:27627	bigDeletion
Italy/SAR-AOUSS-695/2021	372	4	None	27564:27627	bigDeletion
Sweden/01_SE100_21CS102191/2021	372	4	None	27564:27627	bigDeletion
USA/DC-CDC-LC0079014/2021	372	4	None	27564:27627	bigDeletion
Germany/NW-RKI-I-248499/2021	372	4	None	27564:27627	bigDeletion
CzechRepublic/CSQ4385/2021	372	4	None	27564:27627	bigDeletion
Djibouti/NAMRU3_G638/2021	372	4	None	27564:27627	bigDeletion
Russia/MOW-PMVL-DZ-56256257255/2022	372	4	None	27564:27627	bigDeletion
Finland/R-1800/2022	372	4	None	27564:27627	bigDeletion
Aruba/AW-RIVM-77693/2021	372	4	None	27564:27627	bigDeletion
Slovakia/run220208_RUVZ_BB-22-0337/2022	372	4	None	27564:27627	bigDeletion
USA/WA-S15164/2021	372	4	None	27564:27627	bigDeletion
Armenia/IMB11-4/2021	372	4	None	27564:27627	bigDeletion
Sweden/LP000469061/2021	372	4	None	27564:27627	bigDeletion
Mongolia/UB-386123/2021	372	4	None	27564:27627	bigDeletion
Mongolia/10011932/2022	372	4	None	27564:27627	bigDeletion
Mongolia/UB-385571/2021	372	4	None	27564:27627	bigDeletion
InnerMongolia/IVDC-EJN-7/2021	372	4	None	27564:27627	bigDeletion
InnerMongolia/IVDC-ORDS-9/2021	372	4	None	27564:27627	bigDeletion
Morocco/IPM20378401/2021	373	2	None	27511:27808	bigDeletion
Iran/AK-03-NIC/2021	374	2	None	27537:27628	bigDeletion
Denmark/DCGC-194623/2021	375	2	None	27538:27628	bigDeletion
Norway/7867/2022	376	2	None	27256:27628	bigDeletion
Russia/NVS-RII-MH79419S/2022	377	3	None	27537:27628	bigDeletion
Djibouti/NAMRU3_H271/2021	377	3	None	27537:27628	bigDeletion
Kosovo/CO-00733-XXK000_97_02_Pe_Niph_2022/2022	377	3	None	27537:27628	bigDeletion
Sweden/37477507XXP/2021	378	3	None	27538:27627	bigDeletion
Bonaire/BQ-RIVM-73236/2021	378	3	None	27538:27627	bigDeletion
Romania/B-202/2022	378	3	None	27538:27627	bigDeletion
Turkey/HSGM-F9451/2021	379	3	None	27541:27628	bigDeletion
Netherlands/GR-UMCG-MMB_5224/2022	379	3	None	27541:27628	bigDeletion
Germany/ST-MD9475/2022	379	3	None	27541:27628	bigDeletion
USA/ND-USAFSAM-S4183/2021	380	2	None	27702:27741	bigDeletion
USA/WA-PHL-008077/2021	381	2	None	27511:27808	bigDeletion
USA/WA-S12964/2021	382	2	None	27528:27708	bigDeletion
USA/WA-S13093/2021	383	2	None	27527:27790	bigDeletion
USA/WA-PHL-004506/2021	384	2	None	27511:27582	bigDeletion
USA/WA-PHL-003003/2021	385	2	None	27457:27734	bigDeletion
USA/WA-S11792/2021	386	2	None	27527:28088	bigDeletion
USA/WA-CDC-UW21101783251/2021	387	2	None	27529:27784	bigDeletion
Bangladesh/BSMMU_Laila_618/2021	388	2	None	27533:27647	bigDeletion
Guadeloupe/GUA-ERFB-2069188613/2021	389	2	None	27528:27606	bigDeletion
Moldova/D0059/2021	389	2	None	27528:27606	bigDeletion
Panama/CDED19953-GMI/2021	390	2	None	27576:27622	bigDeletion
USA/SC-CDC-QDX31445836/2021	391	2	None	27579:27624	bigDeletion
SaintLucia/80752/2021	392	2	None	27511:27808	bigDeletion
Israel/SMC-7016461/2021	393	2	None	27705:27737	bigDeletion
Grenada/88085/2021	394	2	None	27511:27808	bigDeletion
Senegal/285662/2021	395	3	None	27555:27636	bigDeletion
Senegal/284850/2021	395	3	None	27555:27636	bigDeletion
Senegal/240392/2021	395	3	None	27555:27636	bigDeletion
Senegal/10112414/2021	396	2	None	27620:27716	bigDeletion
DRC/INRB-RDC-642/2021	397	3	None	27527:27636	bigDeletion
Senegal/22195309/2021	397	3	None	27527:27636	bigDeletion
Senegal/10008573/2021	397	3	None	27527:27636	bigDeletion
Senegal/SN-IR7-1822/2021	398	2	None	27523:27676	bigDeletion
Mauritania/397353/2021	398	2	None	27523:27676	bigDeletion
Senegal/285738/2021	399	2	None	27527:27621	bigDeletion
Egypt/Delta006/2021	400	2	None	27510:27571	bigDeletion
Senegal/291764/2021	401	2	None	27624:27791	bigDeletion
Botswana/R32B60_BHP_000752897/2021	402	2	None	27502:27755	bigDeletion
USA/WA-S12700/2021	403	2	None	27683:27724	bigDeletion
USA/WA-PHL-004605/2021	404	2	None	27544:27676	bigDeletion
India/WB-INSACOG-1970300122496/2022	405	2	None	27521:27599	bigDeletion
Israel/CVL-8010271/2022	406	2	None	27528:27679	bigDeletion
Lebanon/NIC119/2022	407	2	None	27555:27623	bigDeletion
Lesotho/N22941/2021	408	2	None	27436:27471	bigDeletion
Eswatini/N18668/2021	409	2	None	27510:27545	bigDeletion
Kenya/ILRI_COVC24710/2021	410	2	None	27577:27623	bigDeletion
Uganda/UVRI_384635/2021	411	2	None	27221:27394	bigDeletion
Uganda/MRC-UVRI-UVRI402814/2021	412	2	None	27527:27790	bigDeletion
USA/WA-S12368/2021	413	2	None	27594:27635	bigDeletion
Slovakia/UVZ_PL41_D5_18531/2021	414	2	None	27527:27761	bigDeletion
Italy/FVG-TS-37367966/2021	415	2	None	27328:27394	bigDeletion
Nicaragua/CNDR-153325/2021	416	3	None	27554:27620	bigDeletion
Nicaragua/CNDR-141328/2021	416	3	None	27554:27620	bigDeletion
Nicaragua/CNDR-189175/2021	416	3	None	27554:27620	bigDeletion
Nicaragua/CNDR-189548/2021	416	3	None	27554:27620	bigDeletion
USA/TX-DSHS-10411/2021	416	3	None	27554:27620	bigDeletion
USA/WY-WYPHL-20167074/2020	416	3	None	27554:27620	bigDeletion
USA/NE-CDC-LC0365560/2021	416	3	None	27554:27620	bigDeletion
USA/VT-CDCBI-CRSP_NOBKFBOTHZ5Y4TEF/2022	417	2	None	27389:27434	bigDeletion
Nicaragua/CNDR-162762/2021	418	3	None	27511:27808	bigDeletion
Nicaragua/CNDR-157711/2021	418	3	None	27511:27808	bigDeletion
USA/DC-DFS-PHL-01609/2021	419	2	None	27721:27808	bigDeletion
SaintVincentandtheGrenadines/88897/2021	420	2	None	27511:27808	bigDeletion
AntiguaandBarbuda/81142/2021	421	2	None	27732:27808	bigDeletion
Denmark/DCGC-511935/2022	422	2	None	27511:27650	bigDeletion
Ireland/D-NVRL-S21IRL00310454/2021	423	2	None	26848:27808	bigDeletion
Ireland/D-NVRL-G22IRL05163/2022	424	2	None	26848:27808	bigDeletion
Poland/1259SNR21_wsserze/2021	425	4	None	27611:27671	bigDeletion
Austria/LB-R00063-S113/2022	425	4	None	27611:27671	bigDeletion
Austria/LB-R00074-S301/2022	425	4	None	27611:27671	bigDeletion
Slovakia/TN_00680/2022	426	2	None	27391:27499	bigDeletion
Indonesia/KS-NIHRD-WGS12292/2021	427	2	None	27554:27605	bigDeletion
Indonesia/JB-GS-WJHL-ITB-W189/2021	427	2	None	27554:27605	bigDeletion
Indonesia/BA-NIHRD-WGS_22_05097/2022	428	2	None	27555:27604	bigDeletion
FrenchPolynesia/IPP35919/2021	429	2	None	27389:27543	bigDeletion
India/WB-INSACOG-1931700462777/2022	430	2	None	27516:27631	bigDeletion
USA/WA-PHL-004299/2021	431	2	None	27532:27658	bigDeletion
USA/WA-S11764/2021	431	2	None	27532:27658	bigDeletion
USA/WA-S10159/2021	432	2	None	27621:27714	bigDeletion
USA/WA-S10165/2021	432	2	None	27621:27714	bigDeletion
USA/WA-PHL-004125/2021	433	2	None	27554:27628	bigDeletion
USA/WA-S13324/2021	434	2	None	27527:27790	bigDeletion
USA/WA-CDC-UW21102020524/2021	435	2	None	27529:27784	bigDeletion
USA/WA-PHL-001379/2021	436	2	None	27511:27675	bigDeletion
USA/WA-OHSU-213481755/2021	437	2	None	27532:27791	bigDeletion
USA/WA-OHSU-213501915/2021	438	2	None	27571:27653	bigDeletion
USA/WA-PHL-001421/2021	439	2	None	27735:27808	bigDeletion
USA/WA-S10318/2021	440	2	None	27536:27706	bigDeletion
USA/WA-PHL-006172/2021	441	2	None	27511:27591	bigDeletion
USA/WA-PHL-007790/2021	442	2	None	27511:27624	bigDeletion
USA/WA-PHL-008444/2021	442	2	None	27511:27624	bigDeletion
USA/WA-OHSU-212350548/2021	443	2	None	27527:27789	bigDeletion
USA/WA-PHL-006324/2021	444	2	None	27511:27645	bigDeletion
USA/SD-SDPHL-0621/2021	445	2	None	27527:27791	bigDeletion
USA/DC-DFS-PHL-02541/2021	446	2	None	27670:27808	bigDeletion
USA/NV-CDC-IBX924840271996/2021	447	2	None	27541:27631	bigDeletion
USA/WA-PHL-008373/2021	448	2	None	27529:27576	bigDeletion
USA/WA-CDC-UW21121353429/2021	448	2	None	27529:27576	bigDeletion
USA/WA-PHL-004743/2021	449	2	None	27611:27641	bigDeletion
USA/WA-PHL-004744/2021	449	2	None	27611:27641	bigDeletion
USA/WA-OHSU-212360394/2021	450	2	None	27527:27789	bigDeletion
USA/WA-OHSU-213502622/2021	451	2	None	27694:27762	bigDeletion
Barbados/77896/2021	452	2	None	27511:27808	bigDeletion
USA/WA-CDC-UW21052259043/2021	453	2	None	27662:27718	bigDeletion
USA/ID-IBL-761551/2021	454	2	None	27426:27577	bigDeletion
USA/WA-S13842/2021	455	2	None	27557:27591	bigDeletion
USA/WA-S13841/2021	455	2	None	27557:27591	bigDeletion
USA/WA-PHL-004186/2021	456	2	None	27511:27652	bigDeletion
USA/WA-OHSU-213570662/2021	457	2	None	27542:27593	bigDeletion
USA/WA-S9654/2021	458	2	None	27528:27601	bigDeletion
USA/WA-PHL-005072/2021	459	3	None	27528:27708	bigDeletion
USA/MT-WL-3884348/2021	459	3	None	27528:27708	bigDeletion
USA/WA-S12718/2021	459	3	None	27528:27708	bigDeletion
USA/WA-S10435/2021	460	2	None	27720:27790	bigDeletion
USA/WA-PHL-001531/2021	461	2	None	27610:27641	bigDeletion
USA/WA-PHL-002381/2021	462	2	None	27751:27791	bigDeletion
USA/WA-S12939/2021	462	2	None	27751:27791	bigDeletion
USA/WA-PHL-001155/2021	463	2	None	27544:27591	bigDeletion
USA/WA-PHL-001532/2021	463	2	None	27544:27591	bigDeletion
Coted-Ivoire/568672-cv019/2021	464	3	None	27511:27695	bigDeletion
Ethiopia/ILRI_COVM02982/2022	464	3	None	27511:27695	bigDeletion
Nigeria/BCVL_GHRU_27486_S53/2022	465	2	None	27248:27444	bigDeletion
USA/WA-PHL-010565/2021	466	2	None	27387:27754	bigDeletion
Togo/11164/2021	467	2	None	27697:27785	bigDeletion
Nigeria/NIMR-99476/2021	468	2	None	27511:27808	bigDeletion
Nigeria/NCDC-NR172/2021	468	2	None	27511:27808	bigDeletion
Nigeria/CV3346/2021	469	2	None	27529:27782	bigDeletion
USA/WA-PHL-004838/2021	470	2	None	27527:27666	bigDeletion
USA/OR-OHSU-213502471/2021	470	2	None	27527:27666	bigDeletion
USA/WA-S14146/2021	471	2	None	27528:27790	bigDeletion
USA/WA-S13705/2021	472	2	None	27596:27663	bigDeletion
USA/WA-S9953/2021	473	2	None	27748:27788	bigDeletion
Grenada/88089/2021	474	2	None	27511:27808	bigDeletion
CzechRepublic/CSQ4177/2021	475	2	None	27614:27719	bigDeletion
Moldova/D0076/2021	476	2	None	27565:27664	bigDeletion
NorthernMarianaIslands/CDC-2-4954437/2021	477	3	None	27384:28254	bigDeletion
NorthernMarianaIslands/CDC-2-4954534/2021	477	3	None	27384:28254	bigDeletion
Denmark/DCGC-143744/2021	478	2	None	27615:27749	bigDeletion
Bermuda/WR-NYGC-NOV-6011-GQIQ406/2021	479	2	None	27555:27623	bigDeletion
Slovenia/17-067849-CE/2021	480	4	None	27514:27749	bigDeletion
Slovenia/17-068915-CE/2021	480	4	None	27514:27749	bigDeletion
Israel/CVL-23924/2022	480	4	None	27514:27749	bigDeletion
Israel/CVL-8002554/2022	480	4	None	27514:27749	bigDeletion
Slovenia/171557/2022	480	4	None	27514:27749	bigDeletion
Slovenia/481922/2021	480	4	None	27514:27749	bigDeletion
Slovenia/17-062993-KR/2021	480	4	None	27514:27749	bigDeletion
Slovenia/17-019549-CE/2021	480	4	None	27514:27749	bigDeletion
Slovenia/17-005059-KR/2022	480	4	None	27514:27749	bigDeletion
Senegal/294333/2021	480	4	None	27514:27749	bigDeletion
NorthMacedonia/6439/2022	480	4	None	27514:27749	bigDeletion
France/CVL-AG-2111240006/2021	481	2	None	27552:27627	bigDeletion
AntiguaandBarbuda/81141/2021	482	2	None	27511:27808	bigDeletion
USA/IL-S21WGS3265/2021	483	2	None	27536:27665	bigDeletion
USA/NY-Wadsworth-22018015-01/2022	484	2	None	27554:27646	bigDeletion
USA/NJ-PHEL-V21032364/2021	485	2	None	27401:27476	bigDeletion
USA/MD-CDC-MMB10532756/2021	486	2	None	27467:27499	bigDeletion
USA/WA-S13806/2021	487	2	None	27527:27790	bigDeletion
USA/WA-OHSU-213481335/2021	488	2	None	27528:27791	bigDeletion
USA/WA-S13794/2021	489	3	None	27529:27640	bigDeletion
USA/WA-S12839/2021	489	3	None	27529:27640	bigDeletion
USA/WA-S11759/2021	490	2	None	27676:27711	bigDeletion
Barbados/79864/2021	490	2	None	27676:27711	bigDeletion
USA/WA-S13292/2021	491	2	None	27649:27756	bigDeletion
USA/WA-PHL-007171/2021	492	2	None	27535:27590	bigDeletion
USA/WA-PHL-007297/2021	493	2	None	27511:27680	bigDeletion
USA/WA-PHL-007270/2021	494	2	None	27541:27762	bigDeletion
USA/WA-PHL-007866/2021	495	2	None	27544:27652	bigDeletion
USA/IN-CDC-ASC210065221/2021	496	2	None	27610:27640	bigDeletion
USA/TN-CDC-QDX32302821/2021	497	2	None	27511:27603	bigDeletion
USA/IA-SHL-2005608/2022	498	2	None	27391:27808	bigDeletion
USA/WA-S12923/2021	499	2	None	27527:27657	bigDeletion
USA/SD-SDPHL-0650/2021	500	2	None	27554:27606	bigDeletion
USA/WA-PHL-002999/2021	501	2	None	27531:27636	bigDeletion
USA/DE-DHSS-B1148330/2021	502	2	None	27527:27749	bigDeletion
USA/AL-ADPH-SampleT3/2022	502	2	None	27527:27749	bigDeletion
USA/WA-PHL-007315/2021	503	2	None	27555:27606	bigDeletion
USA/DE-DHSS-B1135730/2021	504	2	None	27577:27765	bigDeletion
USA/TN-CDC-ASC210458379/2021	505	2	None	27592:27623	bigDeletion
USA/WA-CDC-LC0304204/2021	506	2	None	27549:27597	bigDeletion
USA/AL-HGSC-JLRK/2021	507	3	None	27442:27667	bigDeletion
USA/AL-HGSC-JLRJ/2021	507	3	None	27442:27667	bigDeletion
USA/TN-ASC-210637735/2021	508	2	None	27554:27606	bigDeletion
USA/TN-VUMC-O-0335/2021	509	2	None	27737:27809	bigDeletion
USA/SC-CDC-LC0423952/2021	510	2	None	27552:27621	bigDeletion
USA/CT-SEMA4-943/2021	511	2	None	27511:27718	bigDeletion
USA/MO-UMGC-33287/2022	512	2	None	27555:27598	bigDeletion
USA/WA-OHSU-213570613/2021	513	2	None	27527:27808	bigDeletion
USA/WA-S11830/2021	514	2	None	27527:27855	bigDeletion
Australia/NSW-ICPMR-19704/2022	515	2	None	27532:27658	bigDeletion
NewZealand/21MV1426/2021	516	2	None	26847:27808	bigDeletion
deer/USA/NY-2108/2022	517	2	None	27577:27616	bigDeletion
USA/PA-CDC-IBX097581098375/2021	517	2	None	27577:27616	bigDeletion
USA/WA-PHL-008606/2021	518	3	None	27541:27642	bigDeletion
USA/WA-PHL-005740/2021	518	3	None	27541:27642	bigDeletion
Bahamas/17877-GMI/2021	518	3	None	27541:27642	bigDeletion
Bahamas/17927-GMI/2021	518	3	None	27541:27642	bigDeletion
Germany/SH-RKI-I-214959/2021	519	2	None	27544:27574	bigDeletion
Spain/VC-CVA_ALIC-105892/2022	520	2	None	27554:27624	bigDeletion
CzechRepublic/FNP1657/2021	521	2	None	27608:27713	bigDeletion
Austria/AGES-677441/2021	522	2	None	27250:27800	bigDeletion
Liechtenstein/FL-Risch-2171601300/2021	523	2	None	27511:27808	bigDeletion
Malta/MDxMDH1083/2022	524	2	None	27710:27740	bigDeletion
Ukraine/71347/2022	525	2	None	27364:27396	bigDeletion
Slovakia/run220222_RUVZ_BB-22-0535/2022	526	3	None	27527:27731	bigDeletion
Montenegro/CO-00531_MNE000_5531672102/2021	526	3	None	27527:27731	bigDeletion
Kosovo/CO-00420-XXK000_8595/2021	526	3	None	27527:27731	bigDeletion
Congo/RC-393/2021	527	2	None	26835:27808	bigDeletion
Israel/SMC-7019531/2021	528	2	None	27598:27646	bigDeletion
Germany/MV-UMG-19008303/2021	529	2	None	27561:27645	bigDeletion
USA/WA-PHL-003977/2021	530	2	None	27511:27808	bigDeletion
Slovenia/390517/2021	531	2	None	27311:27537	bigDeletion
USA/WA-PHL-007877/2021	532	2	None	27511:27808	bigDeletion
Paraguay/327468/2021	533	2	None	27614:27667	bigDeletion
USA/WA-OHSU-213491939/2021	534	2	None	27600:27636	bigDeletion
Brazil/RJ-LNN08441/2022	535	2	None	27601:27636	bigDeletion
Egypt/CPHL-21882/2022	536	3	None	27585:27789	bigDeletion
Egypt/CPHL-21812/2022	536	3	None	27585:27789	bigDeletion
Paraguay/291550/2021	537	2	None	27746:27784	bigDeletion
USA/NC-ECU-CORVASEQ-107583018/2021	538	2	None	27737:27784	bigDeletion
USA/WA-S13115/2021	539	2	None	27529:27790	bigDeletion
USA/WA-PHL-005965/2021	540	2	None	27535:27594	bigDeletion
USA/WA-PHL-003962/2021	541	2	None	27684:27790	bigDeletion
USA/WA-S13147/2021	541	2	None	27684:27790	bigDeletion
USA/WA-OHSU-213401347/2021	542	2	None	27527:27808	bigDeletion
USA/WA-OHSU-213481443/2021	543	2	None	27527:27800	bigDeletion
USA/WA-PHL-004876/2021	544	2	None	27511:27566	bigDeletion
USA/IL-S22WGS472/2022	545	2	None	27600:27636	bigDeletion
USA/WA-PHL-007871/2021	546	2	None	27531:27645	bigDeletion
USA/WA-PHL-008090/2021	547	2	None	27511:27645	bigDeletion
USA/WA-S13988/2021	548	2	None	27617:27790	bigDeletion
USA/OR-OHSU-212350699/2021	549	2	None	27527:27768	bigDeletion
USA/OR-OHSU-213502767/2021	550	2	None	27566:27638	bigDeletion
USA/WA-S14230/2021	551	2	None	27559:27790	bigDeletion
USA/WA-PHL-007488/2021	552	2	None	27511:27769	bigDeletion
USA/MO-CDC-LC0376522/2021	553	2	None	27577:27623	bigDeletion
USA/WA-OHSU-213492562/2021	554	2	None	27566:27636	bigDeletion
USA/WA-OHSU-213420798/2021	555	2	None	27534:27651	bigDeletion
USA/AL-Mobile-SL-21051260019/2021	556	3	None	27555:27741	bigDeletion
Sweden/101584215/2021	556	3	None	27555:27741	bigDeletion
Sweden/101587250/2021	556	3	None	27555:27741	bigDeletion
Seychelles/SS3581/2021	557	2	None	27511:27808	bigDeletion
USA/AK-PHL9851/2021	558	2	None	27227:27446	bigDeletion
Togo/10956/2021	559	2	None	27633:27745	bigDeletion
Togo/BL21_C13866/2021	560	2	None	27700:27749	bigDeletion
Togo/10316/2021	561	2	None	27683:27760	bigDeletion
Armenia/IMB4-14/2021	562	2	None	27511:27808	bigDeletion
USA/NC-IVY-ZZX9LKLO/2021	563	2	None	26956:27616	bigDeletion
USA/WA-S11823/2021	564	2	None	27569:27662	bigDeletion
Tunisia/47218/2021	565	2	None	27611:27671	bigDeletion
Tunisia/S-0802/2021	566	2	None	27529:27790	bigDeletion
Italy/SIC-CQRC-22015353-2022/2022	567	2	None	27683:27740	bigDeletion
Congo/FCRM-135-047-26-10-21/2021	568	2	None	27625:27808	bigDeletion
Austria/LB-R00095-S330/2022	569	2	None	27504:27694	bigDeletion
Austria/AGES-723135/2022	570	2	None	27685:27800	bigDeletion
Congo/RC-407/2021	571	2	None	27545:27808	bigDeletion
Congo/RC-387/2021	571	2	None	27545:27808	bigDeletion
Georgia/Tb-SNGS447/2021	572	2	None	27554:27624	bigDeletion
Latvia/5127/2021	573	2	None	27558:27636	bigDeletion
Armenia/IMB11-2/2021	574	2	None	27511:27808	bigDeletion
Bulgaria/22BG-NC_015678_R26/2022	575	2	None	27558:27642	bigDeletion
Kazakhstan/NU-80_4/2022	576	2	None	27518:27616	bigDeletion
Israel/CVL-13758/2021	577	2	None	27699:27753	bigDeletion
Armenia/IMB6-1/2021	577	2	None	27699:27753	bigDeletion
Denmark/DCGC-211056/2021	578	2	None	27602:27658	bigDeletion
Curacao/CW-RIVM-76909/2021	579	2	None	27585:27621	bigDeletion
USA/SC-CDC-MMB10419753/2021	580	3	None	27549:27623	bigDeletion
USA/CT-CDC-LC0154077/2021	580	3	None	27549:27623	bigDeletion
USA/NH-CDC-QDX28938886/2021	581	5	None	27550:27621	bigDeletion
USA/MA-CDCBI-CRSP_3QFST55S5IZLB3FJ/2021	581	5	None	27550:27621	bigDeletion
USA/ND-NDDH-22383/2021	581	5	None	27550:27621	bigDeletion
U.S.VirginIslands/VI-Yale-14491/2021	581	5	None	27550:27621	bigDeletion
USA/FL-BPHL-16262/2022	581	5	None	27550:27621	bigDeletion
Moldova/D0004/2022	582	3	None	27400:27474	bigDeletion
Denmark/DCGC-170443/2021	582	3	None	27400:27474	bigDeletion
Sweden/21823662P/2022	582	3	None	27400:27474	bigDeletion
USA/WA-OHSU-212800764/2021	583	2	None	27532:27668	bigDeletion
USA/WA-PHL-006131/2021	584	2	None	27402:27471	bigDeletion
USA/WA-PHL-001812/2021	585	3	None	27516:27752	bigDeletion
USA/WA-PHL-001774/2021	585	3	None	27516:27752	bigDeletion
USA/WA-PHL-006912/2021	586	2	None	27585:27640	bigDeletion
USA/WA-PHL-007448/2021	587	2	None	27583:27685	bigDeletion
USA/WA-PHL-009047/2021	588	2	None	27574:27752	bigDeletion
USA/WA-CDC-LC0189465/2021	589	2	None	27557:27849	bigDeletion
USA/WV-CDC-QDX29692044/2021	590	2	None	27579:27621	bigDeletion
USA/OH-CDC-QDX28508736/2021	590	2	None	27579:27621	bigDeletion
USA/OK-OKPHL0006813/2021	591	2	None	27405:27739	bigDeletion
USA/ND-NDDH-02494/2021	592	2	None	27511:27808	bigDeletion
USA/WA-S14652/2021	593	2	None	27578:27643	bigDeletion
USA/WA-S12691/2021	594	2	None	27527:27791	bigDeletion
Mexico/AGU-LESP-13766-S17/2022	595	2	None	27695:27737	bigDeletion
USA/MI-CDC-ASC210389307/2021	595	2	None	27695:27737	bigDeletion
USA/WA-PHL-001730/2021	596	2	None	27537:27573	bigDeletion
USA/WA-OHSU-213560650/2021	597	2	None	27528:27640	bigDeletion
USA/WA-PHL-002796/2021	597	2	None	27528:27640	bigDeletion
USA/WA-CDC-UW21102292403/2021	598	2	None	27660:27716	bigDeletion
USA/PA-CDC-ASC210578857/2022	599	2	None	27508:27578	bigDeletion
USA/WA-CDC-IBX117558566013/2021	600	2	None	27538:27571	bigDeletion
Canada/NB-CHUDGLD-010322-MM01223R/2022	601	2	None	27532:27628	bigDeletion
USA/TX-Curative-008375/2021	602	2	None	27543:27636	bigDeletion
USA/WA-PHL-001298/2021	602	2	None	27543:27636	bigDeletion
USA/WA-CDC-LC0329571/2021	603	2	None	27504:27849	bigDeletion
USA/WA-PHL-001843/2021	604	2	None	27511:27559	bigDeletion
USA/WA-PHL-005089/2021	605	2	None	27504:27694	bigDeletion
USA/OR-OHSU-212980221/2021	606	2	None	27527:27784	bigDeletion
USA/WA-S11762/2021	607	2	None	27527:27797	bigDeletion
USA/WA-PHL-007335/2021	608	2	None	27604:27635	bigDeletion
USA/WA-PHL-008193/2021	609	2	None	27548:27663	bigDeletion
USA/MS-CDC-ASC210493567/2021	610	2	None	27605:27636	bigDeletion
USA/ND-NDDH-3688/2021	611	3	None	27557:27716	bigDeletion
USA/ND-NDDH-3631/2021	611	3	None	27557:27716	bigDeletion
USA/WA-PHL-005157/2021	612	2	None	27601:27636	bigDeletion
USA/WY-WYPHL-21066532/2021	613	2	None	27511:27808	bigDeletion
USA/WA-PHL-005600/2021	614	2	None	27535:27636	bigDeletion
USA/FL-CDC-2-5629793/2022	615	2	None	27693:27741	bigDeletion
USA/WY-WYPHL-21098815/2021	616	2	None	27511:28104	bigDeletion
USA/WA-S12890/2021	617	2	None	27534:27670	bigDeletion
USA/RI-CDC-LC0402632/2021	618	2	None	27577:27623	bigDeletion
USA/WA-PHL-002738/2021	619	2	None	27527:27566	bigDeletion
USA/WA-OHSU-213483060/2021	619	2	None	27527:27566	bigDeletion
TrinidadandTobago/59819/2021	620	2	None	27511:27808	bigDeletion
USA/ND-NDDH-2825/2021	621	2	None	27511:27808	bigDeletion
USA/WA-S10135/2021	622	2	None	27715:27790	bigDeletion
USA/WI-MHDL-N601574/2021	623	2	None	27527:27790	bigDeletion
Bahrain/21922026167_S17_L001/2021	624	2	None	27527:27563	bigDeletion
USA/RI-RISHL-077913/2021	625	2	None	27579:27623	bigDeletion
USA/WI-CDC-ASC210525753/2021	625	2	None	27579:27623	bigDeletion
USA/MS-CDC-ASC210390324/2021	625	2	None	27579:27623	bigDeletion
USA/KY-GD-092821-115/2021	626	2	None	27529:27789	bigDeletion
USA/AL-SL-21072760111/2021	627	2	None	27527:27762	bigDeletion
USA/WA-S13937/2021	628	2	None	27529:27690	bigDeletion
USA/WY-WYPHL-21132149/2021	629	2	None	27511:27841	bigDeletion
USA/WA-S13574/2021	630	2	None	27610:27640	bigDeletion
USA/WA-S12593/2021	631	2	None	27593:27636	bigDeletion
USA/WA-OHSU-213483524/2021	632	3	None	27530:27771	bigDeletion
USA/WA-OHSU-213570581/2021	632	3	None	27530:27771	bigDeletion
USA/WA-CDC-UW21071953761/2021	633	2	None	27542:27638	bigDeletion
USA/TN-CDC-ASC210269749/2021	634	2	None	27530:27642	bigDeletion
USA/WA-PHL-005881/2021	635	2	None	27535:27566	bigDeletion
USA/NV-CDC-LC0475980/2022	636	2	None	27553:27626	bigDeletion
USA/TX-DSHS-20231/2022	637	4	None	27392:27752	bigDeletion
USA/WA-PHL-007627/2021	637	4	None	27392:27752	bigDeletion
USA/WA-PHL-014166/2022	637	4	None	27392:27752	bigDeletion
USA/WA-PHL-016525/2021	637	4	None	27392:27752	bigDeletion
USA/WA-PHL-016474/2022	637	4	None	27392:27752	bigDeletion
USA/WA-PHL-014457/2022	637	4	None	27392:27752	bigDeletion
USA/WA-PHL-010977/2022	637	4	None	27392:27752	bigDeletion
USA/WA-PHL-010478/2022	637	4	None	27392:27752	bigDeletion
USA/WA-PHL-007729/2021	637	4	None	27392:27752	bigDeletion
USA/WA-PHL-007753/2021	637	4	None	27392:27752	bigDeletion
USA/KY-GD-020922-213/2022	638	2	None	27579:27620	bigDeletion
USA/WA-S9543/2021	639	2	None	27573:27615	bigDeletion
USA/WA-S8632/2021	639	2	None	27573:27615	bigDeletion
USA/WA-S9020/2021	639	2	None	27573:27615	bigDeletion
USA/WA-Altius-ALTCOV-HLZQZM5FOBW2MPFT/2021	639	2	None	27573:27615	bigDeletion
USA/WA-S10293/2021	640	2	None	27559:27768	bigDeletion
USA/WA-S9165/2021	640	2	None	27559:27768	bigDeletion
USA/WA-PHL-006749/2021	641	2	None	27545:27640	bigDeletion
USA/WA-UW-21122680335/2021	642	2	None	27506:27640	bigDeletion
USA/WA-S9618/2021	643	2	None	27559:27640	bigDeletion
USA/WA-CDC-UW21102002251/2021	644	2	None	27569:27640	bigDeletion
USA/WA-S10148/2021	645	2	None	27727:27790	bigDeletion
USA/WA-S10178/2021	645	2	None	27727:27790	bigDeletion
USA/WA-S9559/2021	646	2	None	27593:27665	bigDeletion
USA/WA-S11662/2021	647	2	None	27688:27790	bigDeletion
USA/WA-S13154/2021	648	2	None	27528:27790	bigDeletion
USA/WA-PHL-003726/2021	649	2	None	27511:27808	bigDeletion
USA/WA-CDC-UW21073147399/2021	650	3	None	27599:27632	bigDeletion
USA/OR-OHSU-212890277/2021	650	3	None	27599:27632	bigDeletion
USA/WA-S9882/2021	650	3	None	27599:27632	bigDeletion
USA/WA-S11450/2021	650	3	None	27599:27632	bigDeletion
USA/WA-S10419/2021	650	3	None	27599:27632	bigDeletion
USA/OR-OHSU-212890220/2021	650	3	None	27599:27632	bigDeletion
USA/WA-CDC-UW21081962044/2021	650	3	None	27599:27632	bigDeletion
USA/WA-S10310/2021	650	3	None	27599:27632	bigDeletion
USA/WA-OHSU-15250/2021	650	3	None	27599:27632	bigDeletion
USA/WA-CDC-QDX31683294/2021	650	3	None	27599:27632	bigDeletion
USA/IN-CDC-STM-K4VXHCNXN/2021	651	2	None	27404:27741	bigDeletion
USA/WA-PHL-001263/2021	652	2	None	27511:27736	bigDeletion
USA/WA-OHSU-212810284/2021	653	2	None	27578:27768	bigDeletion
USA/WA-UW-21071660355/2021	654	2	None	27667:27746	bigDeletion
USA/WA-S10307/2021	654	2	None	27667:27746	bigDeletion
USA/WA-S10292/2021	654	2	None	27667:27746	bigDeletion
USA/WA-CDC-UW21102595555/2021	655	2	None	27527:27784	bigDeletion
USA/WA-PHL-005835/2021	656	2	None	27596:27767	bigDeletion
USA/WA-S13558/2021	657	2	None	27527:27754	bigDeletion
USA/WA-CDC-UW21102289289/2021	658	2	None	27527:27723	bigDeletion
USA/WA-PHL-007321/2021	659	2	None	27511:27808	bigDeletion
USA/WA-S13114/2021	660	2	None	27527:27791	bigDeletion
USA/WA-UW-21072342693/2021	661	2	None	27684:27784	bigDeletion
USA/WA-S10079/2021	662	2	None	27528:27790	bigDeletion
USA/WA-CDC-UW21100149404/2021	663	2	None	27633:27681	bigDeletion
USA/WA-S12821/2021	664	2	None	27527:27790	bigDeletion
USA/WA-UW-21072215714/2021	665	2	None	27739:27784	bigDeletion
USA/WA-OHSU-213482124/2021	666	2	None	27594:27626	bigDeletion
USA/WA-CDC-UW21101217067/2021	667	2	None	27528:27560	bigDeletion
USA/WA-UW-21100526401/2021	668	2	None	27529:27790	bigDeletion
USA/WA-PHL-008153/2021	669	2	None	27511:27543	bigDeletion
USA/WA-CDC-UW21102175402/2021	670	2	None	27527:27618	bigDeletion
USA/WA-CDC-UW21102067355/2021	671	2	None	27602:27718	bigDeletion
USA/WA-S12828/2021	672	2	None	27528:27790	bigDeletion
USA/WA-CDC-UW21121316761/2021	673	2	None	27628:27659	bigDeletion
USA/WA-PHL-006410/2021	674	2	None	27511:27724	bigDeletion
USA/WA-PHL-008329/2021	675	3	None	27565:27606	bigDeletion
USA/WA-PHL-009230/2021	675	3	None	27565:27606	bigDeletion
USA/WA-PHL-009019/2021	675	3	None	27565:27606	bigDeletion
USA/WA-CDC-LC0437453/2021	675	3	None	27565:27606	bigDeletion
USA/WA-PHL-008916/2021	675	3	None	27565:27606	bigDeletion
USA/WA-PHL-008145/2021	676	2	None	27511:27759	bigDeletion
USA/WA-PHL-007888/2021	677	2	None	27535:27606	bigDeletion
USA/WA-OHSU-212800825/2021	678	2	None	27554:27640	bigDeletion
USA/WA-CDC-UW21120110783/2021	679	3	None	27221:27394	bigDeletion
USA/KY-UW22010458984/2022	679	3	None	27221:27394	bigDeletion
USA/GA-EHC-4121M/2022	680	2	None	27221:27394	bigDeletion
USA/GA-GPHL-184/2022	681	2	None	27552:27598	bigDeletion
USA/VT-CDCBI-CRSP_SVPYU655F5LV624B/2021	681	2	None	27552:27598	bigDeletion
USA/TN-CDC-ASC210445997/2021	681	2	None	27552:27598	bigDeletion
Barbados/85768/2021	682	2	None	27511:27808	bigDeletion
USA/MS-UMMC-M765A2-506758/2021	683	2	None	27527:27766	bigDeletion
USA/TN-VUMC-002198/2021	684	2	None	27737:27809	bigDeletion
USA/WA-PHL-005320/2021	685	2	None	27511:27808	bigDeletion
USA/WA-PHL-005315/2021	686	2	None	27574:27664	bigDeletion
USA/WA-S13845/2021	687	2	None	27657:27789	bigDeletion
USA/CO-CDC-MMB09681511/2021	688	2	None	27701:27740	bigDeletion
USA/WA-USAFSAM-S12996/2022	689	3	None	27569:27606	bigDeletion
Argentina/INEI116531/2021	689	3	None	27569:27606	bigDeletion
Argentina/PAIS-G1160/2022	689	3	None	27569:27606	bigDeletion
Argentina/PAIS-F0520/2022	690	2	None	27427:27461	bigDeletion
USA/WA-PHL-004764/2021	691	2	None	27190:27606	bigDeletion
USA/HI-H216280/2021	692	2	None	27624:27704	bigDeletion
USA/WA-OHSU-213502669/2021	693	2	None	27487:27687	bigDeletion
Guam/GU-CDC-2-5097628/2021	694	2	None	27478:27639	bigDeletion
USA/NY-P21D10-S172/2021	695	2	None	27527:27791	bigDeletion
USA/TX-DSHS-19926/2022	696	2	None	26835:27808	bigDeletion
USA/WA-CDC-UW21111166497/2021	697	2	None	27536:27779	bigDeletion
USA/NV-CDC-LC0416201/2021	698	2	None	27555:27598	bigDeletion
USA/NC-CDC-STM-4AN3EZ3TX/2021	698	2	None	27555:27598	bigDeletion
USA/WA-PHL-008426/2021	699	2	None	27511:27808	bigDeletion
USA/MO-USAFSAM-S13760/2022	700	2	None	27552:27621	bigDeletion
USA/MN-CDC-IBX327123130169/2021	701	2	None	27538:27657	bigDeletion
Colombia/SAP-IAVH-VG-8822/2021	702	2	None	27511:27567	bigDeletion
USA/WA-S14977/2021	703	2	None	27477:27640	bigDeletion
USA/CO-CDC-MMB11142967/2021	704	2	None	27710:27740	bigDeletion
USA/WA-S12895/2021	705	2	None	27527:27626	bigDeletion
USA/WA-S12533/2021	706	2	None	27528:27578	bigDeletion
USA/VT-CDCBI-CRSP_2A7LVMO6XLWQ3QAB/2021	707	2	None	27557:27596	bigDeletion
USA/WA-PHL-005559/2021	708	2	None	27580:27631	bigDeletion
USA/WA-S13870/2021	709	2	None	27532:27565	bigDeletion
USA/VA-Curative-170446/2021	710	2	None	27700:27735	bigDeletion
USA/WA-S13952/2021	711	2	None	27528:27638	bigDeletion
PuertoRico/PR-CVL-000468/2021	712	2	None	27387:27667	bigDeletion
PuertoRico/PR-UPRRP-3568/2021	713	2	None	27533:27576	bigDeletion
USA/ME-HETL-J8802/2021	714	2	None	27722:27761	bigDeletion
Guadeloupe/IPP27426/2021	715	2	None	27693:27765	bigDeletion
USA/NM-CDC-ASC210526883/2021	716	2	None	27417:27684	bigDeletion
Chile/AI-33516/2022	717	2	None	27527:27593	bigDeletion
TrinidadandTobago/88311/2021	718	2	None	27511:27808	bigDeletion
TrinidadandTobago/75100/2021	718	2	None	27511:27808	bigDeletion
TrinidadandTobago/88396/2021	719	2	None	27511:27808	bigDeletion
USA/WA-S13209/2021	720	2	None	27527:27791	bigDeletion
DominicanRepublic/1447261/2021	721	2	None	27534:27588	bigDeletion
USA/WA-PHL-001207/2021	722	2	None	27511:27808	bigDeletion
USA/ND-NDDH-02487/2021	722	2	None	27511:27808	bigDeletion
USA/MD-MDH-4489/2021	723	2	None	27545:27736	bigDeletion
USA/NY-UB-KHL-01197/2022	724	2	None	27554:27606	bigDeletion
USA/WA-PHL-002808/2021	725	2	None	27511:27651	bigDeletion
USA/WA-S13290/2021	726	2	None	27649:27743	bigDeletion
USA/KY-GD-091421-18/2021	727	2	None	27527:27640	bigDeletion
USA/WY-WYPHL-21129251/2021	728	2	None	27511:28104	bigDeletion
USA/WA-S15160/2021	729	2	None	27716:27766	bigDeletion
USA/WA-PHL-004958/2021	729	2	None	27716:27766	bigDeletion
USA/WA-S9655/2021	730	2	None	27528:27791	bigDeletion
USA/WA-PHL-003753/2021	731	2	None	27602:27642	bigDeletion
USA/TX-CDC-STM-000720648/2021	732	2	None	27328:27399	bigDeletion
USA/WA-PHL-005189/2021	733	2	None	27511:27706	bigDeletion
USA/WA-S14124/2021	734	2	None	27529:27790	bigDeletion
USA/WA-S11842/2021	735	2	None	27528:27791	bigDeletion
USA/DE-DHSS-B1109635/2021	736	2	None	27541:27579	bigDeletion
USA/MN-CDC-IBX722682765050/2021	736	2	None	27541:27579	bigDeletion
USA/DE-DHSS-B1119671/2021	736	2	None	27541:27579	bigDeletion
USA/NC-CORVASEQ-1085-3281/2022	737	3	None	27394:27647	bigDeletion
USA/NC-CORVASEQ-1085-3664/2022	737	3	None	27394:27647	bigDeletion
USA/WA-S13145/2021	738	2	None	27570:27638	bigDeletion
USA/LA-BIE-LSUH001852/2021	738	2	None	27570:27638	bigDeletion
USA/MO-CDC-QDX32571643/2022	739	2	None	27555:27606	bigDeletion
USA/CT-Yale-11441/2021	740	2	None	27519:27808	bigDeletion
USA/WA-S9355/2021	741	2	None	27561:27593	bigDeletion
USA/WA-PHL-008088/2021	742	2	None	27511:27808	bigDeletion
USA/WA-PHL-004674/2021	743	2	None	27694:27741	bigDeletion
USA/WA-S13861/2021	744	2	None	27527:27789	bigDeletion
USA/TX-Curative-028537/2021	745	2	None	27527:27636	bigDeletion
USA/WY-WYPHL-21038205/2021	746	2	None	27527:27804	bigDeletion
USA/WY-WPHL-21036936/2021	746	2	None	27527:27804	bigDeletion
USA/WY-WPHL-21036933/2021	746	2	None	27527:27804	bigDeletion
USA/MN-CDC-IBX292505133774/2021	747	2	None	27569:27642	bigDeletion
USA/WY-WYPHL-21068668/2021	748	2	None	27511:27808	bigDeletion
USA/ID-IVREF-792137/2022	749	2	None	27544:27599	bigDeletion
USA/WA-S12952/2021	750	2	None	27527:27790	bigDeletion
USA/CA-CDC-ASC210385527/2021	751	2	None	27527:27618	bigDeletion
USA/WA-S14223/2021	751	2	None	27527:27618	bigDeletion
USA/WA-S9939/2021	752	2	None	27528:27791	bigDeletion
USA/WA-PHL-003275/2021	753	2	None	27511:27808	bigDeletion
USA/WA-PHL-001808/2021	754	2	None	27528:27591	bigDeletion
USA/WA-S12549/2021	754	2	None	27528:27591	bigDeletion
USA/WA-PHL-002679/2021	754	2	None	27528:27591	bigDeletion
USA/WA-PHL-002766/2021	755	2	None	27679:27767	bigDeletion
USA/WA-PHL-002139/2021	756	2	None	27554:27598	bigDeletion
USA/WA-PHL-005217/2021	756	2	None	27554:27598	bigDeletion
USA/WA-CDC-UW21101156251/2021	757	2	None	27527:27638	bigDeletion
USA/WA-PHL-007798/2021	758	2	None	27602:27658	bigDeletion
USA/DC-DFS-PHL-01099/2021	759	2	None	27511:27550	bigDeletion
USA/VT-CDCBI-CRSP_FQY6HWV5GS6DIJTH/2021	760	3	None	27679:27709	bigDeletion
USA/VT-CDCBI-CRSP_VMIOUYGQUUYIBW5Q/2022	760	3	None	27679:27709	bigDeletion
USA/WA-PHL-008163/2021	761	3	None	27526:27615	bigDeletion
USA/WA-PHL-008334/2021	761	3	None	27526:27615	bigDeletion
USA/WA-OHSU-213432966/2021	762	2	None	27533:27636	bigDeletion
USA/WA-OHSU-213432931/2021	762	2	None	27533:27636	bigDeletion
USA/OR-OHSU-213483096/2021	763	2	None	27530:27754	bigDeletion
USA/ME-HETL-J7986/2021	764	2	None	27511:27555	bigDeletion
USA/ND-NDDH-4481/2021	764	2	None	27511:27555	bigDeletion
USA/WA-S14112/2021	765	2	None	27611:27744	bigDeletion
USA/WA-S13294/2021	766	2	None	27667:27743	bigDeletion
USA/TX-DSHS-13485/2021	767	2	None	27349:27410	bigDeletion
USA/CO-CDPHE-2102106869/2021	768	2	None	27511:27808	bigDeletion
USA/ND-NDDH-5193/2021	769	2	None	27511:27808	bigDeletion
USA/WV-CDC-ASC210490409/2021	770	2	None	27590:27628	bigDeletion
USA/WA-PHL-007466/2021	771	2	None	27511:27749	bigDeletion
USA/MO-CDC-ASC210157672/2021	772	2	None	27556:27639	bigDeletion
USA/WA-PHL-005203/2021	773	3	None	27534:27641	bigDeletion
USA/WA-PHL-006761/2021	773	3	None	27534:27641	bigDeletion
USA/WA-PHL-002784/2021	774	2	None	27574:27637	bigDeletion
USA/WA-PHL-007139/2021	775	2	None	27542:27736	bigDeletion
USA/WA-CDC-LC0437437/2021	776	3	None	27580:27623	bigDeletion
USA/WA-PHL-009907/2021	776	3	None	27580:27623	bigDeletion
USA/WA-CDC-LC0378653/2021	776	3	None	27580:27623	bigDeletion
USA/WA-PHL-007949/2021	776	3	None	27580:27623	bigDeletion
USA/WA-PHL-006971/2021	776	3	None	27580:27623	bigDeletion
USA/WA-PHL-005922/2021	776	3	None	27580:27623	bigDeletion
DominicanRepublic/1424742/2021	777	2	None	27567:27623	bigDeletion
USA/WA-S9920/2021	778	2	None	27659:27716	bigDeletion
USA/WA-S10353/2021	778	2	None	27659:27716	bigDeletion
USA/WA-S13260/2021	779	2	None	27527:27791	bigDeletion
USA/WA-S11534/2021	780	2	None	27502:27672	bigDeletion
USA/WA-S12404/2021	780	2	None	27502:27672	bigDeletion
USA/WA-S10769/2021	780	2	None	27502:27672	bigDeletion
USA/WA-S12369/2021	780	2	None	27502:27672	bigDeletion
USA/WA-S12409/2021	780	2	None	27502:27672	bigDeletion
USA/WA-S10783/2021	780	2	None	27502:27672	bigDeletion
USA/WA-S11654/2021	780	2	None	27502:27672	bigDeletion
USA/MO-CDC-LC0212929/2021	780	2	None	27502:27672	bigDeletion
USA/WA-PHL-001151/2021	780	2	None	27502:27672	bigDeletion
USA/VA-DCLS-11775/2021	780	2	None	27502:27672	bigDeletion
USA/WA-OHSU-213550634/2021	781	2	None	27527:27761	bigDeletion
USA/WV-WVU-WV094558/2022	782	2	None	27607:27697	bigDeletion
USA/WA-S10177/2021	783	2	None	27527:27785	bigDeletion
USA/WA-PHL-005446/2021	784	2	None	27511:27773	bigDeletion
USA/NV-CDC-IBX143938019081/2021	785	2	None	27554:27624	bigDeletion
USA/WA-OHSU-213483547/2021	786	2	None	27532:27808	bigDeletion
USA/WA-PHL-007594/2021	787	2	None	27548:27658	bigDeletion
USA/WA-PHL-007913/2021	787	2	None	27548:27658	bigDeletion
USA/WA-OHSU-213551043/2021	788	2	None	27532:27808	bigDeletion
USA/WA-UW-21120327885/2021	789	2	None	27544:27790	bigDeletion
USA/WA-S10114/2021	790	2	None	27528:27790	bigDeletion
USA/WA-PHL-004057/2021	791	2	None	27511:27650	bigDeletion
USA/WA-PHL-008041/2021	792	2	None	27511:27808	bigDeletion
USA/WA-S15100/2021	793	2	None	27487:27732	bigDeletion
USA/WA-PHL-007950/2021	794	2	None	27535:27565	bigDeletion
USA/KY-CDC-ASC210200635/2021	795	2	None	27516:27640	bigDeletion
USA/ME-CDC-ASC210570489/2021	796	2	None	27554:27628	bigDeletion
USA/WY-WYPHL-21095061/2021	797	2	None	27674:27784	bigDeletion
USA/WA-PHL-001683/2021	798	2	None	27601:27636	bigDeletion
USA/WA-PHL-002503/2021	799	2	None	27511:27710	bigDeletion
USA/WA-S9835/2021	800	2	None	27528:27791	bigDeletion
USA/CT-Yale-11826/2021	801	2	None	27600:27636	bigDeletion
USA/WA-OHSU-212140469/2021	802	2	None	27532:27791	bigDeletion
USA/AL-ADPH-ADPH_1272/2022	803	2	None	27527:27791	bigDeletion
USA/WA-PHL-004862/2021	804	2	None	27542:27582	bigDeletion
USA/WA-S13534/2021	804	2	None	27542:27582	bigDeletion
USA/OK-OKPHL0015039/2022	805	2	None	27594:27640	bigDeletion
USA/WA-S14236/2021	806	2	None	27727:27791	bigDeletion
USA/WA-OHSU-213540692/2021	807	2	None	27523:27808	bigDeletion
USA/WA-OHSU-213560520/2021	808	2	None	27527:27645	bigDeletion
USA/WA-OHSU-212800784/2021	809	2	None	27527:27808	bigDeletion
USA/WA-OHSU-213571215/2021	810	2	None	27693:27749	bigDeletion
USA/WA-S13332/2021	811	2	None	27549:27654	bigDeletion
USA/WA-PHL-007007/2021	812	2	None	27585:27636	bigDeletion
USA/WA-PHL-006358/2021	812	2	None	27585:27636	bigDeletion
USA/FL-CDC-ASC210249219/2021	813	2	None	27592:27634	bigDeletion
USA/WA-S13399/2021	814	2	None	27527:27708	bigDeletion
USA/NY-P27H1/2021	815	2	None	27549:27788	bigDeletion
USA/WA-PHL-004260/2021	816	5	None	27524:27560	bigDeletion
USA/WA-PHL-003406/2021	816	5	None	27524:27560	bigDeletion
USA/WA-S12432/2021	816	5	None	27524:27560	bigDeletion
USA/WA-PHL-002248/2021	816	5	None	27524:27560	bigDeletion
USA/WA-CDC-UW21100242689/2021	816	5	None	27524:27560	bigDeletion
USA/WA-CDC-LC0276399/2021	816	5	None	27524:27560	bigDeletion
USA/WA-PHL-005445/2021	817	2	None	27581:27649	bigDeletion
USA/WA-PHL-002618/2021	818	2	None	27725:27760	bigDeletion
USA/WA-PHL-005484/2021	819	2	None	27580:27627	bigDeletion
USA/WA-OHSU-213150475/2021	820	2	None	27617:27663	bigDeletion
USA/WA-PHL-001455/2021	821	3	None	27554:27632	bigDeletion
USA/WA-PHL-001479/2021	821	3	None	27554:27632	bigDeletion
Paraguay/317296/2021	822	2	None	27658:27784	bigDeletion
USA/WA-UW-21082453302/2021	823	2	None	27391:27666	bigDeletion
USA/WA-S13839/2021	824	2	None	27528:27677	bigDeletion
USA/CT-Yale-10548/2021	825	2	None	27511:27808	bigDeletion
USA/WA-S10331/2021	826	2	None	27694:27768	bigDeletion
USA/WA-PHL-002146/2021	826	2	None	27694:27768	bigDeletion
USA/WA-PHL-007219/2021	827	2	None	27548:27874	bigDeletion
USA/MS-MSPHL-0550/2021	828	2	None	27528:27641	bigDeletion
USA/RI-CDC-ASC210479346/2021	829	2	None	27592:27655	bigDeletion
USA/WA-CDC-UW21120983403/2021	830	2	None	27527:27640	bigDeletion
USA/WA-OHSU-213540548/2021	831	2	None	27610:27696	bigDeletion
USA/WA-OHSU-213570754/2021	832	2	None	27529:27658	bigDeletion
USA/WA-OHSU-213481524/2021	833	2	None	27527:27791	bigDeletion
USA/WA-S9511/2021	834	2	None	27689:27742	bigDeletion
USA/LA-BIE-LSUH001619/2021	834	2	None	27689:27742	bigDeletion
USA/ND-NDDH-7124/2021	835	2	None	27511:27808	bigDeletion
USA/MT-FYR-1055/2021	835	2	None	27511:27808	bigDeletion
USA/WA-OHSU-212810268/2021	836	2	None	27527:27789	bigDeletion
USA/WA-PHL-006945/2021	837	2	None	27601:27635	bigDeletion
USA/WA-PHL-007960/2021	838	2	None	27552:27629	bigDeletion
USA/WA-S15813/2021	838	2	None	27552:27629	bigDeletion
USA/WA-S17163/2022	838	2	None	27552:27629	bigDeletion
USA/WA-OHSU-213502506/2021	839	2	None	27527:27761	bigDeletion
USA/WA-CDC-LC0340581/2021	840	2	None	27579:27624	bigDeletion
USA/WA-PHL-008051/2021	841	2	None	27535:27760	bigDeletion
USA/WA-PHL-001506/2021	842	2	None	27535:27573	bigDeletion
USA/WA-PHL-001382/2021	842	2	None	27535:27573	bigDeletion
USA/WA-S13293/2021	843	2	None	27573:27727	bigDeletion
USA/WA-PHL-004716/2021	844	2	None	27511:27655	bigDeletion
USA/WA-S13164/2021	845	2	None	27528:27790	bigDeletion
USA/WA-PHL-004521/2021	846	2	None	27598:27636	bigDeletion
USA/WA-S9803/2021	847	2	None	27528:27626	bigDeletion
USA/WA-PHL-004783/2021	848	2	None	27594:27649	bigDeletion
USA/WA-S10200/2021	849	2	None	27592:27636	bigDeletion
USA/WA-S10243/2021	849	2	None	27592:27636	bigDeletion
USA/ME-HETL-J7783/2021	850	2	None	27511:27768	bigDeletion
USA/WA-S10108/2021	851	2	None	27561:27592	bigDeletion
USA/WI-MHDL-N594863/2021	852	2	None	27527:27791	bigDeletion
USA/OR-OHSU-212810482/2021	853	2	None	27527:27677	bigDeletion
USA/WI-MHDL-202110110003/2021	854	2	None	27530:27642	bigDeletion
TrinidadandTobago/63604/2021	855	2	None	27511:27808	bigDeletion
USA/WI-MHDL-2021120307/2021	856	2	None	27527:27601	bigDeletion
USA/WA-PHL-008394/2021	857	2	None	27585:27685	bigDeletion
USA/WA-OHSU-213571198/2021	858	2	None	27566:27762	bigDeletion
USA/WA-PHL-001848/2021	859	2	None	27511:27573	bigDeletion
USA/SC-MUSC-04591/2021	860	2	None	27557:27631	bigDeletion
USA/TX-DSHS-12969/2021	861	2	None	26835:27430	bigDeletion
USA/WA-OHSU-212810578/2021	862	2	None	27544:27789	bigDeletion
USA/NH-CDC-ASC210096899/2021	863	2	None	27585:27690	bigDeletion
USA/NC-CORVASEQ-UNC-5142/2022	863	2	None	27585:27690	bigDeletion
USA/WA-PHL-008440/2021	864	2	None	27511:27718	bigDeletion
USA/WA-OHSU-213491109/2021	865	2	None	27566:27640	bigDeletion
USA/WA-OHSU-213492237/2021	866	2	None	27528:27771	bigDeletion
USA/WA-PHL-006362/2021	867	2	None	27559:27639	bigDeletion
USA/WA-OHSU-213570790/2021	868	2	None	27554:27624	bigDeletion
USA/WA-OHSU-213571235/2021	869	2	None	27530:27771	bigDeletion
USA/WA-OHSU-213570767/2021	870	2	None	27534:27641	bigDeletion
USA/WA-PHL-004802/2021	871	2	None	27535:27640	bigDeletion
USA/WA-PHL-003464/2021	872	2	None	27511:27559	bigDeletion
USA/WA-PHL-008524/2021	873	2	None	27569:27651	bigDeletion
USA/WA-PHL-009287/2021	874	2	None	27618:27715	bigDeletion
USA/WA-S13261/2021	875	2	None	27561:27601	bigDeletion
USA/WA-PHL-008626/2021	876	2	None	27609:27649	bigDeletion
USA/WA-OHSU-213540395/2021	877	2	None	27527:27803	bigDeletion
USA/WA-S13573/2021	878	2	None	27527:27935	bigDeletion
USA/WA-PHL-004765/2021	879	2	None	27388:27639	bigDeletion
USA/WA-PHL-005391/2021	880	2	None	27511:27808	bigDeletion
USA/WA-UW-21090616775/2021	881	4	None	27527:27919	bigDeletion
USA/WA-S13597/2021	881	4	None	27527:27919	bigDeletion
USA/WA-CDC-UW21082848907/2021	881	4	None	27527:27919	bigDeletion
USA/WA-S13588/2021	881	4	None	27527:27919	bigDeletion
USA/WA-S12373/2021	882	2	None	27529:27815	bigDeletion
USA/WA-PHL-003928/2021	883	2	None	27511:27564	bigDeletion
USA/WA-S13338/2021	884	2	None	27591:27716	bigDeletion
env/USA/CA-SEARCH-73079/2022	885	2	None	27216:27399	bigDeletion
USA/UT-CDC-ASC210125286/2021	886	2	None	27592:27623	bigDeletion
USA/CO-CDC-MMB08879602/2021	886	2	None	27592:27623	bigDeletion
USA/SC-DHEC-2437/2021	886	2	None	27592:27623	bigDeletion
USA/WA-OHSU-212360244/2021	886	2	None	27592:27623	bigDeletion
USA/WA-S10429/2021	886	2	None	27592:27623	bigDeletion
USA/WA-PHL-002469/2021	887	2	None	27294:28250	bigDeletion
USA/WA-S9676/2021	888	2	None	27527:27718	bigDeletion
USA/WA-OHSU-14086/2021	889	3	None	27696:27741	bigDeletion
USA/WA-S14094/2021	889	3	None	27696:27741	bigDeletion
USA/WA-PHL-002210/2021	890	2	None	27554:27646	bigDeletion
USA/UT-UPHL-210710522770-6-28/2021	891	2	None	27592:27664	bigDeletion
USA/WA-PHL-005422/2021	892	2	None	27676:27737	bigDeletion
USA/WA-PHL-006821/2021	893	2	None	27601:27710	bigDeletion
USA/WA-S11298/2021	894	2	None	27579:27623	bigDeletion
USA/WA-S13212/2021	894	2	None	27579:27623	bigDeletion
USA/ND-NDDH-02501/2021	895	2	None	27511:27808	bigDeletion
USA/PA-CDC-IBX467755183344/2021	896	2	None	27538:27650	bigDeletion
USA/MI-CDC-ASC210102409/2021	897	2	None	27498:27651	bigDeletion
USA/UT-UPHL-211009659440/2021	898	2	None	27642:27699	bigDeletion
USA/WA-S9840/2021	899	2	None	27529:27789	bigDeletion
USA/WA-PHL-001976/2021	900	2	None	27511:27736	bigDeletion
USA/WA-S14119/2021	901	2	None	27561:27725	bigDeletion
USA/WA-PHL-001563/2021	902	2	None	27511:27808	bigDeletion
USA/WA-OHSU-212350297/2021	903	3	None	27527:27768	bigDeletion
USA/WA-OHSU-212360787/2021	903	3	None	27527:27768	bigDeletion
USA/ND-NDDH-4645/2021	904	2	None	27511:27808	bigDeletion
USA/WA-PHL-001565/2021	905	2	None	27511:27611	bigDeletion
USA/WA-PHL-002092/2021	906	2	None	27527:27565	bigDeletion
USA/WA-S12418/2021	906	2	None	27527:27565	bigDeletion
USA/WA-S12656/2021	906	2	None	27527:27565	bigDeletion
USA/WA-PHL-002816/2021	907	2	None	27574:27636	bigDeletion
USA/WA-PHL-002556/2021	907	2	None	27574:27636	bigDeletion
USA/UT-UPHL-210723018858/2021	908	2	None	27534:27566	bigDeletion
USA/WA-PHL-007793/2021	909	2	None	27552:27623	bigDeletion
USA/WA-S11733/2021	910	2	None	27573:27727	bigDeletion
USA/WA-CDC-UW21121029754/2021	911	2	None	27569:27716	bigDeletion
USA/WA-PHL-003966/2021	912	2	None	27601:27640	bigDeletion
USA/WA-S13474/2021	913	2	None	27659:27716	bigDeletion
USA/WA-CDC-UW21092181238/2021	914	3	None	27573:27624	bigDeletion
USA/WA-S13437/2021	914	3	None	27573:27624	bigDeletion
USA/WA-PHL-003013/2021	915	2	None	27649:27710	bigDeletion
USA/WA-PHL-003014/2021	915	2	None	27649:27710	bigDeletion
USA/WA-PHL-003094/2021	916	2	None	27511:27808	bigDeletion
USA/WA-S13148/2021	917	2	None	27570:27615	bigDeletion
USA/WA-PHL-003012/2021	917	2	None	27570:27615	bigDeletion
USA/WA-OHSU-212310052/2021	918	2	None	27528:27664	bigDeletion
USA/WA-PHL-003957/2021	919	2	None	27535:27566	bigDeletion
USA/WA-S14082/2021	919	2	None	27535:27566	bigDeletion
USA/WA-PHL-003011/2021	919	2	None	27535:27566	bigDeletion
USA/WA-PHL-002692/2021	920	2	None	27511:27808	bigDeletion
USA/WA-S13103/2021	921	2	None	27527:27711	bigDeletion
USA/WA-S13596/2021	922	2	None	27554:27606	bigDeletion
USA/WA-S14127/2021	923	2	None	27527:27790	bigDeletion
USA/WA-S13277/2021	924	2	None	27527:27791	bigDeletion
USA/WA-S13285/2021	925	2	None	27527:27791	bigDeletion
USA/WA-PHL-002586/2021	926	2	None	27511:27564	bigDeletion
USA/WA-PHL-007303/2021	927	2	None	27531:27573	bigDeletion
USA/ID-UNM-IBL720781/2021	928	2	None	27676:27808	bigDeletion
USA/WA-S14129/2021	929	2	None	27601:27638	bigDeletion
USA/WA-S12814/2021	930	2	None	27575:27636	bigDeletion
USA/WA-S12252/2021	930	2	None	27575:27636	bigDeletion
USA/WA-PHL-003287/2021	931	2	None	27511:27566	bigDeletion
USA/WA-PHL-002335/2021	932	2	None	27535:27711	bigDeletion
USA/WA-PHL-005554/2021	932	2	None	27535:27711	bigDeletion
USA/WA-S13887/2021	933	2	None	27737:27789	bigDeletion
USA/WA-S13314/2021	934	2	None	27529:27743	bigDeletion
USA/WA-S13269/2021	935	3	None	27568:27790	bigDeletion
USA/WA-S13263/2021	935	3	None	27568:27790	bigDeletion
USA/WA-S14084/2021	936	2	None	27560:27790	bigDeletion
USA/WA-S11605/2021	937	2	None	27593:27631	bigDeletion
USA/WA-UW-21053026883/2021	938	2	None	27591:27690	bigDeletion
USA/WA-OHSU-212810527/2021	938	2	None	27591:27690	bigDeletion
USA/WA-S13160/2021	938	2	None	27591:27690	bigDeletion
USA/WA-PHL-005222/2021	938	2	None	27591:27690	bigDeletion
USA/WA-S9697/2021	938	2	None	27591:27690	bigDeletion
USA/IL-CDC-ASC210181238/2021	938	2	None	27591:27690	bigDeletion
USA/WA-PHL-005205/2021	939	2	None	27511:27808	bigDeletion
USA/WA-S14147/2021	940	2	None	27568:27791	bigDeletion
USA/WA-S12805/2021	941	2	None	27585:27781	bigDeletion
USA/WA-S14140/2021	942	2	None	27527:27790	bigDeletion
USA/WA-S9773/2021	943	3	None	27592:27658	bigDeletion
USA/WA-S10124/2021	943	3	None	27592:27658	bigDeletion
USA/WA-S11343/2021	944	2	None	27527:27792	bigDeletion
USA/WA-S13142/2021	945	2	None	27528:27789	bigDeletion
USA/WA-S12955/2021	945	2	None	27528:27789	bigDeletion
USA/WA-S13153/2021	946	2	None	27529:27790	bigDeletion
USA/WA-PHL-001205/2021	947	2	None	27541:27571	bigDeletion
USA/WA-OHSU-212350523/2021	947	2	None	27541:27571	bigDeletion
USA/WA-S14431/2021	948	2	None	27555:27621	bigDeletion
USA/WA-PHL-003968/2021	949	2	None	27541:27766	bigDeletion
USA/WA-PHL-004119/2021	950	2	None	27511:27636	bigDeletion
USA/WA-PHL-003446/2021	950	2	None	27511:27636	bigDeletion
USA/WA-PHL-004931/2021	951	2	None	27559:27636	bigDeletion
USA/WA-OHSU-212800850/2021	951	2	None	27559:27636	bigDeletion
USA/WA-OHSU-212350545/2021	951	2	None	27559:27636	bigDeletion
USA/WA-OHSU-212360763/2021	951	2	None	27559:27636	bigDeletion
USA/WA-OHSU-212810423/2021	952	2	None	27527:27768	bigDeletion
USA/WA-PHL-001318/2021	953	2	None	27511:27808	bigDeletion
USA/WA-S13815/2021	954	2	None	27528:27791	bigDeletion
USA/WA-PHL-003837/2021	955	2	None	27663:27706	bigDeletion
USA/WA-PHL-002011/2021	955	2	None	27663:27706	bigDeletion
USA/WA-PHL-005224/2021	956	2	None	27511:27766	bigDeletion
USA/WA-PHL-004761/2021	957	2	None	27535:27573	bigDeletion
USA/WA-PHL-004763/2021	957	2	None	27535:27573	bigDeletion
USA/WA-PHL-005867/2021	957	2	None	27535:27573	bigDeletion
USA/WA-PHL-005576/2021	957	2	None	27535:27573	bigDeletion
USA/KS-CDC-ASC210246165/2021	958	2	None	27599:27630	bigDeletion
USA/ND-NDDH-7656/2021	959	2	None	27585:27712	bigDeletion
USA/WA-PHL-008368/2021	960	2	None	27528:27751	bigDeletion
USA/NV-NSPHL-22-00034903/2022	961	2	None	26835:27808	bigDeletion
USA/WA-PHL-007439/2021	962	2	None	27511:27808	bigDeletion
USA/OK-OKPHLCOV0000089/2021	963	2	None	27526:27589	bigDeletion
USA/LA-CDC-ASC210240309/2021	964	2	None	27587:27636	bigDeletion
USA/OR-UW-21102480393/2021	965	2	None	27565:27614	bigDeletion
USA/WA-PHL-007291/2021	966	3	None	27548:27580	bigDeletion
USA/WA-PHL-008092/2021	966	3	None	27548:27580	bigDeletion
USA/WA-S9960/2021	967	3	None	27535:27636	bigDeletion
USA/WA-OHSU-213502655/2021	967	3	None	27535:27636	bigDeletion
USA/WA-PHL-004481/2021	967	3	None	27535:27636	bigDeletion
USA/WA-PHL-004531/2021	967	3	None	27535:27636	bigDeletion
USA/WA-S14191/2021	968	2	None	27635:27716	bigDeletion
USA/WA-S13788/2021	968	2	None	27635:27716	bigDeletion
USA/WA-S12684/2021	969	2	None	27527:27790	bigDeletion
USA/WA-PHL-001810/2021	970	2	None	27511:27808	bigDeletion
USA/WA-S10699/2021	971	2	None	27527:27823	bigDeletion
USA/WA-PHL-001446/2021	972	2	None	27610:27808	bigDeletion
USA/WA-PHL-004563/2021	973	2	None	27511:27664	bigDeletion
USA/WA-S12946/2021	974	2	None	27527:27791	bigDeletion
USA/WA-OHSU-213560668/2021	975	2	None	27570:27723	bigDeletion
USA/WA-S12943/2021	975	2	None	27570:27723	bigDeletion
USA/WA-PHL-005526/2021	976	2	None	27535:27575	bigDeletion
USA/WA-S10259/2021	977	2	None	27569:27638	bigDeletion
USA/WA-S13331/2021	978	3	None	27534:27790	bigDeletion
USA/WA-PHL-005181/2021	978	3	None	27534:27790	bigDeletion
USA/WA-S12382/2021	979	2	None	27575:27708	bigDeletion
USA/WA-PHL-007119/2021	980	3	None	27579:27623	bigDeletion
USA/WA-CDC-LC0394939/2021	980	3	None	27579:27623	bigDeletion
USA/WA-PHL-005192/2021	981	2	None	27511:27675	bigDeletion
USA/WA-PHL-007419/2021	982	2	None	27528:27793	bigDeletion
USA/WA-PHL-004123/2021	983	2	None	27511:27808	bigDeletion
USA/WA-PHL-005367/2021	984	2	None	27511:27769	bigDeletion
USA/WA-S13323/2021	985	2	None	27750:27790	bigDeletion
USA/WA-PHL-007953/2021	986	2	None	27511:27636	bigDeletion
USA/WA-PHL-006272/2021	987	2	None	27383:27546	bigDeletion
USA/WA-PHL-006242/2021	987	2	None	27383:27546	bigDeletion
USA/WA-PHL-001204/2021	988	2	None	27679:27750	bigDeletion
USA/WA-CDC-LC0323802/2021	989	2	None	27479:27639	bigDeletion
USA/WA-S13868/2021	990	2	None	27528:27790	bigDeletion
USA/WA-PHL-003828/2021	991	2	None	27535:27626	bigDeletion
USA/WA-PHL-004627/2021	992	2	None	27595:27640	bigDeletion
USA/WA-S11809/2021	993	2	None	27746:27790	bigDeletion
USA/WA-OHSU-213560647/2021	994	2	None	27523:27806	bigDeletion
USA/WA-S12752/2021	995	2	None	27555:27723	bigDeletion
USA/WA-PHL-006956/2021	996	2	None	27682:27736	bigDeletion
USA/WA-PHL-004828/2021	997	2	None	27575:27608	bigDeletion
USA/WA-PHL-004827/2021	997	2	None	27575:27608	bigDeletion
USA/WA-PHL-004755/2021	997	2	None	27575:27608	bigDeletion
USA/WA-PHL-004824/2021	998	2	None	27602:27636	bigDeletion
USA/WA-PHL-005848/2021	999	2	None	27529:27593	bigDeletion
USA/WA-PHL-005874/2021	1000	2	None	27511:27808	bigDeletion
USA/OK-OKPHL0004547/2021	1001	2	None	27544:27587	bigDeletion
USA/WA-S10521/2021	1002	2	None	27534:27587	bigDeletion
USA/WA-CDC-UW21062124216/2021	1002	2	None	27534:27587	bigDeletion
USA/WA-S10327/2021	1002	2	None	27534:27587	bigDeletion
USA/WA-S13125/2021	1002	2	None	27534:27587	bigDeletion
USA/ND-NDDH-3362/2021	1002	2	None	27534:27587	bigDeletion
USA/WA-S13241/2021	1002	2	None	27534:27587	bigDeletion
USA/RI-RISHL-124484/2021	1003	2	None	27527:27791	bigDeletion
USA/OK-OKPHLCOV0011683/2022	1004	2	None	27520:27793	bigDeletion
USA/WA-PHL-002519/2021	1005	2	None	27511:27636	bigDeletion
USA/WA-S9988/2021	1006	2	None	27570:27760	bigDeletion
USA/WA-S12539/2021	1007	2	None	27596:27626	bigDeletion
USA/AL-ADPH-SampleT7/2022	1008	2	None	27529:27636	bigDeletion
USA/NM-Curative-147607/2021	1009	2	None	27221:27394	bigDeletion
USA/WA-OHSU-213570729/2021	1010	2	None	27527:27808	bigDeletion
USA/WA-S12016/2021	1011	2	None	27527:27790	bigDeletion
USA/WA-S15113/2021	1012	2	None	27527:27638	bigDeletion
USA/WA-PHL-004864/2021	1013	2	None	27601:27706	bigDeletion
USA/VT-CDCBI-CRSP_NL4IHCROBWUYNJKA/2021	1014	2	None	27647:27833	bigDeletion
USA/VT-CDCBI-CRSP_LLXFKNJNY5VMKDDI/2021	1015	2	None	27647:27859	bigDeletion
USA/WA-OHSU-213571214/2021	1016	2	None	27527:27808	bigDeletion
USA/NV-SNPHL-488359/2021	1017	2	None	27508:27591	bigDeletion
USA/NV-NSPHL-22-00009190/2022	1018	2	None	26835:27808	bigDeletion
USA/WA-OHSU-213570761/2021	1019	3	None	27554:27636	bigDeletion
USA/WA-OHSU-213570778/2021	1019	3	None	27554:27636	bigDeletion
USA/WA-S11737/2021	1020	2	None	27552:27636	bigDeletion
USA/WA-S13067/2021	1021	2	None	27527:27790	bigDeletion
USA/MS-SRL_330407767/2022	1022	2	None	27673:27778	bigDeletion
USA/WA-S10923/2021	1023	2	None	27654:27715	bigDeletion
USA/WA-PHL-006972/2021	1024	2	None	27495:27554	bigDeletion
USA/WA-PHL-008097/2021	1025	2	None	27511:27604	bigDeletion
USA/WA-PHL-004677/2021	1026	2	None	27511:27808	bigDeletion
USA/WA-PHL-005383/2021	1027	2	None	27511:27636	bigDeletion
USA/WA-S13860/2021	1028	2	None	27527:27790	bigDeletion
USA/WA-S13874/2021	1029	2	None	27527:27723	bigDeletion
USA/WA-S13303/2021	1030	2	None	27667:27716	bigDeletion
USA/WA-PHL-006503/2021	1031	2	None	27511:27686	bigDeletion
USA/WA-S12236/2021	1032	2	None	27527:27653	bigDeletion
USA/WA-S13853/2021	1033	2	None	27717:27762	bigDeletion
USA/WA-PHL-005838/2021	1034	2	None	27670:27706	bigDeletion
USA/WA-PHL-006441/2021	1035	2	None	27511:27709	bigDeletion
USA/WA-S12927/2021	1036	2	None	27563:27626	bigDeletion
USA/WA-PHL-003436/2021	1037	2	None	27592:27624	bigDeletion
USA/WA-PHL-006205/2021	1038	2	None	27511:27760	bigDeletion
USA/WA-PHL-005277/2021	1039	2	None	27511:27808	bigDeletion
USA/WA-PHL-007957/2021	1040	2	None	27511:27808	bigDeletion
USA/WA-PHL-008081/2021	1041	2	None	27531:27592	bigDeletion
USA/WA-PHL-004839/2021	1042	2	None	27717:27750	bigDeletion
USA/WA-PHL-004844/2021	1042	2	None	27717:27750	bigDeletion
USA/WA-PHL-004842/2021	1042	2	None	27717:27750	bigDeletion
USA/WA-PHL-005416/2021	1042	2	None	27717:27750	bigDeletion
USA/WA-PHL-008144/2021	1043	2	None	27649:27728	bigDeletion
USA/WA-PHL-007284/2021	1044	2	None	27511:27808	bigDeletion
USA/DC-DFS-PHL-02573/2021	1045	2	None	27598:27735	bigDeletion
USA/CO-CDC-MMB11532916/2021	1046	2	None	27546:27594	bigDeletion
USA/WA-PHL-005404/2021	1047	2	None	27511:27808	bigDeletion
USA/WA-PHL-007593/2021	1048	2	None	27525:27636	bigDeletion
USA/WA-PHL-007911/2021	1049	2	None	27511:27808	bigDeletion
USA/WA-PHL-003439/2021	1050	2	None	27554:27606	bigDeletion
USA/WI-WSLH-2203535/2022	1050	2	None	27554:27606	bigDeletion
USA/WA-PHL-004666/2021	1051	2	None	27511:27636	bigDeletion
USA/DE-DHSS-B1123723/2021	1052	2	None	27511:27808	bigDeletion
USA/WA-S18651/2021	1053	2	None	27585:27706	bigDeletion
